{"type":"FeatureCollection", "features": [
{"type":"Feature","geometry":{"type":"MultiPolygon","coordinates":[[[[72.6579,21.4707],[72.6524,21.4621],[72.6457,21.4346],[72.6693,21.4471],[72.6868,21.446],[72.6807,21.4346],[72.6629,21.4254],[72.6462,21.4018],[72.6254,21.3815],[72.6221,21.3454],[72.5932,21.3121],[72.589,21.2979],[72.5888,21.2787],[72.5985,21.2696],[72.5971,21.2501],[72.611,21.229],[72.6226,21.2321],[72.6179,21.1879],[72.6199,21.1824],[72.621,21.1429],[72.6251,21.1382],[72.6235,21.1146],[72.6263,21.0899],[72.636,21.0802],[72.6515,21.0768],[72.659,21.0879],[72.6565,21.0993],[72.6607,21.1079],[72.6582,21.1235],[72.6651,21.1535],[72.6813,21.1585],[72.6921,21.1554],[72.716,21.1407],[72.7065,21.1274],[72.7054,21.1074],[72.7001,21.101],[72.7038,21.0777],[72.6939,21.0656],[72.6998,21.0608],[72.7287,21.0662],[72.7462,21.06],[72.7551,21.0519],[72.7262,21.0526],[72.7227,21.0338],[72.7284,21.0065],[72.7348,20.9952],[72.7375,20.974],[72.7561,20.9306],[72.7638,20.9205],[72.7731,20.9197],[72.7742,20.936],[72.807,20.9535],[72.8248,20.9499],[72.802,20.9356],[72.7841,20.932],[72.7829,20.8998],[72.7886,20.8839],[72.8046,20.8547],[72.8174,20.8192],[72.8183,20.8031],[72.8261,20.7801],[72.8376,20.7607],[72.8356,20.7494],[72.8437,20.7367],[72.8499,20.7098],[72.8599,20.6872],[72.8827,20.6102],[72.8858,20.5715],[72.8842,20.5622],[72.8733,20.5476],[72.8707,20.5356],[72.873,20.5064],[72.8467,20.4772],[72.8256,20.4507],[72.8195,20.4304],[72.8228,20.4127],[72.815,20.409],[72.8042,20.3769],[72.7765,20.3577],[72.7589,20.3311],[72.7608,20.3173],[72.7519,20.2939],[72.7495,20.2732],[72.7378,20.2462],[72.7425,20.2292],[72.7456,20.2021],[72.7375,20.1902],[72.7354,20.1574],[72.7299,20.1412],[72.7272,20.1216],[72.7208,20.1028],[72.7096,20.0925],[72.7042,20.081],[72.704,20.0643],[72.7111,20.047],[72.7249,20.0363],[72.7149,20.0164],[72.7201,19.9995],[72.7195,19.979],[72.7406,19.973],[72.76,19.9815],[72.7676,19.967],[72.7657,19.9503],[72.7705,19.9389],[72.7623,19.9297],[72.7726,19.8973],[72.7625,19.8944],[72.7496,19.9124],[72.7348,19.9097],[72.7201,19.9426],[72.7239,19.9515],[72.7112,19.9544],[72.708,19.9684],[72.6991,19.9619],[72.6843,19.9604],[72.6817,19.9514],[72.6689,19.9426],[72.6552,19.945],[72.6508,19.9363],[72.6633,19.9178],[72.6658,19.9001],[72.6713,19.8893],[72.6728,19.8733],[72.667,19.8637],[72.6559,19.8605],[72.6451,19.8634],[72.6444,19.839],[72.655,19.8121],[72.6651,19.8217],[72.6801,19.8049],[72.687,19.8113],[72.6994,19.81],[72.7197,19.8219],[72.7224,19.8134],[72.7135,19.8017],[72.6857,19.7927],[72.6868,19.7736],[72.6709,19.7619],[72.6712,19.7514],[72.6777,19.746],[72.6761,19.714],[72.6955,19.7169],[72.7056,19.7073],[72.7142,19.6867],[72.6978,19.68],[72.6949,19.6569],[72.705,19.6304],[72.7203,19.6192],[72.7212,19.6021],[72.714,19.5901],[72.7096,19.5531],[72.7154,19.5346],[72.728,19.5201],[72.7303,19.5001],[72.7487,19.4859],[72.7458,19.464],[72.7532,19.4324],[72.7587,19.3891],[72.7576,19.3737],[72.79,19.3372],[72.8001,19.3303],[72.7939,19.3041],[72.7844,19.2999],[72.7813,19.2677],[72.782,19.2368],[72.779,19.2161],[72.7842,19.1946],[72.7942,19.1906],[72.7917,19.1685],[72.781,19.1603],[72.7869,19.1483],[72.7836,19.1252],[72.7952,19.1246],[72.7998,19.1375],[72.8177,19.1225],[72.822,19.1097],[72.8218,19.0752],[72.8169,19.0644],[72.8161,19.0388],[72.8202,19.0187],[72.8133,19.0144],[72.8079,18.9801],[72.7876,18.9449],[72.7941,18.938],[72.8097,18.951],[72.8223,18.9431],[72.8212,18.9329],[72.8062,18.9087],[72.8112,18.8936],[72.8649,18.8043],[72.8604,18.7737],[72.866,18.7567],[72.8609,18.7378],[72.859,18.7152],[72.8527,18.7046],[72.8529,18.6927],[72.8624,18.6782],[72.8617,18.6394],[72.8677,18.6204],[72.8896,18.6024],[72.9078,18.5785],[72.9214,18.5482],[72.9314,18.5414],[72.9237,18.5302],[72.9068,18.5362],[72.9097,18.501],[72.9028,18.4966],[72.8998,18.4673],[72.8921,18.4593],[72.9046,18.4316],[72.9078,18.4046],[72.9122,18.3921],[72.9261,18.3838],[72.9271,18.375],[72.9124,18.3665],[72.9134,18.3593],[72.9428,18.3414],[72.9535,18.3323],[72.9622,18.3156],[72.9551,18.2967],[72.9472,18.2849],[72.9327,18.2807],[72.9337,18.2632],[72.9398,18.2484],[72.9405,18.2317],[72.932,18.2198],[72.9376,18.2108],[72.9524,18.2176],[72.9762,18.1992],[72.9816,18.1835],[72.9858,18.1578],[72.9845,18.1419],[72.9708,18.1292],[72.9818,18.1049],[72.9909,18.0973],[73.0016,18.0737],[72.9923,18.0496],[73.0046,18.051],[73.0115,18.0461],[73.0118,18.0317],[73.0176,18.0302],[73.0278,18.0425],[73.0418,18.0487],[73.0441,18.04],[73.0304,18.0343],[73.0258,18.0224],[73.0158,18.0254],[73.0078,18.0144],[73.02,17.9913],[73.0281,17.9868],[73.0285,17.9637],[73.0336,17.9365],[73.0449,17.9299],[73.0553,17.9181],[73.056,17.8934],[73.0686,17.8883],[73.0759,17.8778],[73.0835,17.8553],[73.0921,17.8387],[73.0977,17.8083],[73.1086,17.7895],[73.1381,17.7186],[73.1393,17.7091],[73.1171,17.6931],[73.1237,17.6673],[73.1381,17.6451],[73.1308,17.6427],[73.145,17.6037],[73.1601,17.5908],[73.1523,17.5723],[73.1429,17.5661],[73.1446,17.5491],[73.1588,17.5329],[73.1765,17.5192],[73.1836,17.5081],[73.187,17.4882],[73.1946,17.4639],[73.1885,17.4464],[73.1927,17.4356],[73.1876,17.4113],[73.1707,17.3992],[73.1778,17.389],[73.188,17.3837],[73.1972,17.39],[73.2059,17.3875],[73.2191,17.3714],[73.2175,17.3607],[73.2215,17.3445],[73.2311,17.3352],[73.2254,17.3245],[73.2429,17.3198],[73.2433,17.3108],[73.2318,17.2984],[73.2209,17.3034],[73.2063,17.3015],[73.1968,17.3061],[73.1899,17.2994],[73.2015,17.2931],[73.2039,17.2802],[73.2107,17.2721],[73.2197,17.2751],[73.2285,17.249],[73.2378,17.2293],[73.249,17.2197],[73.2495,17.2003],[73.2391,17.1942],[73.2586,17.1821],[73.2627,17.1652],[73.2754,17.151],[73.2694,17.1464],[73.2732,17.1265],[73.2714,17.1143],[73.2825,17.1113],[73.2929,17.0801],[73.3121,17.0736],[73.3023,17.0676],[73.2917,17.0705],[73.2941,17.0557],[73.2805,17.0397],[73.265,17.049],[73.2579,17.0464],[73.259,17.0243],[73.2652,17.0165],[73.2754,17.0225],[73.2821,17.0136],[73.2834,16.991],[73.3057,16.9796],[73.3133,16.9653],[73.326,16.9621],[73.3321,16.95],[73.3078,16.9568],[73.3017,16.9698],[73.2947,16.9749],[73.2905,16.9544],[73.2848,16.9483],[73.2898,16.926],[73.2824,16.8931],[73.2941,16.8855],[73.2951,16.8632],[73.2935,16.8343],[73.3054,16.8102],[73.3176,16.7971],[73.3148,16.7842],[73.3036,16.7634],[73.3044,16.7428],[73.3118,16.7163],[73.3225,16.6909],[73.3397,16.6864],[73.3275,16.6754],[73.3321,16.6478],[73.3248,16.639],[73.3419,16.6315],[73.3355,16.6192],[73.344,16.6161],[73.3531,16.6206],[73.3662,16.6346],[73.3924,16.6267],[73.3988,16.6195],[73.3791,16.5943],[73.3788,16.6111],[73.3694,16.6238],[73.3437,16.6019],[73.3313,16.6033],[73.32,16.5995],[73.326,16.5828],[73.3442,16.5746],[73.3411,16.5606],[73.325,16.5549],[73.3146,16.5388],[73.3192,16.5128],[73.3275,16.51],[73.3343,16.4785],[73.3444,16.475],[73.3469,16.4539],[73.3538,16.4415],[73.3698,16.3938],[73.378,16.3921],[73.3892,16.401],[73.4021,16.3996],[73.4017,16.3898],[73.39,16.3894],[73.3723,16.3825],[73.3726,16.3629],[73.3868,16.3583],[73.3946,16.3664],[73.4078,16.3598],[73.4023,16.3538],[73.3922,16.3564],[73.3876,16.3332],[73.3944,16.3266],[73.3944,16.3098],[73.4061,16.2946],[73.4198,16.2528],[73.4258,16.2219],[73.4322,16.2014],[73.4417,16.1964],[73.4506,16.1474],[73.4603,16.1349],[73.4708,16.1296],[73.4687,16.1169],[73.4741,16.096],[73.4683,16.09],[73.4685,16.0678],[73.4586,16.0571],[73.4865,16.0376],[73.4945,16.0047],[73.4892,15.992],[73.4876,15.9749],[73.4988,15.9697],[73.4999,15.9624],[73.5124,15.9391],[73.53,15.9319],[73.5387,15.9375],[73.565,15.9241],[73.5746,15.9129],[73.5895,15.9102],[73.5995,15.8963],[73.6158,15.8667],[73.6177,15.8534],[73.6289,15.8558],[73.6461,15.811],[73.6564,15.7978],[73.6664,15.7647],[73.674,15.7594],[73.66,15.7452],[73.6729,15.7368],[73.678,15.7246],[73.6871,15.723],[73.6944,15.6973],[73.7016,15.6907],[73.7242,15.6248],[73.7322,15.6148],[73.7493,15.6337],[73.7523,15.6113],[73.7441,15.6036],[73.7309,15.6007],[73.7409,15.5694],[73.7484,15.562],[73.7588,15.5311],[73.7649,15.4998],[73.7765,15.4903],[73.7879,15.4988],[73.8056,15.4937],[73.8139,15.5063],[73.8338,15.5051],[73.8081,15.4837],[73.8044,15.4555],[73.8218,15.4544],[73.8401,15.4485],[73.8478,15.4518],[73.8645,15.4322],[73.8807,15.4287],[73.8962,15.4181],[73.9078,15.4166],[73.9282,15.4346],[73.9367,15.4307],[73.9263,15.4156],[73.9405,15.4076],[73.9138,15.4035],[73.9003,15.4078],[73.8732,15.3999],[73.8599,15.4069],[73.8473,15.4002],[73.8429,15.4106],[73.8287,15.4039],[73.8189,15.4121],[73.8129,15.399],[73.7879,15.4125],[73.7907,15.3984],[73.804,15.3934],[73.8095,15.38],[73.8327,15.3693],[73.8431,15.3602],[73.8701,15.3695],[73.8793,15.3634],[73.8916,15.3382],[73.9016,15.3083],[73.9153,15.2576],[73.9229,15.2374],[73.9305,15.2066],[73.9397,15.1771],[73.9466,15.1458],[73.9525,15.1498],[73.9474,15.1691],[73.9546,15.1707],[73.9583,15.1444],[73.9384,15.1316],[73.9398,15.1198],[73.9306,15.1112],[73.916,15.107],[73.9228,15.0993],[73.9142,15.0896],[73.9276,15.0855],[73.9333,15.078],[73.9491,15.0758],[73.9625,15.0694],[73.9696,15.0562],[73.9841,15.0532],[73.9816,15.0462],[73.9872,15.0348],[73.984,15.0258],[74.0043,15.0089],[74.0175,15.0079],[74.0267,14.999],[74.0457,14.9871],[74.0372,14.9802],[74.0441,14.9654],[74.0546,14.9623],[74.0423,14.9468],[74.0423,14.9151],[74.0599,14.9075],[74.0761,14.9079],[74.0883,14.8958],[74.0969,14.8933],[74.0965,14.8801],[74.1072,14.8656],[74.1125,14.8458],[74.1375,14.8458],[74.1425,14.8571],[74.1541,14.8577],[74.1732,14.8694],[74.1763,14.8789],[74.2117,14.8868],[74.2087,14.8758],[74.2342,14.8716],[74.2385,14.8625],[74.2266,14.8604],[74.2158,14.8684],[74.1917,14.8636],[74.1762,14.8551],[74.1789,14.8451],[74.1706,14.8406],[74.171,14.8286],[74.1568,14.8128],[74.158,14.8312],[74.146,14.8347],[74.1251,14.8335],[74.1232,14.8059],[74.1146,14.7989],[74.1029,14.8033],[74.1078,14.7856],[74.1437,14.7745],[74.1595,14.7508],[74.1634,14.7657],[74.1772,14.7667],[74.1669,14.7521],[74.1797,14.7455],[74.2002,14.7202],[74.2039,14.7328],[74.2245,14.7361],[74.224,14.7447],[74.2366,14.7473],[74.2625,14.7224],[74.2655,14.7133],[74.2559,14.7057],[74.2702,14.6965],[74.2759,14.6888],[74.2795,14.6731],[74.2764,14.6643],[74.2852,14.6396],[74.2788,14.6194],[74.2847,14.6085],[74.3055,14.6013],[74.3194,14.611],[74.3458,14.609],[74.3637,14.5982],[74.3914,14.6038],[74.4145,14.617],[74.4124,14.6074],[74.3905,14.5942],[74.3663,14.5918],[74.3293,14.6034],[74.3142,14.5963],[74.2946,14.5919],[74.3081,14.5608],[74.3143,14.5512],[74.3086,14.5379],[74.3147,14.5179],[74.3308,14.5142],[74.341,14.5166],[74.3521,14.5253],[74.3523,14.536],[74.3634,14.5579],[74.3691,14.5429],[74.3776,14.5405],[74.3789,14.5296],[74.3867,14.5228],[74.3932,14.5082],[74.4076,14.4875],[74.4269,14.4719],[74.4119,14.4709],[74.4077,14.4483],[74.3858,14.4532],[74.3808,14.4628],[74.3803,14.4873],[74.3732,14.4968],[74.3783,14.5095],[74.3728,14.522],[74.3643,14.5207],[74.3567,14.5106],[74.3618,14.4872],[74.3755,14.4642],[74.3871,14.4213],[74.403,14.419],[74.3974,14.4083],[74.405,14.3817],[74.4035,14.3695],[74.4082,14.3495],[74.4141,14.3119],[74.4273,14.2934],[74.4436,14.2811],[74.479,14.2841],[74.4883,14.2778],[74.491,14.2636],[74.5053,14.2565],[74.5159,14.2404],[74.4966,14.2444],[74.4702,14.2557],[74.4582,14.25],[74.4492,14.2595],[74.4347,14.2669],[74.4456,14.224],[74.4538,14.2057],[74.465,14.1982],[74.4746,14.1693],[74.478,14.1392],[74.4841,14.1199],[74.4834,14.0997],[74.4983,14.0634],[74.5011,14.0411],[74.5236,14.0339],[74.5244,14.0248],[74.506,14.0255],[74.5158,13.9895],[74.5229,13.9794],[74.5375,13.9731],[74.5376,13.9601],[74.5493,13.9528],[74.5668,13.9485],[74.575,13.9396],[74.5795,13.9273],[74.5871,13.9205],[74.5984,13.8785],[74.6084,13.8661],[74.6264,13.8589],[74.6212,13.8481],[74.6065,13.8586],[74.6143,13.8353],[74.628,13.7787],[74.6325,13.729],[74.6396,13.7134],[74.6405,13.6961],[74.6496,13.663],[74.6601,13.6509],[74.6691,13.6487],[74.6719,13.6804],[74.6818,13.7005],[74.6994,13.6962],[74.6823,13.6812],[74.6795,13.6751],[74.6956,13.6668],[74.7046,13.6518],[74.7291,13.6466],[74.7407,13.6477],[74.7541,13.6438],[74.7503,13.6361],[74.7282,13.635],[74.7088,13.6148],[74.6955,13.6193],[74.698,13.6355],[74.6855,13.6384],[74.6758,13.6234],[74.6637,13.631],[74.672,13.5998],[74.6749,13.5678],[74.6811,13.5261],[74.6817,13.502],[74.6855,13.4726],[74.6894,13.463],[74.6983,13.4634],[74.7009,13.445],[74.7065,13.444],[74.7161,13.4672],[74.7328,13.4757],[74.7457,13.454],[74.7238,13.4588],[74.7168,13.4407],[74.7068,13.4358],[74.7067,13.4259],[74.7142,13.4197],[74.7374,13.4142],[74.7455,13.3926],[74.7385,13.39],[74.7322,13.4027],[74.7109,13.4028],[74.6997,13.4155],[74.6921,13.4483],[74.6859,13.4417],[74.6942,13.3977],[74.6946,13.3576],[74.7079,13.3475],[74.7181,13.3354],[74.7247,13.3209],[74.7258,13.2907],[74.7204,13.2882],[74.7192,13.3123],[74.712,13.3107],[74.7141,13.2878],[74.7285,13.2519],[74.7387,13.2038],[74.7491,13.1855],[74.7631,13.1188],[74.7663,13.0909],[74.7794,13.0904],[74.7835,13.0701],[74.7724,13.0695],[74.7816,13.0543],[74.7827,13.0309],[74.7902,13.0047],[74.7991,12.9586],[74.8071,12.8947],[74.8224,12.8571],[74.8284,12.8313],[74.8457,12.7925],[74.8597,12.7733],[74.8641,12.7554],[74.8786,12.729],[74.8849,12.7118],[74.8964,12.6939],[74.9201,12.6357],[74.9498,12.5682],[74.9597,12.5397],[74.9724,12.5134],[74.9809,12.488],[74.9905,12.4918],[74.9958,12.477],[74.9944,12.4676],[75.002,12.4477],[75.0239,12.4105],[75.0411,12.3904],[75.065,12.3398],[75.0904,12.2889],[75.1295,12.1873],[75.1692,12.0942],[75.1848,12.0557],[75.2019,12.0177],[75.2039,12.0041],[75.2225,12.0127],[75.2303,12.0225],[75.2493,12.0161],[75.2652,11.9931],[75.274,11.9759],[75.2882,11.9584],[75.3012,11.9556],[75.2899,11.9771],[75.2931,11.9892],[75.3039,11.971],[75.3186,11.9733],[75.3238,11.9527],[75.3331,11.9486],[75.3499,11.9333],[75.3424,11.9267],[75.3228,11.9407],[75.3089,11.9404],[75.311,11.9297],[75.323,11.9072],[75.3223,11.8977],[75.3317,11.8943],[75.3562,11.8663],[75.3578,11.8545],[75.3685,11.8519],[75.3844,11.8602],[75.4003,11.8416],[75.4102,11.8346],[75.4283,11.807],[75.4539,11.7847],[75.4637,11.7644],[75.4737,11.7685],[75.4813,11.7517],[75.5112,11.7283],[75.5209,11.7131],[75.531,11.7036],[75.547,11.676],[75.5587,11.6504],[75.5737,11.6126],[75.5857,11.5735],[75.6043,11.5326],[75.6214,11.4764],[75.637,11.4604],[75.6538,11.4617],[75.6767,11.4503],[75.7001,11.4234],[75.7091,11.4019],[75.7286,11.3683],[75.7396,11.3571],[75.7395,11.3279],[75.7484,11.3168],[75.7745,11.2504],[75.7978,11.1792],[75.8031,11.1691],[75.8148,11.1721],[75.8231,11.168],[75.8238,11.1591],[75.8102,11.1542],[75.8219,11.1373],[75.8338,11.113],[75.8372,11.0986],[75.8521,11.0536],[75.8604,11.0151],[75.867,10.9932],[75.8678,10.973],[75.8895,10.8762],[75.8975,10.828],[75.9042,10.7965],[75.9134,10.7842],[75.9156,10.775],[75.9247,10.7653],[75.9352,10.729],[75.9484,10.7052],[75.9559,10.6832],[75.9608,10.6776],[75.9907,10.6077],[76.0106,10.572],[76.0256,10.5316],[76.0329,10.5067],[76.0388,10.5068],[76.0351,10.5268],[76.0482,10.5362],[76.0379,10.5614],[76.0477,10.5672],[76.0487,10.5491],[76.0531,10.541],[76.0657,10.5353],[76.0616,10.5272],[76.0416,10.5248],[76.0446,10.507],[76.0555,10.4906],[76.0517,10.4776],[76.0624,10.4651],[76.1048,10.3643],[76.1102,10.3431],[76.1208,10.3151],[76.1337,10.2641],[76.1395,10.2578],[76.1399,10.2329],[76.155,10.1994],[76.1669,10.1893],[76.1698,10.1648],[76.1758,10.1544],[76.1847,10.1177],[76.1904,10.1008],[76.1973,10.0664],[76.2024,10.049],[76.215,10.0224],[76.2205,10.0021],[76.2433,9.9693],[76.2412,9.9539],[76.2474,9.9288],[76.2585,9.9022],[76.2636,9.8811],[76.2779,9.8072],[76.2848,9.7527],[76.2858,9.725],[76.29,9.6724],[76.2975,9.6257],[76.3058,9.5967],[76.3072,9.5749],[76.3147,9.5393],[76.3189,9.5039],[76.3373,9.4223],[76.3492,9.3843],[76.3633,9.3513],[76.3837,9.3154],[76.401,9.2732],[76.4108,9.2444],[76.4291,9.2061],[76.4478,9.1607],[76.4581,9.1429],[76.4653,9.1194],[76.4819,9.0958],[76.5074,9.0407],[76.5236,8.9959],[76.536,8.9441],[76.5458,8.92],[76.5495,8.8981],[76.5538,8.8905],[76.5694,8.8808],[76.5787,8.8844],[76.5917,8.8771],[76.6147,8.8559],[76.6455,8.8181],[76.6555,8.8026],[76.6718,8.7904],[76.6723,8.7807],[76.7135,8.7308],[76.7195,8.7199],[76.7419,8.6935],[76.7701,8.6548],[76.7953,8.6291],[76.8086,8.6097],[76.8399,8.5692],[76.8559,8.5508],[76.8628,8.5383],[76.892,8.5004],[76.9372,8.4478],[76.971,8.4128],[76.9728,8.3944],[76.9828,8.3803],[76.9995,8.3776],[77.0065,8.3604],[77.02,8.357],[77.0563,8.3245],[77.0939,8.2941],[77.1001,8.2914],[77.1284,8.2659],[77.1684,8.2407],[77.1871,8.2198],[77.2051,8.2066],[77.2232,8.198],[77.2338,8.1892],[77.2385,8.1779],[77.2505,8.1702],[77.2768,8.164],[77.2999,8.1471],[77.3104,8.126],[77.3175,8.1214],[77.3406,8.1253],[77.3611,8.1233],[77.3901,8.1074],[77.4548,8.0891],[77.5046,8.08],[77.5279,8.0812],[77.5556,8.0788],[77.5658,8.0902],[77.5591,8.1034],[77.5631,8.1217],[77.5892,8.1413],[77.6349,8.1523],[77.6554,8.1591],[77.673,8.1563],[77.7329,8.1688],[77.7531,8.1785],[77.7658,8.1926],[77.7756,8.1933],[77.7869,8.2031],[77.7838,8.2189],[77.7869,8.2257],[77.8144,8.2462],[77.8695,8.2607],[77.8902,8.2707],[77.9095,8.2906],[77.94,8.3013],[77.9478,8.306],[77.9744,8.3344],[78.0409,8.3583],[78.0634,8.3701],[78.0599,8.381],[78.0672,8.4163],[78.0851,8.4397],[78.1055,8.4632],[78.1291,8.4841],[78.1331,8.4987],[78.127,8.5127],[78.1248,8.5361],[78.1348,8.5528],[78.1418,8.5908],[78.1269,8.628],[78.1263,8.6352],[78.1389,8.6766],[78.141,8.6929],[78.1599,8.7163],[78.1699,8.7435],[78.1835,8.7515],[78.1968,8.7474],[78.2059,8.7669],[78.1901,8.7618],[78.1753,8.7664],[78.1654,8.7584],[78.1649,8.7931],[78.1721,8.8804],[78.183,8.8965],[78.1858,8.9136],[78.1916,8.9285],[78.2125,8.9616],[78.2374,8.9809],[78.2678,9.0008],[78.2672,9.007],[78.2821,9.0216],[78.2912,9.0216],[78.307,9.0291],[78.3092,9.0387],[78.3406,9.0553],[78.3476,9.0647],[78.3698,9.0786],[78.3977,9.099],[78.4223,9.1134],[78.466,9.1242],[78.4773,9.1306],[78.4914,9.1291],[78.5274,9.136],[78.5489,9.1354],[78.5743,9.128],[78.5856,9.1393],[78.6002,9.1475],[78.6303,9.1565],[78.6516,9.1574],[78.6457,9.175],[78.6577,9.1875],[78.6729,9.1937],[78.694,9.1948],[78.7208,9.1873],[78.7216,9.203],[78.7272,9.2094],[78.7413,9.2106],[78.7767,9.222],[78.8149,9.2375],[78.8676,9.255],[78.8776,9.2566],[78.9049,9.2482],[78.9152,9.2588],[78.9418,9.2707],[78.9659,9.2745],[78.9878,9.2752],[79.0497,9.2623],[79.0824,9.2592],[79.0938,9.2599],[79.1496,9.275],[79.1843,9.278],[79.1866,9.2875],[79.1477,9.2881],[79.121,9.2931],[79.1014,9.2893],[79.0801,9.2973],[79.0633,9.2947],[79.0518,9.3],[79.0164,9.3286],[78.9876,9.3542],[78.9574,9.3881],[78.9297,9.4164],[78.9004,9.4567],[78.8946,9.4786],[78.898,9.4889],[78.9155,9.4996],[78.9151,9.5101],[78.9197,9.5474],[78.9188,9.5646],[78.9253,9.5864],[78.9362,9.6031],[78.9547,9.6257],[78.9707,9.6611],[78.9771,9.6828],[78.9916,9.7126],[79.0136,9.7318],[79.0287,9.7523],[79.0451,9.7662],[79.0557,9.7714],[79.0745,9.7933],[79.081,9.8112],[79.1052,9.839],[79.1205,9.8517],[79.1231,9.8579],[79.12,9.8778],[79.1255,9.8886],[79.151,9.9108],[79.1574,9.9305],[79.167,9.9429],[79.195,9.9636],[79.2081,9.9804],[79.2223,10.007],[79.2506,10.0288],[79.2635,10.0358],[79.2617,10.0446],[79.2513,10.0499],[79.245,10.0707],[79.2328,10.0764],[79.2264,10.1039],[79.2331,10.1242],[79.2288,10.145],[79.2384,10.1609],[79.2402,10.1747],[79.2502,10.189],[79.2615,10.1939],[79.278,10.214],[79.272,10.2261],[79.2756,10.2382],[79.2925,10.253],[79.299,10.2645],[79.3175,10.2718],[79.3291,10.2861],[79.3532,10.2904],[79.349,10.302],[79.3648,10.2981],[79.3775,10.3139],[79.3879,10.3216],[79.4016,10.3248],[79.4387,10.3247],[79.4823,10.317],[79.5193,10.3118],[79.5378,10.3268],[79.5379,10.3414],[79.5328,10.3558],[79.5496,10.3493],[79.5819,10.3425],[79.6002,10.3478],[79.6128,10.3401],[79.6112,10.3296],[79.5979,10.3276],[79.5655,10.3312],[79.5563,10.3299],[79.5447,10.3086],[79.5642,10.3082],[79.6165,10.3018],[79.6518,10.29],[79.6655,10.2915],[79.72,10.2798],[79.7694,10.2729],[79.7726,10.2821],[79.7603,10.2887],[79.7512,10.2888],[79.7475,10.3001],[79.723,10.2893],[79.7,10.2952],[79.681,10.3074],[79.6484,10.3161],[79.6134,10.3183],[79.6379,10.3381],[79.6791,10.3243],[79.7064,10.3121],[79.717,10.3195],[79.7076,10.3312],[79.7286,10.3299],[79.7392,10.3162],[79.7593,10.3107],[79.7856,10.2896],[79.7871,10.2793],[79.7978,10.2714],[79.8195,10.2771],[79.8492,10.2814],[79.8793,10.2903],[79.8709,10.3404],[79.8658,10.4181],[79.8643,10.4669],[79.8615,10.4926],[79.8595,10.5626],[79.8581,10.5685],[79.8572,10.6692],[79.8535,10.681],[79.8506,10.7161],[79.851,10.7638],[79.8486,10.8798],[79.8489,10.9014],[79.8519,10.9155],[79.8525,10.9947],[79.8568,11.0127],[79.8579,11.091],[79.8571,11.1508],[79.8539,11.1952],[79.8464,11.2471],[79.8377,11.2826],[79.8342,11.3281],[79.8401,11.3463],[79.8381,11.3547],[79.8141,11.3584],[79.7987,11.3686],[79.8245,11.3672],[79.8104,11.4394],[79.7906,11.476],[79.7777,11.5094],[79.7674,11.5229],[79.7632,11.5375],[79.7585,11.5781],[79.7593,11.6126],[79.7698,11.6737],[79.7931,11.7564],[79.7941,11.7801],[79.7978,11.7975],[79.8146,11.8584],[79.8232,11.899],[79.8395,11.9513],[79.8459,11.9764],[79.8599,12.0133],[79.8882,12.0701],[79.9141,12.1093],[79.9183,12.118],[79.9481,12.1627],[79.9605,12.1835],[79.9904,12.2275],[79.9903,12.2304],[80.0191,12.2821],[80.0237,12.286],[80.0679,12.3487],[80.0795,12.36],[80.1081,12.3962],[80.1223,12.4114],[80.1382,12.4325],[80.1311,12.4471],[80.1492,12.4589],[80.1493,12.4696],[80.1595,12.4688],[80.1638,12.4782],[80.1638,12.5172],[80.1685,12.5306],[80.18,12.5516],[80.1875,12.5717],[80.2009,12.6222],[80.222,12.6815],[80.2365,12.7261],[80.2539,12.7669],[80.2555,12.7814],[80.2472,12.7933],[80.2507,12.8403],[80.2518,12.8775],[80.2602,12.9373],[80.2788,13.0125],[80.2852,13.0555],[80.2914,13.0722],[80.3014,13.0845],[80.3059,13.0988],[80.301,13.1017],[80.298,13.1191],[80.2993,13.1318],[80.3077,13.1519],[80.3326,13.245],[80.3417,13.2702],[80.3463,13.2934],[80.3463,13.3125],[80.3326,13.4024],[80.3283,13.3852],[80.3061,13.3972],[80.2889,13.4028],[80.2908,13.4212],[80.2845,13.4268],[80.2873,13.4397],[80.3109,13.4323],[80.3101,13.4488],[80.3181,13.4517],[80.3018,13.4756],[80.2929,13.4976],[80.284,13.5341],[80.2738,13.5565],[80.256,13.5898],[80.2444,13.619],[80.2368,13.6558],[80.2355,13.6834],[80.2398,13.7163],[80.2482,13.7586],[80.2495,13.7884],[80.245,13.8052],[80.2385,13.808],[80.2392,13.8262],[80.2164,13.8743],[80.2001,13.9133],[80.1694,13.9924],[80.159,13.993],[80.1561,14.0016],[80.1441,14.0175],[80.1537,14.0243],[80.1455,14.056],[80.1289,14.1491],[80.1288,14.1843],[80.1375,14.2373],[80.1375,14.2473],[80.1459,14.2543],[80.1441,14.2668],[80.1515,14.2994],[80.173,14.3466],[80.1729,14.3743],[80.1791,14.4414],[80.1817,14.4798],[80.187,14.5137],[80.1908,14.5503],[80.1946,14.5639],[80.1706,14.5667],[80.1432,14.5555],[80.1304,14.5458],[80.1156,14.5299],[80.0935,14.5344],[80.1073,14.5444],[80.1181,14.5477],[80.1472,14.568],[80.1803,14.5831],[80.1819,14.5958],[80.1716,14.606],[80.1597,14.6362],[80.1541,14.6711],[80.1454,14.6912],[80.1392,14.6939],[80.1291,14.6818],[80.1204,14.6902],[80.1337,14.6954],[80.1301,14.7138],[80.114,14.7332],[80.0959,14.7796],[80.0908,14.8007],[80.0768,14.809],[80.0752,14.8172],[80.0933,14.8269],[80.0858,14.8762],[80.0739,14.925],[80.0632,14.987],[80.0535,14.9999],[80.0481,15.0223],[80.0457,15.0496],[80.0467,15.0737],[80.051,15.1127],[80.0591,15.1367],[80.065,15.1637],[80.0737,15.1819],[80.0713,15.1933],[80.0838,15.1953],[80.0873,15.2159],[80.0824,15.2333],[80.0796,15.2575],[80.0839,15.2779],[80.0911,15.2911],[80.0999,15.3259],[80.1091,15.3462],[80.1192,15.3597],[80.1305,15.3805],[80.1536,15.4059],[80.1842,15.4497],[80.1967,15.4625],[80.2024,15.4847],[80.2101,15.4951],[80.2042,15.4998],[80.2119,15.5191],[80.2128,15.5352],[80.1909,15.5514],[80.1856,15.5597],[80.1714,15.5531],[80.1403,15.5501],[80.1357,15.5585],[80.1691,15.5613],[80.1755,15.5733],[80.1957,15.5586],[80.2068,15.5474],[80.2235,15.5471],[80.2337,15.5842],[80.2396,15.6141],[80.2517,15.6399],[80.2598,15.6503],[80.2775,15.6821],[80.2876,15.6896],[80.3108,15.7168],[80.3205,15.7239],[80.3452,15.7522],[80.3597,15.7638],[80.3925,15.7836],[80.4335,15.8044],[80.4883,15.8273],[80.5212,15.8459],[80.5124,15.858],[80.5238,15.8608],[80.5472,15.8614],[80.5408,15.8514],[80.5791,15.8665],[80.6055,15.8676],[80.6407,15.8784],[80.6687,15.8791],[80.6914,15.8834],[80.7305,15.8862],[80.7559,15.8802],[80.7817,15.8632],[80.8077,15.8355],[80.8159,15.8094],[80.8129,15.7947],[80.8123,15.7702],[80.8148,15.7576],[80.8042,15.7448],[80.8074,15.7339],[80.8039,15.7199],[80.8107,15.7128],[80.8239,15.7134],[80.8387,15.7066],[80.8506,15.7077],[80.8612,15.7168],[80.8783,15.7223],[80.915,15.7273],[80.9112,15.741],[80.8916,15.7609],[80.8761,15.7939],[80.8609,15.8122],[80.8715,15.8204],[80.8743,15.807],[80.8873,15.789],[80.8949,15.7724],[80.9098,15.7547],[80.9379,15.7293],[80.9455,15.7282],[80.9601,15.7358],[80.9872,15.7554],[80.989,15.7653],[80.9663,15.7839],[80.9595,15.794],[80.94,15.8072],[80.9492,15.8113],[80.9909,15.7783],[81.0071,15.7625],[81.0116,15.7756],[81.0001,15.8],[80.996,15.8243],[81.0129,15.8533],[81.0344,15.8797],[81.0453,15.8972],[81.0631,15.9082],[81.0794,15.9237],[81.1026,15.9363],[81.1397,15.9612],[81.1267,15.9733],[81.1036,15.9991],[81.1137,16.0032],[81.1294,15.9824],[81.143,15.9745],[81.1529,15.9748],[81.1477,15.9929],[81.1476,16.0192],[81.161,16.0502],[81.181,16.0758],[81.1849,16.0844],[81.1999,16.1636],[81.2105,16.1932],[81.2115,16.2049],[81.2226,16.2269],[81.266,16.2675],[81.2632,16.2789],[81.2656,16.2942],[81.2456,16.3014],[81.2583,16.319],[81.2871,16.324],[81.3154,16.3384],[81.304,16.3487],[81.312,16.3592],[81.3309,16.3645],[81.3474,16.3657],[81.3681,16.356],[81.382,16.3593],[81.4001,16.3773],[81.4086,16.3814],[81.4093,16.356],[81.4014,16.3605],[81.3907,16.3525],[81.4032,16.346],[81.4046,16.3368],[81.4334,16.3422],[81.4848,16.3465],[81.5148,16.3515],[81.5286,16.3508],[81.5545,16.3601],[81.5568,16.3848],[81.5727,16.3565],[81.5728,16.348],[81.5928,16.3418],[81.6504,16.338],[81.6832,16.3281],[81.7,16.3187],[81.7016,16.305],[81.7088,16.3028],[81.7158,16.3122],[81.7189,16.3273],[81.7244,16.332],[81.7248,16.3557],[81.7347,16.3565],[81.7347,16.3427],[81.7229,16.3129],[81.7258,16.3074],[81.7503,16.3168],[81.7771,16.3298],[81.8081,16.3477],[81.8546,16.3705],[81.8645,16.3721],[81.9096,16.387],[81.9382,16.3913],[81.9503,16.3984],[81.9568,16.4259],[81.9694,16.4328],[81.9625,16.4078],[81.9675,16.3962],[82.0073,16.4229],[82.0694,16.4499],[82.1039,16.4693],[82.1382,16.4846],[82.1432,16.5174],[82.1546,16.5312],[82.1643,16.5498],[82.1802,16.5611],[82.1976,16.5648],[82.2,16.5585],[82.1691,16.5207],[82.1671,16.5068],[82.1593,16.494],[82.183,16.5027],[82.2014,16.5162],[82.2304,16.5339],[82.2576,16.5446],[82.2884,16.5483],[82.3132,16.5548],[82.3097,16.5599],[82.2806,16.5546],[82.2701,16.5639],[82.2881,16.566],[82.2982,16.5705],[82.3046,16.5914],[82.2959,16.5978],[82.2996,16.6094],[82.3104,16.6065],[82.3147,16.6257],[82.3345,16.6243],[82.3238,16.6508],[82.3347,16.6669],[82.3518,16.6801],[82.3679,16.7018],[82.3586,16.7052],[82.3564,16.6923],[82.3399,16.6886],[82.3425,16.7098],[82.3289,16.7149],[82.3202,16.7246],[82.3303,16.7286],[82.3448,16.721],[82.3512,16.7235],[82.3487,16.7506],[82.3756,16.8425],[82.3755,16.8795],[82.3721,16.9226],[82.3679,16.9397],[82.3512,16.9727],[82.3435,16.9802],[82.3333,16.9815],[82.34,16.9658],[82.3543,16.9552],[82.3561,16.946],[82.366,16.928],[82.3669,16.8667],[82.3649,16.8263],[82.3544,16.8311],[82.3571,16.8418],[82.3521,16.8493],[82.3269,16.851],[82.3159,16.8399],[82.3111,16.8515],[82.3036,16.8569],[82.2827,16.8614],[82.2666,16.8719],[82.2623,16.8835],[82.2513,16.8871],[82.2487,16.897],[82.2532,16.9321],[82.2663,16.931],[82.2788,16.9709],[82.2836,16.9956],[82.3011,17.0242],[82.3365,17.0591],[82.3542,17.0739],[82.3711,17.0936],[82.399,17.119],[82.41,17.1267],[82.4455,17.1641],[82.4625,17.1752],[82.5079,17.2126],[82.5247,17.2293],[82.5602,17.2561],[82.604,17.2823],[82.6299,17.2992],[82.6804,17.3251],[82.7079,17.3425],[82.7531,17.3662],[82.8096,17.3898],[82.84,17.3996],[82.8655,17.415],[82.9088,17.4337],[82.945,17.4529],[82.9929,17.4708],[83.0047,17.4823],[83.007,17.4946],[83.0263,17.5078],[83.0445,17.5166],[83.0737,17.5247],[83.0857,17.5303],[83.0994,17.5471],[83.1059,17.5389],[83.1397,17.547],[83.1684,17.5602],[83.1739,17.5675],[83.2173,17.5898],[83.2323,17.6082],[83.1972,17.6267],[83.1982,17.6381],[83.2155,17.6466],[83.2278,17.6287],[83.2413,17.6253],[83.2603,17.6426],[83.2835,17.6563],[83.2945,17.6707],[83.2996,17.6899],[83.3146,17.7017],[83.3299,17.7072],[83.3464,17.7214],[83.3471,17.7327],[83.3584,17.7554],[83.3781,17.7676],[83.3885,17.781],[83.4163,17.8074],[83.4193,17.8163],[83.4143,17.8415],[83.4234,17.8531],[83.4384,17.864],[83.4534,17.8802],[83.4548,17.892],[83.449,17.9029],[83.4456,17.9195],[83.4747,17.9105],[83.5163,17.9348],[83.5543,17.9626],[83.561,17.973],[83.566,18.0021],[83.5574,18.0124],[83.5873,18.0148],[83.6045,18.0334],[83.6302,18.0518],[83.6679,18.0725],[83.6746,18.0827],[83.6921,18.0918],[83.703,18.1017],[83.7386,18.118],[83.7767,18.139],[83.8694,18.1709],[83.8811,18.1875],[83.8976,18.1971],[83.9327,18.2082],[83.9272,18.2161],[83.9321,18.2249],[83.9428,18.2164],[83.9543,18.2136],[83.9769,18.2304],[84.0062,18.2437],[84.0579,18.2634],[84.0752,18.2786],[84.1184,18.301],[84.1261,18.313],[84.1273,18.3318],[84.1118,18.3406],[84.0911,18.3362],[84.0728,18.3263],[84.0586,18.3252],[84.0288,18.3399],[83.993,18.3497],[83.9963,18.3596],[84.0197,18.3487],[84.0395,18.3445],[84.0611,18.3359],[84.0853,18.3405],[84.0925,18.3457],[84.1167,18.3503],[84.1349,18.3499],[84.1492,18.3687],[84.1748,18.3951],[84.1992,18.4179],[84.2215,18.4418],[84.2503,18.463],[84.2606,18.4753],[84.2826,18.495],[84.3491,18.5484],[84.3444,18.5514],[84.3253,18.5381],[84.3038,18.5322],[84.2929,18.5259],[84.2799,18.5124],[84.2743,18.5187],[84.2893,18.5314],[84.3087,18.5419],[84.31,18.5544],[84.3215,18.5619],[84.3344,18.5585],[84.3344,18.5738],[84.3625,18.5765],[84.3793,18.6007],[84.4039,18.6247],[84.4123,18.6364],[84.4369,18.6502],[84.4434,18.6586],[84.437,18.6643],[84.4243,18.6614],[84.4324,18.6772],[84.4455,18.6736],[84.4541,18.688],[84.4663,18.7004],[84.4933,18.7339],[84.5166,18.756],[84.5435,18.7757],[84.5551,18.7863],[84.5607,18.8074],[84.5713,18.8365],[84.5798,18.843],[84.5812,18.867],[84.5978,18.8747],[84.6327,18.9163],[84.6686,18.9464],[84.6921,18.9695],[84.7175,19.0101],[84.7317,19.0216],[84.7325,19.031],[84.7231,19.0381],[84.728,19.0513],[84.7435,19.0585],[84.7554,19.0548],[84.7686,19.08],[84.7763,19.088],[84.7939,19.1216],[84.7996,19.1382],[84.8088,19.1533],[84.8392,19.1912],[84.8909,19.2441],[84.9382,19.2841],[84.9671,19.304],[84.9971,19.3209],[85.0199,19.3366],[85.0762,19.3712],[85.0923,19.3797],[85.0997,19.4034],[85.1271,19.4271],[85.1774,19.4632],[85.2141,19.4941],[85.2551,19.5218],[85.3509,19.5839],[85.3779,19.5962],[85.3962,19.6074],[85.4448,19.6324],[85.4676,19.6407],[85.4859,19.6505],[85.5034,19.6567],[85.5635,19.6824],[85.5698,19.6882],[85.6296,19.7142],[85.6438,19.7242],[85.6964,19.7513],[85.8207,19.7914],[85.8863,19.8106],[85.8978,19.817],[85.9739,19.8332],[86.0455,19.8415],[86.0685,19.8524],[86.0924,19.8539],[86.1131,19.8616],[86.1667,19.8783],[86.1966,19.8834],[86.2287,19.8945],[86.2314,19.9019],[86.2211,19.9087],[86.2227,19.9251],[86.2325,19.9332],[86.2463,19.9226],[86.2416,19.9112],[86.2563,19.912],[86.2703,19.9236],[86.2987,19.9345],[86.3507,19.9457],[86.3666,19.9477],[86.3707,19.9586],[86.3682,19.9749],[86.3785,19.9823],[86.3821,20.0012],[86.3997,19.9986],[86.4072,20.006],[86.4152,20.0283],[86.429,20.0528],[86.443,20.0525],[86.4617,20.0768],[86.4798,20.0917],[86.5271,20.1675],[86.5355,20.1774],[86.5549,20.1921],[86.5819,20.2091],[86.5863,20.2145],[86.6082,20.2272],[86.6737,20.2583],[86.673,20.2681],[86.6927,20.2742],[86.757,20.3079],[86.7839,20.3259],[86.7798,20.3589],[86.781,20.3808],[86.7737,20.3904],[86.7513,20.3795],[86.747,20.3902],[86.7354,20.3941],[86.7317,20.3812],[86.7152,20.3919],[86.7296,20.4012],[86.7332,20.4105],[86.7328,20.4406],[86.7386,20.4603],[86.7273,20.4746],[86.7515,20.4735],[86.76,20.4929],[86.754,20.5151],[86.7697,20.5053],[86.7872,20.5288],[86.8228,20.5564],[86.8556,20.5739],[86.9017,20.6069],[86.9321,20.6318],[87.0151,20.6833],[87.0147,20.6944],[86.9979,20.6988],[86.9722,20.6993],[86.9689,20.706],[86.9403,20.7057],[86.9291,20.703],[86.9096,20.7064],[86.9119,20.7147],[86.9285,20.7141],[86.944,20.7173],[86.9736,20.7121],[86.998,20.7099],[87.0101,20.7199],[87.0065,20.7373],[87.0005,20.7459],[86.9993,20.763],[86.9851,20.7722],[86.9512,20.7629],[86.9416,20.7663],[86.8976,20.763],[86.8813,20.773],[86.8572,20.7727],[86.8308,20.755],[86.8231,20.7324],[86.8137,20.7301],[86.7982,20.7376],[86.7985,20.7545],[86.8154,20.7516],[86.8231,20.7693],[86.8493,20.782],[86.8568,20.7888],[86.8718,20.7936],[86.915,20.7933],[86.9283,20.7904],[86.9419,20.792],[86.9588,20.7872],[86.9742,20.7931],[86.9801,20.8224],[86.9812,20.8491],[86.9792,20.86],[86.9637,20.8863],[86.9537,20.8974],[86.9481,20.9137],[86.9346,20.9352],[86.9115,20.9783],[86.8984,21.0087],[86.8752,21.0437],[86.864,21.0698],[86.8596,21.0879],[86.8548,21.0938],[86.845,21.1354],[86.8432,21.1569],[86.8455,21.1731],[86.8526,21.1948],[86.8656,21.2218],[86.8771,21.2385],[86.8931,21.2545],[86.9093,21.2854],[86.9235,21.307],[86.9473,21.352],[86.9668,21.3734],[86.9866,21.3888],[87.041,21.4193],[87.0654,21.4408],[87.0693,21.4612],[87.0884,21.4589],[87.0972,21.465],[87.1127,21.4836],[87.1502,21.5079],[87.2047,21.5305],[87.238,21.5375],[87.2755,21.5382],[87.3199,21.541],[87.3614,21.5411],[87.3877,21.5322],[87.3954,21.5422],[87.376,21.5562],[87.3731,21.5627],[87.3594,21.5679],[87.3572,21.5764],[87.3845,21.5729],[87.3948,21.5646],[87.4028,21.5479],[87.4166,21.5489],[87.4275,21.5718],[87.4476,21.5872],[87.4744,21.5999],[87.5342,21.6076],[87.5581,21.614],[87.5641,21.6207],[87.574,21.6171],[87.5851,21.6204],[87.6674,21.6324],[87.7067,21.6446],[87.7442,21.668],[87.7593,21.684],[87.7647,21.6813],[87.7849,21.687],[87.8145,21.7009],[87.8366,21.7162],[87.8697,21.746],[87.8751,21.7544],[87.8966,21.7742],[87.8966,21.782],[87.9103,21.7855],[87.9263,21.7948],[87.9609,21.8261],[87.9756,21.845],[87.9753,21.8503],[87.9919,21.885],[88.0036,21.9039],[88.0214,21.9497],[88.0358,21.9814],[88.0528,22.0133],[88.0325,22.025],[88.0178,22.0403],[88.0111,22.0703],[87.9906,22.0869],[87.9817,22.0988],[87.9698,22.0943],[87.9634,22.1035],[87.9919,22.1025],[87.9984,22.0896],[88.0281,22.0683],[88.0336,22.0608],[88.0269,22.0478],[88.0378,22.035],[88.0622,22.0131],[88.0833,22.0214],[88.1289,22.0511],[88.1486,22.0597],[88.1669,22.0736],[88.1889,22.0992],[88.1936,22.1108],[88.1461,22.1681],[88.1356,22.1847],[88.1061,22.1917],[88.0856,22.187],[88.0656,22.1897],[88.05,22.205],[88.0347,22.2094],[88.0183,22.1997],[87.9904,22.2095],[87.9754,22.2222],[87.9716,22.2366],[87.9594,22.2439],[87.9375,22.2647],[87.9358,22.2986],[87.9331,22.3139],[87.9444,22.3253],[87.9467,22.3403],[87.9428,22.3644],[87.9297,22.4036],[87.9125,22.4217],[87.8939,22.4242],[87.8939,22.4348],[87.9211,22.4356],[87.9275,22.4203],[87.9492,22.3994],[87.9503,22.3828],[87.9555,22.3698],[87.9583,22.3479],[87.9572,22.3166],[87.9606,22.3046],[87.96,22.2802],[87.984,22.2465],[87.9939,22.2388],[88.0261,22.2225],[88.0492,22.22],[88.0647,22.2361],[88.0753,22.2528],[88.0786,22.2842],[88.0886,22.3025],[88.1047,22.3039],[88.0997,22.2817],[88.0886,22.2628],[88.0883,22.2475],[88.0828,22.2314],[88.07,22.2164],[88.0728,22.21],[88.0875,22.2083],[88.1167,22.2092],[88.1294,22.2031],[88.1636,22.1983],[88.1881,22.1867],[88.2031,22.1664],[88.2106,22.1494],[88.2108,22.1317],[88.2211,22.1053],[88.2242,22.0897],[88.2222,22.0675],[88.2167,22.0536],[88.2139,22.0347],[88.1956,22.0036],[88.1785,21.9818],[88.1538,21.9596],[88.1611,21.9451],[88.1745,21.9336],[88.1764,21.9197],[88.1654,21.8907],[88.1636,21.8786],[88.1778,21.8494],[88.1903,21.8358],[88.2009,21.8195],[88.2181,21.7772],[88.2172,21.7644],[88.2547,21.7575],[88.2824,21.755],[88.2786,21.77],[88.2649,21.7856],[88.2584,21.8008],[88.2598,21.8095],[88.2687,21.8176],[88.306,21.8307],[88.3135,21.8447],[88.3112,21.8554],[88.3163,21.8595],[88.3257,21.8622],[88.3549,21.8557],[88.356,21.8197],[88.3636,21.8086],[88.3637,21.7983],[88.3816,21.7916],[88.3924,21.8033],[88.3923,21.8132],[88.3858,21.8394],[88.3938,21.8523],[88.3972,21.8858],[88.4124,21.8875],[88.4162,21.9013],[88.4242,21.9077],[88.4321,21.9027],[88.4417,21.9114],[88.4619,21.918],[88.4562,21.9045],[88.4581,21.8978],[88.4736,21.8953],[88.4832,21.91],[88.5022,21.9147],[88.5208,21.9123],[88.5092,21.9054],[88.4953,21.8854],[88.4986,21.8737],[88.5281,21.8531],[88.5369,21.857],[88.5386,21.8703],[88.548,21.8822],[88.5395,21.8994],[88.545,21.906],[88.5639,21.899],[88.5701,21.9029],[88.5781,21.8897],[88.6022,21.9067],[88.6107,21.9214],[88.6147,21.9375],[88.6078,21.9461],[88.5983,21.9683],[88.6003,21.9833],[88.6144,22.0197],[88.6355,22.0426],[88.6267,22.0574],[88.6269,22.0686],[88.6194,22.1053],[88.6264,22.1297],[88.6404,22.1435],[88.6383,22.1553],[88.6545,22.1769],[88.6638,22.1845],[88.6726,22.2051],[88.6618,22.2085],[88.6416,22.2074],[88.6336,22.212],[88.631,22.2229],[88.6568,22.2501],[88.6647,22.2733],[88.6714,22.2733],[88.6578,22.2392],[88.6367,22.224],[88.6395,22.2131],[88.6711,22.2158],[88.6806,22.2095],[88.6993,22.2101],[88.7151,22.2013],[88.7336,22.1956],[88.7453,22.2096],[88.7472,22.1986],[88.768,22.1938],[88.7711,22.1847],[88.7889,22.1784],[88.7936,22.1712],[88.8056,22.1825],[88.8152,22.1812],[88.832,22.1673],[88.8381,22.1735],[88.8268,22.1957],[88.8205,22.1962],[88.8282,22.2097],[88.8368,22.2071],[88.8407,22.193],[88.8502,22.2019],[88.8552,22.2064],[88.8596,22.2054],[88.8667,22.1955],[88.8723,22.1714],[88.8854,22.1675],[88.8916,22.176],[88.9025,22.1766],[88.9176,22.1653],[88.9213,22.1747],[88.9065,22.192],[88.9058,22.2007],[88.9127,22.2087],[88.9166,22.225],[88.9207,22.2326],[88.9265,22.2287],[88.9429,22.2247],[88.9542,22.2257],[88.9513,22.2427],[88.9333,22.2536],[88.9298,22.2637],[88.9375,22.2974],[88.9117,22.3117],[88.8916,22.3431],[88.8606,22.3656],[88.8531,22.3827],[88.8561,22.408],[88.8483,22.4306],[88.8194,22.4303],[88.8025,22.4434],[88.8,22.4589],[88.7902,22.4814],[88.7797,22.4926],[88.7801,22.5028],[88.77,22.5114],[88.7546,22.5152],[88.7453,22.5149],[88.7358,22.5098],[88.7185,22.5193],[88.7123,22.5261],[88.6915,22.5224],[88.6911,22.5278],[88.7085,22.5291],[88.7335,22.5111],[88.7419,22.5152],[88.7531,22.5169],[88.7717,22.5134],[88.7955,22.4972],[88.7996,22.4888],[88.8109,22.4821],[88.8142,22.4564],[88.8296,22.4472],[88.8269,22.4356],[88.8388,22.4372],[88.8527,22.4329],[88.859,22.4484],[88.8519,22.4561],[88.8593,22.4987],[88.8437,22.502],[88.8452,22.5098],[88.8564,22.5117],[88.8596,22.5201],[88.8671,22.5234],[88.8657,22.5305],[88.8689,22.5458],[88.8783,22.5445],[88.8964,22.5633],[88.9378,22.5708],[88.9356,22.5906],[88.9402,22.5977],[88.9571,22.6098],[88.9565,22.6156],[88.9417,22.6198],[88.9317,22.6408],[88.9359,22.6505],[88.9502,22.663],[88.9516,22.6734],[88.962,22.6943],[88.9418,22.7118],[88.9339,22.7277],[88.9237,22.7369],[88.9236,22.7684],[88.9421,22.7897],[88.9614,22.7972],[88.962,22.809],[88.9693,22.8318],[88.9705,22.8454],[88.9592,22.8598],[88.949,22.8803],[88.9355,22.8708],[88.9123,22.8803],[88.9067,22.9074],[88.9169,22.9215],[88.9,22.9296],[88.9002,22.952],[88.8785,22.9533],[88.8646,22.958],[88.8718,22.9716],[88.8711,22.9924],[88.8751,23.0211],[88.8816,23.0318],[88.8762,23.0632],[88.8696,23.0715],[88.8742,23.0872],[88.8732,23.0987],[88.8889,23.1082],[88.9006,23.1087],[88.9112,23.1241],[88.9246,23.13],[88.9258,23.142],[88.9345,23.1411],[88.9343,23.1549],[88.941,23.1717],[88.9586,23.1797],[88.9647,23.1924],[88.9855,23.1929],[88.9928,23.2006],[88.9932,23.2198],[88.9827,23.2245],[88.9549,23.205],[88.9336,23.2144],[88.9166,23.2325],[88.8841,23.2288],[88.8699,23.2321],[88.856,23.2271],[88.8376,23.2399],[88.8342,23.2472],[88.8124,23.2523],[88.8112,23.2408],[88.8174,23.2191],[88.7887,23.2201],[88.7801,23.2352],[88.7708,23.2422],[88.7608,23.2374],[88.7505,23.2399],[88.7238,23.2552],[88.7271,23.2721],[88.7193,23.2762],[88.7117,23.2904],[88.7002,23.2953],[88.7131,23.3111],[88.7179,23.3031],[88.7288,23.3035],[88.7311,23.3117],[88.7471,23.3091],[88.7503,23.3204],[88.74,23.3308],[88.7379,23.3506],[88.7508,23.353],[88.7662,23.37],[88.7569,23.3898],[88.7565,23.4],[88.7639,23.412],[88.7609,23.4213],[88.7679,23.4444],[88.7843,23.4386],[88.7934,23.4429],[88.7918,23.4671],[88.8036,23.4828],[88.7999,23.4986],[88.7829,23.4999],[88.7742,23.4949],[88.7739,23.482],[88.7603,23.4876],[88.7464,23.483],[88.7435,23.493],[88.7344,23.499],[88.7309,23.5105],[88.7221,23.5096],[88.699,23.5197],[88.6879,23.5412],[88.6652,23.5519],[88.6591,23.5598],[88.6521,23.5865],[88.643,23.5993],[88.6474,23.6106],[88.6108,23.603],[88.5912,23.6021],[88.5855,23.6088],[88.5941,23.6169],[88.597,23.6285],[88.5935,23.6398],[88.5818,23.6384],[88.5662,23.6422],[88.5655,23.6478],[88.5777,23.6721],[88.5681,23.7168],[88.5752,23.7266],[88.5777,23.7505],[88.5827,23.7673],[88.5641,23.7826],[88.5675,23.7885],[88.5847,23.7906],[88.5959,23.8024],[88.5906,23.8142],[88.6056,23.8187],[88.5915,23.8363],[88.59,23.8533],[88.5799,23.8616],[88.5961,23.8723],[88.604,23.8672],[88.6152,23.8753],[88.6263,23.8754],[88.6369,23.8632],[88.6494,23.87],[88.6686,23.874],[88.6707,23.8858],[88.6892,23.8908],[88.6959,23.9015],[88.7076,23.9006],[88.7083,23.9158],[88.737,23.9161],[88.7367,23.9315],[88.7457,23.9358],[88.7443,23.9546],[88.7376,23.9618],[88.7385,23.9792],[88.7449,23.9863],[88.7751,23.9892],[88.7625,24.0098],[88.7342,23.9964],[88.7333,24.0068],[88.7416,24.0154],[88.743,24.0362],[88.7405,24.0573],[88.7263,24.0674],[88.7295,24.0975],[88.7255,24.1011],[88.7018,24.0987],[88.7016,24.1197],[88.7141,24.1205],[88.7323,24.1278],[88.7481,24.1385],[88.747,24.1532],[88.7354,24.1681],[88.7359,24.2241],[88.7418,24.2617],[88.735,24.2845],[88.7268,24.2983],[88.7038,24.3113],[88.6754,24.3151],[88.6599,24.3132],[88.655,24.3073],[88.6407,24.3063],[88.6285,24.3149],[88.6117,24.3164],[88.6059,24.3093],[88.5881,24.3163],[88.5838,24.3251],[88.573,24.3225],[88.5674,24.3035],[88.5514,24.3027],[88.5429,24.3249],[88.5243,24.3438],[88.508,24.3446],[88.4949,24.3538],[88.477,24.36],[88.4531,24.373],[88.4273,24.3797],[88.3758,24.3703],[88.3545,24.3727],[88.3432,24.3778],[88.3062,24.4052],[88.2702,24.4422],[88.2434,24.452],[88.2155,24.4543],[88.1949,24.4648],[88.1779,24.4907],[88.166,24.5001],[88.1466,24.5072],[88.1277,24.522],[88.1031,24.5467],[88.0698,24.5989],[88.0684,24.6054],[88.0516,24.6306],[88.0354,24.647],[88.0175,24.659],[88.0137,24.6701],[88.0315,24.6899],[88.0448,24.6981],[88.048,24.7054],[88.0632,24.7162],[88.0738,24.7351],[88.0713,24.7692],[88.0814,24.7697],[88.1091,24.783],[88.1077,24.7914],[88.1177,24.8187],[88.1435,24.8315],[88.1464,24.8508],[88.1616,24.8504],[88.1759,24.8627],[88.1622,24.873],[88.1705,24.8905],[88.1694,24.8979],[88.1482,24.9186],[88.1434,24.9308],[88.1558,24.9315],[88.176,24.9455],[88.1876,24.9467],[88.2047,24.9561],[88.2211,24.9582],[88.2387,24.9523],[88.2524,24.9361],[88.2645,24.9145],[88.2673,24.9007],[88.2662,24.8782],[88.2742,24.879],[88.2763,24.8915],[88.2994,24.8864],[88.3123,24.8779],[88.3252,24.8809],[88.3362,24.8722],[88.3466,24.8858],[88.3459,24.9012],[88.3347,24.9059],[88.3321,24.9165],[88.3408,24.9237],[88.3469,24.9401],[88.3713,24.9524],[88.3838,24.9437],[88.3979,24.944],[88.4033,24.9569],[88.403,24.9707],[88.4121,24.9748],[88.417,24.99],[88.4292,25.0125],[88.4432,25.011],[88.4517,25.0345],[88.4387,25.053],[88.452,25.0703],[88.4519,25.0994],[88.4464,25.1098],[88.4485,25.123],[88.4601,25.1316],[88.4617,25.145],[88.45,25.1709],[88.443,25.2012],[88.4671,25.1961],[88.4872,25.2136],[88.5121,25.1993],[88.5233,25.2017],[88.5412,25.1874],[88.5541,25.1934],[88.5643,25.1875],[88.5684,25.1747],[88.5887,25.1813],[88.5931,25.1933],[88.6249,25.2059],[88.6696,25.2034],[88.6867,25.21],[88.7269,25.2009],[88.7372,25.1897],[88.7614,25.1836],[88.7775,25.1882],[88.7806,25.1782],[88.809,25.174],[88.8335,25.1944],[88.8351,25.2078],[88.8485,25.2101],[88.853,25.2019],[88.8639,25.1999],[88.8746,25.1907],[88.8821,25.1763],[88.895,25.1833],[88.9094,25.1768],[88.9196,25.1657],[88.9342,25.1782],[88.9495,25.1811],[88.9484,25.1911],[88.9404,25.2035],[88.964,25.2106],[88.956,25.2456],[88.9644,25.2547],[88.9741,25.257],[88.988,25.2701],[88.9992,25.2719],[89.0125,25.2672],[89.0051,25.3],[88.9887,25.3015],[88.9838,25.3065],[88.9626,25.3037],[88.9375,25.3069],[88.9287,25.3146],[88.9168,25.3154],[88.9081,25.3335],[88.9021,25.3375],[88.8895,25.3266],[88.8728,25.339],[88.869,25.3517],[88.8593,25.3544],[88.8467,25.3659],[88.8403,25.398],[88.8241,25.4027],[88.8371,25.4285],[88.83,25.4429],[88.8366,25.4477],[88.8383,25.4649],[88.8359,25.4812],[88.8149,25.4906],[88.8061,25.5168],[88.8019,25.5225],[88.7855,25.5143],[88.769,25.5219],[88.7615,25.5167],[88.7686,25.4966],[88.7487,25.4886],[88.7352,25.4985],[88.7106,25.4959],[88.7119,25.4876],[88.7007,25.4733],[88.689,25.4759],[88.6693,25.4747],[88.6476,25.483],[88.6413,25.4979],[88.6239,25.499],[88.6074,25.5145],[88.5936,25.5067],[88.5754,25.5093],[88.5536,25.516],[88.5428,25.5103],[88.5425,25.5248],[88.5352,25.5379],[88.5243,25.5374],[88.5203,25.5446],[88.5063,25.5502],[88.4985,25.5592],[88.4984,25.5798],[88.4939,25.5836],[88.4714,25.5855],[88.4503,25.6024],[88.4563,25.6108],[88.4602,25.6403],[88.4563,25.6626],[88.4353,25.6679],[88.421,25.6629],[88.4116,25.6675],[88.4078,25.6797],[88.3905,25.6875],[88.3897,25.6957],[88.375,25.6997],[88.3761,25.7139],[88.3633,25.7193],[88.3329,25.7396],[88.3214,25.736],[88.3172,25.7511],[88.3007,25.7589],[88.2889,25.7728],[88.2716,25.7786],[88.2782,25.7888],[88.2712,25.8084],[88.2618,25.8092],[88.2369,25.8025],[88.2308,25.7957],[88.2122,25.794],[88.2117,25.7863],[88.1851,25.7945],[88.173,25.7845],[88.1581,25.7828],[88.1449,25.7738],[88.1437,25.7915],[88.1317,25.7957],[88.1159,25.7958],[88.1165,25.8087],[88.1083,25.8118],[88.1051,25.8249],[88.1057,25.8451],[88.1192,25.8551],[88.1109,25.866],[88.0995,25.8716],[88.1034,25.8843],[88.0944,25.894],[88.0954,25.9148],[88.0996,25.9264],[88.1165,25.9333],[88.1262,25.9431],[88.1252,25.9684],[88.1364,25.977],[88.1371,25.9845],[88.1492,25.9971],[88.1456,26.014],[88.1795,26.0224],[88.1741,26.0343],[88.1743,26.0515],[88.1862,26.0632],[88.1769,26.0757],[88.1628,26.0795],[88.1632,26.105],[88.176,26.1178],[88.1771,26.1327],[88.1828,26.1475],[88.2029,26.1634],[88.211,26.1617],[88.2181,26.173],[88.2384,26.18],[88.2528,26.1925],[88.2744,26.1917],[88.2991,26.2041],[88.311,26.2073],[88.3304,26.2054],[88.3404,26.2159],[88.3541,26.2216],[88.3594,26.235],[88.3508,26.2637],[88.3641,26.2934],[88.3789,26.3061],[88.3942,26.3098],[88.3984,26.3177],[88.4215,26.3173],[88.4182,26.333],[88.4419,26.3379],[88.4525,26.3601],[88.4635,26.3733],[88.4688,26.3604],[88.4942,26.3497],[88.4947,26.357],[88.513,26.3609],[88.5124,26.347],[88.5268,26.3557],[88.5161,26.3728],[88.5232,26.3831],[88.5118,26.3926],[88.5102,26.4041],[88.4952,26.4252],[88.494,26.4443],[88.484,26.4475],[88.4872,26.4599],[88.4637,26.466],[88.4484,26.4616],[88.4361,26.4729],[88.4185,26.466],[88.4094,26.482],[88.3984,26.4763],[88.3777,26.4845],[88.3644,26.4797],[88.3678,26.465],[88.3645,26.451],[88.3457,26.4681],[88.34,26.487],[88.3463,26.4995],[88.3592,26.5095],[88.3675,26.5462],[88.3776,26.5693],[88.3771,26.5777],[88.3952,26.6162],[88.4125,26.6292],[88.4241,26.6223],[88.4295,26.5673],[88.4362,26.5486],[88.4538,26.5381],[88.4741,26.5432],[88.4837,26.5418],[88.5039,26.5116],[88.5142,26.5144],[88.5258,26.5002],[88.5327,26.4862],[88.553,26.4827],[88.5727,26.458],[88.6009,26.454],[88.6018,26.4687],[88.6174,26.4742],[88.6262,26.4699],[88.6333,26.4555],[88.6329,26.4354],[88.6525,26.4264],[88.6565,26.416],[88.6872,26.4094],[88.6955,26.389],[88.6937,26.3764],[88.7022,26.3601],[88.7063,26.3367],[88.7331,26.3442],[88.7441,26.3548],[88.7485,26.3406],[88.7375,26.32],[88.7259,26.3125],[88.6958,26.3165],[88.6963,26.3275],[88.68,26.3198],[88.6946,26.2968],[88.6825,26.2959],[88.6698,26.2854],[88.6757,26.2653],[88.6877,26.2624],[88.6972,26.2681],[88.6999,26.2789],[88.7208,26.2808],[88.7285,26.2899],[88.7438,26.2902],[88.76,26.3106],[88.7798,26.2991],[88.8009,26.3089],[88.8232,26.2963],[88.821,26.2811],[88.8261,26.2515],[88.852,26.2326],[88.8852,26.2369],[88.8672,26.2557],[88.8705,26.2756],[88.8789,26.2858],[88.907,26.2881],[88.9251,26.2857],[88.9339,26.2785],[88.9564,26.2514],[88.972,26.2412],[89.0033,26.2467],[89.0206,26.244],[89.0367,26.2472],[89.0521,26.2434],[89.0558,26.2556],[89.0641,26.2547],[89.0635,26.2732],[89.0529,26.2834],[89.0298,26.2866],[89.004,26.2951],[88.9905,26.3061],[89,26.315],[89.0028,26.3299],[88.9917,26.3358],[88.9907,26.3462],[88.9686,26.3484],[88.9608,26.3461],[88.953,26.3606],[88.9306,26.365],[88.9211,26.363],[88.9165,26.3829],[88.9196,26.3901],[88.9168,26.4063],[88.9326,26.413],[88.9326,26.4316],[88.95,26.4315],[88.9534,26.4472],[88.9677,26.4589],[88.9881,26.4438],[88.986,26.4201],[88.9811,26.4071],[88.9958,26.408],[89,26.4185],[89.0129,26.4106],[89.0357,26.4061],[89.0471,26.398],[89.0732,26.394],[89.0913,26.3996],[89.0984,26.3936],[89.0923,26.3804],[89.0943,26.3623],[89.1018,26.3407],[89.0998,26.3226],[89.1176,26.3242],[89.1368,26.3169],[89.1314,26.2993],[89.1211,26.293],[89.1123,26.3076],[89.1066,26.2893],[89.126,26.2636],[89.1304,26.2489],[89.1404,26.2421],[89.1484,26.2222],[89.151,26.2072],[89.1407,26.1934],[89.1408,26.1854],[89.1538,26.1695],[89.1544,26.1545],[89.1615,26.1396],[89.1767,26.1314],[89.2243,26.1262],[89.2598,26.0945],[89.2684,26.093],[89.2596,26.0746],[89.2704,26.0615],[89.2815,26.0647],[89.2824,26.053],[89.3016,26.05],[89.3256,26.0388],[89.3448,26.0168],[89.3577,26.0112],[89.3953,26.0103],[89.3958,26.0226],[89.4102,26.0408],[89.4298,26.0405],[89.4363,26.0225],[89.4319,26.0152],[89.458,26.0028],[89.4773,25.996],[89.5037,26.0054],[89.5329,26.0038],[89.5416,26.0079],[89.5502,25.9988],[89.5447,25.985],[89.5483,25.9707],[89.5619,25.9663],[89.5762,25.9677],[89.5913,25.9795],[89.5905,25.9981],[89.5864,26.003],[89.5828,26.026],[89.593,26.044],[89.6148,26.0493],[89.6197,26.0631],[89.6478,26.0632],[89.6534,26.0683],[89.6392,26.0795],[89.6356,26.1052],[89.62,26.1016],[89.6146,26.095],[89.5983,26.1008],[89.6035,26.1114],[89.6278,26.1138],[89.6169,26.1229],[89.6083,26.1209],[89.5985,26.1617],[89.612,26.1604],[89.6191,26.1663],[89.6192,26.1799],[89.6412,26.18],[89.6539,26.168],[89.6598,26.1834],[89.6357,26.1889],[89.6519,26.1956],[89.641,26.2155],[89.6487,26.2287],[89.6644,26.2222],[89.6834,26.2301],[89.6875,26.2165],[89.6774,26.2023],[89.6886,26.1935],[89.6999,26.1726],[89.6887,26.168],[89.7162,26.157],[89.7391,26.1582],[89.7531,26.1529],[89.7699,26.1319],[89.765,26.1125],[89.7713,26.1066],[89.7875,26.1061],[89.7861,26.086],[89.8013,26.0731],[89.8012,26.0586],[89.7881,26.0532],[89.8047,26.036],[89.7934,26.0218],[89.799,26.0182],[89.8131,26.0383],[89.8215,26.0236],[89.8186,25.989],[89.8352,25.9863],[89.8352,26.0072],[89.8434,26.0049],[89.8715,25.9761],[89.8474,25.9619],[89.8312,25.947],[89.8446,25.9405],[89.8795,25.9444],[89.8875,25.938],[89.874,25.9131],[89.8405,25.8778],[89.8362,25.8677],[89.8352,25.8377],[89.8188,25.8171],[89.831,25.8047],[89.8383,25.7736],[89.8434,25.761],[89.8285,25.7421],[89.8298,25.7293],[89.8402,25.7147],[89.8565,25.7148],[89.8565,25.7056],[89.848,25.6905],[89.8719,25.6541],[89.8811,25.6314],[89.8832,25.6152],[89.8742,25.588],[89.8792,25.5762],[89.8701,25.5478],[89.8562,25.5375],[89.8632,25.523],[89.8544,25.482],[89.8575,25.4677],[89.837,25.4344],[89.8289,25.4033],[89.8185,25.3881],[89.8168,25.3694],[89.8231,25.347],[89.8319,25.3297],[89.8429,25.318],[89.8377,25.2955],[89.8722,25.2866],[89.8935,25.2948],[89.9109,25.3073],[89.9321,25.299],[89.9751,25.3005],[89.9838,25.2848],[90.0124,25.2713],[90.0627,25.2555],[90.0752,25.2434],[90.1036,25.2342],[90.1152,25.2237],[90.1625,25.223],[90.1906,25.2157],[90.2173,25.2026],[90.2365,25.2032],[90.2631,25.1949],[90.2783,25.1974],[90.2942,25.1889],[90.3118,25.1866],[90.3346,25.1912],[90.355,25.1736],[90.3802,25.1612],[90.4123,25.1555],[90.4185,25.1508],[90.4474,25.1432],[90.4556,25.1501],[90.4697,25.1522],[90.5133,25.1679],[90.5613,25.1701],[90.5995,25.1731],[90.6392,25.1726],[90.6543,25.1851],[90.6679,25.1841],[90.6714,25.1718],[90.6828,25.1694],[90.6964,25.1592],[90.7236,25.1643],[90.735,25.1541],[90.7443,25.1646],[90.7634,25.1646],[90.778,25.1817],[90.7931,25.1818],[90.8118,25.1668],[90.8224,25.163],[90.8723,25.1591],[90.8945,25.1656],[90.9115,25.1615],[90.9585,25.1697],[91.0116,25.1805],[91.0386,25.188],[91.0667,25.1916],[91.0845,25.2014],[91.1103,25.1955],[91.1377,25.1924],[91.1617,25.1966],[91.1839,25.1953],[91.1961,25.1992],[91.2159,25.1998],[91.2333,25.1967],[91.255,25.197],[91.2676,25.2062],[91.2773,25.204],[91.2935,25.193],[91.2945,25.1863],[91.3239,25.1845],[91.3307,25.1768],[91.3483,25.1719],[91.3595,25.1767],[91.3793,25.1666],[91.3911,25.1697],[91.4069,25.1656],[91.4169,25.1719],[91.4348,25.1552],[91.449,25.1492],[91.4698,25.1489],[91.4739,25.1356],[91.4961,25.1341],[91.5108,25.1445],[91.531,25.1442],[91.5568,25.1508],[91.5774,25.1629],[91.5826,25.1696],[91.6059,25.1731],[91.6044,25.1595],[91.6081,25.1425],[91.6216,25.1461],[91.6311,25.1302],[91.645,25.1237],[91.6536,25.1303],[91.6638,25.1288],[91.6749,25.1366],[91.6919,25.1375],[91.7142,25.1576],[91.747,25.148],[91.7506,25.1533],[91.7497,25.1711],[91.7691,25.1667],[91.8094,25.1688],[91.8442,25.1781],[91.8623,25.1744],[91.9164,25.1822],[91.9501,25.1827],[91.967,25.1789],[91.9862,25.171],[91.9939,25.1804],[92.0139,25.1885],[92.0292,25.1829],[92.0496,25.1817],[92.0652,25.1873],[92.0776,25.1856],[92.1255,25.1653],[92.1376,25.1562],[92.1386,25.1427],[92.179,25.1227],[92.2027,25.1248],[92.2223,25.1211],[92.2123,25.1111],[92.2324,25.0965],[92.3003,25.0715],[92.3115,25.0712],[92.3267,25.0804],[92.344,25.0775],[92.3455,25.0551],[92.3522,25.0478],[92.3679,25.0489],[92.3868,25.0434],[92.4048,25.033],[92.4253,25.0295],[92.427,25.0175],[92.4202,24.9918],[92.423,24.9744],[92.4376,24.9682],[92.4489,24.9694],[92.4659,24.9625],[92.4516,24.9526],[92.455,24.9423],[92.4887,24.9423],[92.4844,24.931],[92.4955,24.9061],[92.4946,24.8849],[92.4978,24.8679],[92.4872,24.8668],[92.4644,24.8753],[92.4511,24.8742],[92.438,24.8596],[92.4241,24.858],[92.4108,24.8635],[92.4027,24.8553],[92.3854,24.8619],[92.382,24.8697],[92.3509,24.8877],[92.3431,24.8829],[92.332,24.8933],[92.3151,24.9007],[92.3077,24.9162],[92.2986,24.9158],[92.2855,24.9077],[92.2702,24.9097],[92.2505,24.9077],[92.2435,24.9001],[92.252,24.8917],[92.2534,24.8815],[92.237,24.861],[92.249,24.8493],[92.2475,24.8331],[92.2533,24.8293],[92.2718,24.8287],[92.2746,24.8014],[92.2831,24.7872],[92.2703,24.7807],[92.2645,24.7641],[92.2706,24.7477],[92.2661,24.7124],[92.2574,24.7013],[92.2445,24.7033],[92.2337,24.6968],[92.2262,24.68],[92.2289,24.6626],[92.2396,24.6482],[92.2399,24.637],[92.2318,24.6183],[92.2225,24.6089],[92.2334,24.581],[92.2334,24.5017],[92.2211,24.5013],[92.1962,24.5173],[92.1704,24.5275],[92.1588,24.5247],[92.1543,24.5032],[92.1663,24.4396],[92.1718,24.4216],[92.1475,24.4255],[92.1393,24.4217],[92.1256,24.3957],[92.1242,24.3822],[92.0945,24.3744],[92.0366,24.3773],[92.0285,24.3841],[92.0103,24.3847],[92.0059,24.393],[91.9953,24.3905],[91.9873,24.3818],[91.9746,24.3828],[91.9923,24.3509],[92.0049,24.338],[91.9918,24.3283],[91.9758,24.3389],[91.9697,24.3521],[91.9623,24.358],[91.9504,24.3486],[91.9279,24.3391],[91.9275,24.3217],[91.9332,24.3106],[91.9447,24.2747],[91.944,24.2577],[91.9319,24.228],[91.9295,24.2094],[91.9206,24.1828],[91.9154,24.1477],[91.9074,24.1369],[91.8899,24.1406],[91.8826,24.1587],[91.872,24.174],[91.8557,24.1912],[91.8489,24.2055],[91.8552,24.2149],[91.848,24.2252],[91.8313,24.2135],[91.8146,24.2227],[91.7981,24.2216],[91.7648,24.24],[91.7498,24.2448],[91.7625,24.1677],[91.7678,24.1489],[91.7614,24.1413],[91.7498,24.1422],[91.7022,24.1603],[91.6946,24.1668],[91.6798,24.2048],[91.6674,24.2314],[91.6544,24.2194],[91.6626,24.1855],[91.6515,24.1786],[91.6468,24.1539],[91.6405,24.1453],[91.6449,24.1202],[91.6425,24.1095],[91.6298,24.0966],[91.603,24.0954],[91.6055,24.0806],[91.5909,24.0745],[91.5785,24.0802],[91.5696,24.0759],[91.5535,24.0758],[91.5368,24.0803],[91.5015,24.0861],[91.4966,24.0963],[91.4697,24.0968],[91.4497,24.103],[91.4389,24.1029],[91.4282,24.1088],[91.3821,24.1049],[91.3816,24.0837],[91.3862,24.0689],[91.4042,24.0539],[91.3959,24.0317],[91.3956,24.0226],[91.3795,23.9984],[91.3854,23.9759],[91.3681,23.9802],[91.3633,23.9852],[91.3408,23.9818],[91.3344,23.9907],[91.3073,23.9895],[91.3046,23.9782],[91.2907,23.9704],[91.2845,23.9801],[91.2654,23.947],[91.276,23.933],[91.2689,23.9252],[91.242,23.9283],[91.2471,23.9126],[91.2369,23.9035],[91.2332,23.8857],[91.2401,23.8767],[91.2426,23.864],[91.254,23.8377],[91.2347,23.8076],[91.2284,23.7869],[91.231,23.7714],[91.2276,23.7453],[91.2,23.7544],[91.1641,23.7459],[91.1548,23.7293],[91.1525,23.7115],[91.1578,23.6894],[91.2047,23.6897],[91.2076,23.6822],[91.2074,23.6496],[91.1832,23.6556],[91.1615,23.6635],[91.1637,23.6442],[91.1607,23.6272],[91.1632,23.6014],[91.1789,23.5957],[91.1784,23.5873],[91.1985,23.5617],[91.1998,23.5516],[91.2147,23.5466],[91.208,23.5324],[91.2081,23.5135],[91.2204,23.5115],[91.225,23.4991],[91.238,23.4995],[91.2497,23.4897],[91.2519,23.4697],[91.2594,23.4484],[91.2725,23.4329],[91.2708,23.4235],[91.2827,23.4063],[91.2805,23.3965],[91.2861,23.3766],[91.2918,23.3701],[91.2997,23.3505],[91.3002,23.3399],[91.2945,23.3203],[91.3118,23.316],[91.3179,23.3086],[91.3041,23.2977],[91.3047,23.2867],[91.3181,23.283],[91.3152,23.2733],[91.3267,23.2384],[91.3279,23.1644],[91.3349,23.1557],[91.3445,23.1227],[91.3564,23.0955],[91.3707,23.0749],[91.3931,23.0622],[91.4142,23.0642],[91.4216,23.0715],[91.4087,23.0937],[91.4078,23.1114],[91.402,23.1177],[91.3957,23.1513],[91.3885,23.1608],[91.3845,23.1952],[91.3916,23.2255],[91.4032,23.2304],[91.4011,23.2453],[91.4167,23.2612],[91.4487,23.2629],[91.4571,23.2583],[91.4707,23.2325],[91.4584,23.2201],[91.4639,23.2161],[91.4828,23.2189],[91.4877,23.2049],[91.4755,23.1983],[91.483,23.1906],[91.5044,23.1902],[91.497,23.1801],[91.4988,23.1711],[91.494,23.1559],[91.5049,23.1476],[91.5178,23.1442],[91.507,23.1325],[91.5199,23.1184],[91.5386,23.0572],[91.5372,23.0397],[91.5499,23.0332],[91.5435,23.0242],[91.5497,23.017],[91.5459,22.9977],[91.5609,22.9984],[91.5582,22.9818],[91.5792,22.97],[91.5954,22.977],[91.6089,22.9671],[91.6074,22.9579],[91.6215,22.9442],[91.6386,22.9687],[91.6596,22.9805],[91.6705,22.9786],[91.7035,22.9909],[91.7158,22.9876],[91.7306,23.0011],[91.7482,23.013],[91.774,23.041],[91.7857,23.0428],[91.7773,23.0639],[91.7876,23.0739],[91.7961,23.0686],[91.8109,23.0695],[91.8353,23.0958],[91.8213,23.0993],[91.8114,23.1346],[91.8109,23.1557],[91.8054,23.1799],[91.7931,23.2009],[91.7916,23.2313],[91.7785,23.2512],[91.7778,23.2764],[91.7885,23.3065],[91.8023,23.3181],[91.8065,23.3324],[91.8247,23.3484],[91.8414,23.3735],[91.8402,23.3927],[91.848,23.4023],[91.8667,23.4076],[91.8926,23.4335],[91.912,23.4393],[91.9367,23.4348],[91.9461,23.439],[91.9432,23.4614],[91.9468,23.4707],[91.9787,23.4822],[91.971,23.5119],[91.9618,23.5188],[91.967,23.5382],[91.9625,23.5613],[91.9567,23.5709],[91.9554,23.5861],[91.9597,23.605],[91.9482,23.6267],[91.9495,23.6463],[91.9404,23.6643],[91.939,23.6812],[91.9449,23.6915],[91.9616,23.698],[91.9535,23.7134],[91.9564,23.728],[91.9759,23.7346],[91.9839,23.7307],[92.0001,23.6852],[92.0124,23.6631],[92.0421,23.6477],[92.0704,23.6466],[92.0812,23.6488],[92.0898,23.6764],[92.1068,23.6765],[92.115,23.6884],[92.1367,23.7073],[92.1462,23.7284],[92.1546,23.734],[92.1772,23.7378],[92.1763,23.7277],[92.1814,23.7081],[92.2084,23.7049],[92.2168,23.691],[92.2169,23.6781],[92.2119,23.6612],[92.2244,23.6529],[92.2385,23.6704],[92.2376,23.6837],[92.2467,23.696],[92.244,23.71],[92.2541,23.7221],[92.2685,23.7244],[92.2824,23.715],[92.292,23.7019],[92.296,23.6874],[92.2929,23.6711],[92.2793,23.6435],[92.2841,23.6262],[92.2986,23.6255],[92.2948,23.6152],[92.295,23.5966],[92.31,23.5904],[92.315,23.5539],[92.3131,23.5343],[92.3242,23.5271],[92.3211,23.5181],[92.329,23.4763],[92.3348,23.4642],[92.3317,23.4532],[92.3325,23.4295],[92.348,23.4347],[92.351,23.4196],[92.3614,23.4098],[92.357,23.4015],[92.3599,23.3863],[92.379,23.3722],[92.3854,23.3601],[92.3848,23.341],[92.3731,23.3285],[92.3835,23.321],[92.3918,23.3072],[92.3881,23.2944],[92.3998,23.2717],[92.3931,23.2636],[92.4059,23.2382],[92.3624,23.2376],[92.3574,23.2342],[92.3617,23.2057],[92.3589,23.1949],[92.3637,23.1874],[92.368,23.149],[92.3634,23.1384],[92.3737,23.1262],[92.3666,23.1052],[92.3738,23.0993],[92.3766,23.0872],[92.3861,23.0882],[92.3892,23.0708],[92.3967,23.0513],[92.3873,23.0358],[92.3851,23.0217],[92.3912,23.0055],[92.3838,22.9783],[92.374,22.9707],[92.3784,22.9626],[92.3754,22.9337],[92.3838,22.9288],[92.3975,22.9295],[92.4039,22.9127],[92.4157,22.9182],[92.4367,22.8883],[92.4486,22.8927],[92.4586,22.8734],[92.4599,22.8553],[92.4565,22.8171],[92.4652,22.8088],[92.4755,22.7797],[92.4805,22.7507],[92.497,22.7455],[92.5105,22.7351],[92.5206,22.7012],[92.5264,22.6619],[92.527,22.6422],[92.535,22.6298],[92.5269,22.6218],[92.5349,22.6102],[92.5393,22.5771],[92.53,22.5725],[92.5301,22.5625],[92.5389,22.5519],[92.5473,22.5236],[92.5501,22.4694],[92.5558,22.4447],[92.5569,22.4161],[92.5655,22.388],[92.5654,22.3784],[92.5742,22.3549],[92.5834,22.3132],[92.5798,22.2787],[92.5927,22.2547],[92.5947,22.213],[92.602,22.1999],[92.5997,22.1808],[92.6144,22.1691],[92.6142,22.1551],[92.6085,22.1265],[92.5972,22.1269],[92.5923,22.1397],[92.5843,22.1441],[92.5697,22.1383],[92.565,22.1282],[92.5736,22.1202],[92.5948,22.0789],[92.5958,22.0661],[92.6025,22.0522],[92.5991,22.0377],[92.6052,22.0263],[92.6,22.0111],[92.6102,22.0017],[92.6157,21.9885],[92.6279,21.9836],[92.661,22.0141],[92.6785,22.0127],[92.685,22.0224],[92.6877,22.0394],[92.6816,22.1038],[92.6949,22.0977],[92.6984,22.1367],[92.6971,22.1467],[92.7058,22.1518],[92.7305,22.1479],[92.7355,22.1373],[92.7634,22.1245],[92.7669,22.114],[92.7864,22.1071],[92.8147,22.0937],[92.8232,22.0778],[92.8341,22.0744],[92.8466,22.0604],[92.8608,22.0656],[92.8677,22.0587],[92.8722,22.0281],[92.8917,22.0099],[92.9021,21.9787],[92.9033,21.9515],[92.9135,21.9473],[92.9131,21.963],[92.9251,21.9938],[92.9365,22.0064],[92.9395,22.0162],[92.9532,22.0277],[92.9639,22.0249],[92.9705,22.0077],[92.9769,22.0042],[92.9831,21.9878],[92.9963,21.9757],[93.0066,21.9816],[93.0077,22.0088],[92.9973,22.0372],[92.9981,22.0533],[93.0118,22.0828],[93.0133,22.103],[93.0365,22.1024],[93.0494,22.0967],[93.0629,22.0995],[93.0638,22.1107],[93.0565,22.125],[93.0442,22.1361],[93.0523,22.1629],[93.0439,22.1875],[93.0512,22.2006],[93.0789,22.2057],[93.0995,22.1961],[93.1172,22.1958],[93.128,22.1763],[93.1516,22.1753],[93.1602,22.1795],[93.167,22.1972],[93.1563,22.2069],[93.1537,22.2258],[93.1437,22.2383],[93.1488,22.2452],[93.1876,22.2467],[93.2058,22.258],[93.1991,22.2778],[93.1978,22.3101],[93.1936,22.3216],[93.1967,22.3341],[93.1944,22.3556],[93.1899,22.3678],[93.1937,22.3811],[93.1895,22.3878],[93.1928,22.4002],[93.1862,22.4104],[93.1881,22.4242],[93.1728,22.4483],[93.1541,22.4491],[93.1431,22.4555],[93.1319,22.4719],[93.1358,22.4836],[93.128,22.503],[93.1283,22.5231],[93.1092,22.5289],[93.1135,22.5375],[93.113,22.5518],[93.1267,22.5715],[93.1431,22.5831],[93.1404,22.6046],[93.1339,22.6199],[93.1123,22.6362],[93.1161,22.6485],[93.1082,22.6561],[93.1011,22.6711],[93.1045,22.6833],[93.0956,22.6983],[93.0995,22.7244],[93.1103,22.7412],[93.097,22.8074],[93.1138,22.8132],[93.1089,22.8252],[93.1185,22.8343],[93.1193,22.8596],[93.1279,22.8663],[93.136,22.8902],[93.1329,22.9041],[93.1365,22.91],[93.1604,22.9103],[93.1638,22.9192],[93.1511,22.9274],[93.1494,22.9468],[93.1402,22.9612],[93.1454,22.9774],[93.1403,22.9905],[93.127,22.9976],[93.1336,23.0097],[93.1294,23.0227],[93.1336,23.032],[93.1308,23.0443],[93.1397,23.0574],[93.1534,23.0548],[93.1656,23.0457],[93.1808,23.0546],[93.1922,23.0569],[93.2039,23.0535],[93.2179,23.0418],[93.2318,23.0184],[93.2508,23.003],[93.2657,23.0088],[93.2762,23.0021],[93.2995,23.0047],[93.3125,23.0185],[93.3188,23.0182],[93.3302,23.032],[93.3427,23.061],[93.3505,23.0611],[93.3558,23.0742],[93.35,23.0809],[93.3596,23.0916],[93.3626,23.1129],[93.3795,23.1236],[93.3912,23.1347],[93.3882,23.144],[93.3767,23.1398],[93.3715,23.1465],[93.3782,23.1631],[93.3829,23.1841],[93.385,23.2073],[93.3923,23.2204],[93.3761,23.2522],[93.3731,23.2787],[93.3789,23.2897],[93.3744,23.3156],[93.377,23.3288],[93.3636,23.3506],[93.3741,23.3587],[93.3965,23.3603],[93.3942,23.3701],[93.412,23.384],[93.396,23.4073],[93.395,23.4293],[93.4049,23.4713],[93.4022,23.481],[93.4054,23.5045],[93.4234,23.5272],[93.4251,23.5489],[93.4219,23.5575],[93.4309,23.5784],[93.4306,23.6147],[93.4262,23.6495],[93.434,23.6677],[93.4426,23.6783],[93.4345,23.6921],[93.4149,23.7081],[93.4157,23.7285],[93.4052,23.7516],[93.4025,23.771],[93.4091,23.8037],[93.3973,23.8202],[93.3952,23.8369],[93.3938,23.8833],[93.3969,23.9263],[93.374,23.9339],[93.3632,23.942],[93.3542,23.9573],[93.3499,23.9741],[93.3358,23.9789],[93.3387,24.0085],[93.3353,24.0199],[93.3405,24.0268],[93.3406,24.0407],[93.3347,24.0528],[93.3404,24.0636],[93.3325,24.0863],[93.3523,24.0938],[93.3895,24.0842],[93.4137,24.0752],[93.4312,24.0576],[93.4423,24.0236],[93.4515,24.0187],[93.4652,23.9951],[93.4643,23.975],[93.4704,23.9665],[93.4839,23.9634],[93.4875,23.9573],[93.5132,23.9429],[93.5286,23.9564],[93.553,23.9608],[93.5553,23.9753],[93.5669,23.9842],[93.5781,23.9658],[93.5952,23.9628],[93.6073,23.9689],[93.6189,23.9867],[93.6143,24.0062],[93.6257,24.0106],[93.6504,24.0089],[93.6608,24],[93.6755,24.0064],[93.7378,23.9943],[93.7445,24.0037],[93.7601,23.9992],[93.7713,23.9775],[93.7834,23.9645],[93.7913,23.9625],[93.803,23.9422],[93.8058,23.9281],[93.8137,23.9248],[93.8352,23.927],[93.8463,23.9329],[93.8639,23.9327],[93.8747,23.9417],[93.8847,23.9422],[93.8937,23.9496],[93.9186,23.9515],[93.9513,23.9448],[93.9598,23.9317],[93.9669,23.9285],[93.999,23.9256],[94.0151,23.9284],[94.0406,23.9123],[94.0485,23.8947],[94.0731,23.8873],[94.0934,23.8877],[94.1015,23.8713],[94.1114,23.8608],[94.112,23.8466],[94.1199,23.8368],[94.1324,23.8401],[94.1365,23.8499],[94.1587,23.8468],[94.1655,23.8831],[94.1668,23.9227],[94.1742,23.9328],[94.1877,23.928],[94.1932,23.9316],[94.1918,23.9589],[94.2076,23.9862],[94.2289,24.0153],[94.2426,24.038],[94.2325,24.0525],[94.2445,24.0564],[94.257,24.0833],[94.2541,24.1004],[94.2566,24.1136],[94.2554,24.1367],[94.2601,24.1615],[94.2811,24.1736],[94.2825,24.1964],[94.2926,24.2336],[94.3107,24.2478],[94.3254,24.2861],[94.3238,24.3326],[94.3492,24.3356],[94.375,24.3646],[94.3836,24.3781],[94.3629,24.3933],[94.3967,24.4066],[94.405,24.4247],[94.4055,24.4473],[94.398,24.4556],[94.409,24.4631],[94.401,24.4813],[94.4271,24.4868],[94.438,24.5139],[94.4631,24.569],[94.4829,24.5756],[94.4958,24.5861],[94.5183,24.6101],[94.5382,24.6422],[94.5483,24.6681],[94.5506,24.686],[94.5442,24.7007],[94.5486,24.7098],[94.5601,24.7115],[94.5682,24.7048],[94.5752,24.7234],[94.5834,24.7232],[94.5821,24.708],[94.5886,24.7041],[94.6084,24.7152],[94.6153,24.7371],[94.6309,24.758],[94.623,24.7779],[94.625,24.7974],[94.6324,24.8078],[94.6325,24.8224],[94.6389,24.8418],[94.6538,24.8559],[94.6545,24.8666],[94.6774,24.8799],[94.6898,24.8928],[94.6907,24.9009],[94.7036,24.9272],[94.7168,24.9354],[94.6997,24.9614],[94.7009,24.9713],[94.711,24.9867],[94.7239,24.9943],[94.74,25.0182],[94.7485,25.0564],[94.7488,25.0684],[94.7434,25.0946],[94.7436,25.1296],[94.7338,25.1359],[94.7116,25.143],[94.7015,25.1529],[94.6852,25.151],[94.6755,25.1582],[94.6459,25.1677],[94.629,25.1837],[94.6113,25.1829],[94.5998,25.1886],[94.5836,25.2092],[94.5975,25.2604],[94.597,25.2826],[94.6115,25.3155],[94.6343,25.3526],[94.6356,25.3739],[94.6428,25.3951],[94.6476,25.3998],[94.6693,25.406],[94.6765,25.42],[94.6808,25.4532],[94.6871,25.4589],[94.7449,25.4724],[94.755,25.4853],[94.7711,25.4745],[94.7828,25.4834],[94.8108,25.4885],[94.8272,25.5212],[94.8352,25.5436],[94.8514,25.5564],[94.9033,25.5601],[94.886,25.5806],[94.8941,25.591],[94.9098,25.5963],[94.9193,25.6078],[94.925,25.6335],[94.9335,25.6575],[94.9413,25.6683],[94.9821,25.6972],[94.9971,25.7146],[95.0078,25.7314],[95.0321,25.7343],[95.051,25.7554],[95.044,25.7756],[95.05,25.792],[95.0479,25.8029],[95.036,25.8131],[95.0318,25.8395],[95.014,25.865],[95.0208,25.8805],[95.018,25.894],[95.0267,25.9129],[95.0561,25.94],[95.0776,25.9438],[95.1051,25.961],[95.1162,25.9806],[95.1394,25.9993],[95.1476,26.0116],[95.1634,26.0278],[95.1643,26.0462],[95.1823,26.0673],[95.1841,26.0775],[95.1647,26.0919],[95.1504,26.0878],[95.1369,26.0955],[95.1255,26.094],[95.1194,26.1028],[95.1198,26.115],[95.1268,26.13],[95.1158,26.1561],[95.1248,26.1758],[95.1273,26.1963],[95.1415,26.2073],[95.1203,26.2319],[95.1287,26.2494],[95.1198,26.2681],[95.1303,26.2857],[95.1267,26.3292],[95.1327,26.3359],[95.1275,26.348],[95.135,26.3812],[95.121,26.3914],[95.1041,26.3947],[95.1081,26.4172],[95.0864,26.4456],[95.0659,26.444],[95.0683,26.4603],[95.0905,26.4882],[95.1019,26.4968],[95.103,26.5065],[95.1203,26.5234],[95.1144,26.5416],[95.1264,26.556],[95.1381,26.5541],[95.1541,26.5744],[95.1518,26.5912],[95.1544,26.6131],[95.1711,26.6237],[95.1817,26.6369],[95.2058,26.6427],[95.2191,26.6542],[95.2401,26.6852],[95.2505,26.6859],[95.2597,26.6798],[95.2617,26.6671],[95.2716,26.6563],[95.2927,26.6546],[95.3021,26.6494],[95.3174,26.6602],[95.3462,26.6712],[95.3654,26.6708],[95.3831,26.6813],[95.4059,26.6898],[95.4228,26.6898],[95.435,26.7013],[95.4415,26.716],[95.4537,26.7256],[95.4652,26.7435],[95.483,26.7481],[95.5017,26.7758],[95.5144,26.8063],[95.5324,26.8243],[95.5453,26.8309],[95.5623,26.8302],[95.5743,26.8186],[95.5843,26.8157],[95.611,26.8141],[95.6318,26.8423],[95.6364,26.8722],[95.6506,26.8767],[95.6626,26.8978],[95.673,26.9031],[95.6981,26.888],[95.703,26.8799],[95.7206,26.8763],[95.7303,26.8802],[95.7545,26.9005],[95.7577,26.9076],[95.7521,26.9229],[95.7633,26.9377],[95.7605,26.9567],[95.7793,26.9827],[95.815,27.0149],[95.8376,27.0079],[95.8574,27.015],[95.8767,27.013],[95.9003,27.0243],[95.9154,27.0378],[95.9358,27.0454],[95.9567,27.0607],[95.9788,27.1032],[95.9893,27.1177],[96.0166,27.1472],[96.0295,27.1803],[96.0362,27.1885],[96.057,27.1952],[96.0687,27.2056],[96.0861,27.2095],[96.0988,27.2238],[96.1143,27.2257],[96.1634,27.2468],[96.1818,27.2465],[96.1961,27.2574],[96.2178,27.2617],[96.2341,27.277],[96.2671,27.2699],[96.2783,27.2714],[96.2901,27.2861],[96.3105,27.294],[96.3354,27.2879],[96.3473,27.2803],[96.3611,27.2859],[96.3637,27.292],[96.3911,27.2863],[96.4157,27.2916],[96.4331,27.3016],[96.4612,27.3007],[96.4703,27.3041],[96.4855,27.2968],[96.4995,27.3009],[96.5165,27.292],[96.5302,27.2894],[96.5613,27.3166],[96.5749,27.3205],[96.6003,27.3359],[96.5978,27.3478],[96.62,27.3641],[96.6456,27.3591],[96.6696,27.3635],[96.6932,27.3566],[96.7058,27.3622],[96.712,27.3718],[96.7401,27.3554],[96.7723,27.3558],[96.8017,27.3452],[96.8163,27.3202],[96.8354,27.3011],[96.8489,27.2968],[96.8547,27.2707],[96.8653,27.2594],[96.8841,27.2583],[96.8917,27.2379],[96.889,27.2271],[96.8652,27.2139],[96.8623,27.2095],[96.8652,27.1899],[96.9016,27.1708],[96.9172,27.1655],[96.954,27.1635],[96.9834,27.1565],[96.9977,27.1436],[97.0289,27.1313],[97.0612,27.1005],[97.0776,27.0993],[97.1071,27.1105],[97.1132,27.1092],[97.1295,27.0929],[97.1449,27.0919],[97.1544,27.1155],[97.1702,27.1259],[97.1657,27.1446],[97.1546,27.1514],[97.1485,27.1676],[97.1389,27.1668],[97.1259,27.1745],[97.1226,27.1893],[97.1154,27.1987],[97.0992,27.2045],[97.0939,27.211],[97.0929,27.2375],[97.0806,27.2435],[97.0577,27.2666],[97.0556,27.2755],[97.0425,27.2796],[97.0393,27.2978],[97.0159,27.3101],[97.0024,27.32],[96.9966,27.3453],[96.9842,27.3529],[96.9811,27.364],[96.9682,27.3766],[96.9747,27.3864],[96.9682,27.3922],[96.9648,27.4058],[96.9407,27.4175],[96.9327,27.4411],[96.9113,27.4534],[96.9107,27.4723],[96.915,27.4836],[96.933,27.5065],[96.9372,27.5209],[96.9241,27.5422],[96.9154,27.5492],[96.9137,27.5795],[96.8989,27.5847],[96.8973,27.612],[96.9192,27.6226],[96.9307,27.6377],[96.9421,27.6586],[96.9585,27.6654],[96.9907,27.6621],[96.9924,27.6767],[97.0156,27.7318],[97.0373,27.7433],[97.048,27.7404],[97.0674,27.7508],[97.0913,27.7394],[97.0963,27.7409],[97.1047,27.7662],[97.0983,27.7796],[97.1024,27.7845],[97.1242,27.7895],[97.1373,27.8061],[97.1603,27.8136],[97.1678,27.8273],[97.1818,27.8327],[97.2025,27.8554],[97.2368,27.8809],[97.2472,27.8949],[97.2565,27.9005],[97.3087,27.9208],[97.3239,27.9026],[97.3211,27.8802],[97.3434,27.8847],[97.3647,27.8757],[97.3889,27.8869],[97.3785,27.9086],[97.3876,27.9214],[97.3756,27.9351],[97.3786,27.954],[97.3781,27.977],[97.3913,28.0028],[97.4117,28.006],[97.4153,28.0149],[97.3987,28.025],[97.3773,28.0301],[97.3682,28.0435],[97.3742,28.0537],[97.3663,28.0592],[97.332,28.0566],[97.3121,28.0612],[97.3081,28.0684],[97.3106,28.0846],[97.3394,28.1109],[97.3405,28.1159],[97.3252,28.1397],[97.3313,28.1545],[97.3726,28.1919],[97.3928,28.1826],[97.4011,28.1919],[97.3753,28.2172],[97.352,28.226],[97.3345,28.2395],[97.3138,28.2437],[97.3071,28.2559],[97.2829,28.2682],[97.269,28.2703],[97.2421,28.2672],[97.2351,28.2729],[97.2252,28.2921],[97.1936,28.2867],[97.1704,28.2946],[97.1599,28.3194],[97.1271,28.3489],[97.114,28.3516],[97.0938,28.3624],[97.0674,28.3523],[97.0531,28.3509],[97.0426,28.342],[97.0376,28.3315],[97.0239,28.3191],[96.9977,28.3091],[96.9753,28.3166],[96.9541,28.333],[96.9273,28.3381],[96.9214,28.3565],[96.9001,28.3792],[96.864,28.3717],[96.8537,28.3617],[96.828,28.3606],[96.7842,28.3639],[96.776,28.3676],[96.7592,28.4091],[96.7358,28.4246],[96.7187,28.4268],[96.6833,28.4452],[96.6665,28.4598],[96.6411,28.4583],[96.6006,28.4604],[96.5816,28.4573],[96.5615,28.4473],[96.5531,28.4365],[96.5358,28.4289],[96.5122,28.4126],[96.4987,28.4179],[96.482,28.419],[96.4603,28.4136],[96.434,28.3861],[96.4247,28.3453],[96.4013,28.3388],[96.3941,28.357],[96.382,28.3585],[96.373,28.3888],[96.3219,28.3808],[96.3068,28.3994],[96.2696,28.405],[96.2681,28.4119],[96.2993,28.4339],[96.3373,28.4576],[96.3436,28.4648],[96.3692,28.4743],[96.374,28.4916],[96.3632,28.5046],[96.3267,28.5253],[96.3372,28.5335],[96.3571,28.5556],[96.3732,28.5591],[96.4032,28.5573],[96.4086,28.5728],[96.4024,28.5854],[96.4098,28.5894],[96.425,28.58],[96.4305,28.5821],[96.4469,28.6009],[96.4754,28.6174],[96.4966,28.6331],[96.4977,28.6387],[96.4865,28.6603],[96.4732,28.6796],[96.4932,28.6836],[96.5107,28.6962],[96.5349,28.7065],[96.5626,28.7069],[96.5886,28.7166],[96.6121,28.7484],[96.6182,28.7599],[96.6188,28.7736],[96.6112,28.7932],[96.598,28.8104],[96.5872,28.8168],[96.5658,28.8434],[96.5499,28.87],[96.5406,28.8797],[96.5392,28.8927],[96.5419,28.9166],[96.527,28.9438],[96.5245,28.961],[96.5167,28.9662],[96.5041,28.9595],[96.4909,28.9612],[96.4808,28.99],[96.4921,29.0065],[96.5288,29.0754],[96.5223,29.0746],[96.4808,29.0563],[96.4625,29.042],[96.4394,29.0338],[96.3926,29.0304],[96.3724,29.0313],[96.3504,29.0286],[96.3252,29.0091],[96.2973,28.9951],[96.2855,28.98],[96.2592,28.9555],[96.2518,28.9391],[96.2317,28.9256],[96.1895,28.9083],[96.1782,28.9006],[96.17,28.9022],[96.1665,28.9184],[96.1489,28.9339],[96.1577,28.943],[96.1588,28.9521],[96.1841,28.965],[96.1886,28.9846],[96.169,29.0167],[96.1647,29.0332],[96.1543,29.0499],[96.1407,29.0613],[96.1185,29.0745],[96.1282,29.0775],[96.1735,29.0844],[96.1896,29.0914],[96.2043,29.1027],[96.2216,29.135],[96.2319,29.1433],[96.253,29.147],[96.2643,29.157],[96.2947,29.159],[96.3117,29.1652],[96.3504,29.1678],[96.3626,29.1784],[96.3755,29.2149],[96.3919,29.2306],[96.3971,29.2534],[96.3864,29.2734],[96.3793,29.2808],[96.3675,29.2827],[96.3497,29.2644],[96.3169,29.2562],[96.2973,29.2328],[96.27,29.2336],[96.2552,29.2303],[96.2385,29.2406],[96.2306,29.257],[96.2145,29.2721],[96.2078,29.291],[96.1877,29.3067],[96.1905,29.342],[96.18,29.3621],[96.1626,29.3808],[96.1549,29.397],[96.1182,29.4254],[96.0979,29.4544],[96.0857,29.4614],[96.0607,29.4565],[96.0398,29.441],[96.0196,29.4194],[96.0075,29.4101],[95.9983,29.4085],[95.9621,29.3807],[95.9404,29.3823],[95.8859,29.3896],[95.864,29.3656],[95.8453,29.3518],[95.8318,29.3538],[95.8076,29.3375],[95.7961,29.336],[95.7882,29.3546],[95.7827,29.3546],[95.7505,29.3273],[95.7485,29.3144],[95.732,29.3006],[95.7202,29.2964],[95.7069,29.2986],[95.6972,29.2846],[95.6782,29.2692],[95.6362,29.2472],[95.6101,29.2606],[95.6037,29.26],[95.5926,29.2405],[95.5907,29.2161],[95.5499,29.2137],[95.5421,29.2064],[95.5502,29.1786],[95.5515,29.1266],[95.5083,29.141],[95.5011,29.1383],[95.4966,29.1217],[95.4937,29.0876],[95.4876,29.069],[95.4786,29.0638],[95.4589,29.0348],[95.4261,29.0391],[95.4147,29.032],[95.3502,29.0441],[95.323,29.0531],[95.3075,29.061],[95.2713,29.0558],[95.2549,29.0667],[95.2562,29.084],[95.2527,29.092],[95.2557,29.1082],[95.2454,29.109],[95.2016,29.1059],[95.1825,29.107],[95.151,29.114],[95.1268,29.1147],[95.1186,29.1197],[95.1035,29.1424],[95.0833,29.1442],[95.0449,29.1511],[95.0102,29.1692],[95.0095,29.1564],[95.0235,29.1416],[95.028,29.1292],[95.0003,29.1396],[94.973,29.1585],[94.9242,29.1611],[94.898,29.1749],[94.8773,29.1832],[94.8521,29.1819],[94.815,29.1657],[94.8035,29.1636],[94.7984,29.1794],[94.8035,29.2091],[94.7965,29.2253],[94.7723,29.252],[94.754,29.2655],[94.7425,29.2813],[94.717,29.3037],[94.6833,29.3273],[94.672,29.3313],[94.6476,29.3465],[94.6343,29.3482],[94.625,29.3123],[94.6167,29.3006],[94.5799,29.2746],[94.578,29.25],[94.5638,29.2283],[94.5389,29.2181],[94.5004,29.2161],[94.4371,29.2263],[94.4198,29.2122],[94.3828,29.194],[94.3782,29.1897],[94.3695,29.1566],[94.356,29.1496],[94.3035,29.15],[94.2936,29.1476],[94.2834,29.1348],[94.2635,29.1162],[94.2305,29.0894],[94.2205,29.0835],[94.1911,29.0382],[94.1809,29.0198],[94.1776,29.0071],[94.1785,28.9911],[94.1639,28.9733],[94.1607,28.954],[94.142,28.9396],[94.0843,28.905],[94.0494,28.873],[94.0355,28.8526],[94.0202,28.8503],[94.0003,28.8405],[94.0053,28.8189],[93.9909,28.8059],[93.9906,28.7974],[94.0069,28.7833],[94.0067,28.7746],[93.9737,28.7504],[93.9703,28.742],[93.9707,28.7222],[93.9621,28.7037],[93.9396,28.676],[93.9247,28.6693],[93.9092,28.6756],[93.8705,28.7028],[93.8492,28.7065],[93.824,28.694],[93.7905,28.6705],[93.7804,28.6676],[93.7526,28.6823],[93.7369,28.6884],[93.7049,28.6791],[93.6908,28.6785],[93.6747,28.6711],[93.6442,28.6611],[93.6123,28.6551],[93.5666,28.6589],[93.5392,28.6581],[93.5299,28.6606],[93.5239,28.6731],[93.501,28.6834],[93.4847,28.6743],[93.4796,28.653],[93.4722,28.6514],[93.4622,28.6678],[93.4512,28.6754],[93.4353,28.6617],[93.4173,28.6523],[93.3952,28.6489],[93.3564,28.6383],[93.3425,28.6396],[93.3378,28.6331],[93.3331,28.6077],[93.3053,28.5989],[93.303,28.5914],[93.3107,28.5656],[93.2943,28.5427],[93.2812,28.5041],[93.2343,28.4772],[93.2128,28.4515],[93.1879,28.4392],[93.1956,28.4253],[93.231,28.4075],[93.2366,28.3999],[93.2273,28.3771],[93.2243,28.3606],[93.2277,28.3402],[93.2119,28.3224],[93.1987,28.3171],[93.16,28.3176],[93.1298,28.326],[93.1172,28.3147],[93.1004,28.3062],[93.0771,28.3084],[93.0513,28.3017],[93.0373,28.3029],[93.027,28.2991],[93.0388,28.2623],[93.0253,28.2514],[93.0053,28.2299],[92.995,28.2336],[92.991,28.2505],[92.9696,28.261],[92.9468,28.2479],[92.928,28.2418],[92.918,28.2342],[92.9104,28.2144],[92.9003,28.2038],[92.8446,28.1786],[92.833,28.1707],[92.8227,28.1835],[92.8244,28.1967],[92.8126,28.2033],[92.8047,28.2015],[92.7881,28.183],[92.7416,28.1508],[92.7096,28.1358],[92.692,28.1251],[92.6852,28.1173],[92.6679,28.062],[92.6862,28.0578],[92.7003,28.0475],[92.7144,28.0324],[92.726,28.0155],[92.7326,28.0006],[92.7442,27.9885],[92.7345,27.971],[92.7059,27.9329],[92.6738,27.8992],[92.6562,27.892],[92.625,27.8835],[92.6097,27.8766],[92.5903,27.8559],[92.5653,27.8201],[92.5485,27.8165],[92.5197,27.8393],[92.506,27.8406],[92.4972,27.8359],[92.4596,27.8024],[92.4485,27.7999],[92.4186,27.8222],[92.3877,27.8147],[92.3845,27.7942],[92.355,27.7898],[92.3207,27.7774],[92.3121,27.7784],[92.2895,27.8068],[92.2723,27.8532],[92.2601,27.8615],[92.2392,27.862],[92.2053,27.8564],[92.1611,27.8364],[92.1249,27.81],[92.0895,27.7791],[92.0603,27.7585],[92.0427,27.7566],[92.0053,27.7669],[91.9889,27.7694],[91.9708,27.7508],[91.9606,27.7501],[91.9501,27.7281],[91.9238,27.7145],[91.9134,27.7257],[91.8837,27.7213],[91.8755,27.7339],[91.8656,27.7364],[91.8564,27.7645],[91.8504,27.7751],[91.8387,27.7794],[91.8332,27.8071],[91.8205,27.8029],[91.8094,27.8084],[91.7764,27.8008],[91.7516,27.8029],[91.715,27.8129],[91.6995,27.8217],[91.6748,27.8563],[91.6474,27.8538],[91.6272,27.8574],[91.6129,27.8537],[91.5997,27.8617],[91.59,27.8559],[91.5753,27.8604],[91.5644,27.8514],[91.5514,27.8465],[91.571,27.815],[91.5785,27.8124],[91.5897,27.8184],[91.6043,27.8205],[91.6336,27.8004],[91.6365,27.7712],[91.6454,27.7576],[91.635,27.7466],[91.6344,27.7314],[91.629,27.7055],[91.6153,27.6925],[91.6078,27.6945],[91.5971,27.6828],[91.595,27.6714],[91.5721,27.652],[91.5629,27.633],[91.5683,27.6195],[91.5813,27.6078],[91.5819,27.5991],[91.5671,27.5837],[91.5719,27.5745],[91.5866,27.5618],[91.5994,27.539],[91.6142,27.5411],[91.6254,27.5128],[91.649,27.4984],[91.6523,27.4841],[91.6581,27.4824],[91.6949,27.5021],[91.7154,27.4906],[91.7186,27.473],[91.738,27.4696],[91.7613,27.4727],[91.7785,27.4638],[91.8141,27.4719],[91.8331,27.4683],[91.8538,27.4818],[91.8677,27.4813],[91.8768,27.4721],[91.8956,27.4725],[91.9031,27.4675],[91.9273,27.4706],[91.9439,27.4598],[91.9592,27.4606],[91.9699,27.466],[91.9835,27.4642],[91.9936,27.4735],[92.0157,27.481],[92.0232,27.4789],[92.0212,27.4572],[92.0283,27.4407],[92.0431,27.4356],[92.0483,27.4245],[92.0464,27.412],[92.0588,27.3992],[92.0503,27.3784],[92.0526,27.3574],[92.0644,27.3443],[92.063,27.3263],[92.0821,27.3093],[92.1067,27.3004],[92.1214,27.2918],[92.123,27.2749],[92.1056,27.2681],[92.0741,27.2764],[92.0529,27.2706],[92.044,27.2608],[92.0698,27.2439],[92.0736,27.2226],[92.0612,27.2021],[92.0602,27.1886],[92.0291,27.1707],[92.0282,27.1532],[92.0403,27.1374],[92.026,27.1139],[92.0314,27.0961],[92.0316,27.0775],[92.04,27.0691],[92.0486,27.0509],[92.0677,27.0511],[92.0803,27.0387],[92.0834,27.0195],[92.1069,27.0066],[92.1057,26.9818],[92.1167,26.9745],[92.1209,26.959],[92.1154,26.9482],[92.1205,26.9312],[92.1123,26.9062],[92.1113,26.8926],[92.102,26.8806],[92.1008,26.8674],[92.0586,26.8468],[92.0204,26.8499],[91.989,26.8571],[91.9634,26.8765],[91.9575,26.8866],[91.9456,26.8938],[91.9009,26.9151],[91.8571,26.9113],[91.8355,26.8754],[91.8056,26.8511],[91.7786,26.8378],[91.7306,26.8116],[91.7009,26.8109],[91.683,26.8038],[91.6573,26.8142],[91.6276,26.8205],[91.5945,26.8039],[91.4966,26.789],[91.4821,26.791],[91.4585,26.807],[91.4124,26.8348],[91.4061,26.8344],[91.3836,26.8008],[91.3636,26.7888],[91.3403,26.779],[91.2991,26.7845],[91.2665,26.8044],[91.2411,26.8083],[91.2065,26.8081],[91.1846,26.8109],[91.134,26.8079],[91.0934,26.8179],[91.0799,26.8],[91.0583,26.7789],[91.0458,26.7785],[91.0004,26.7878],[90.9803,26.7849],[90.9315,26.7817],[90.9015,26.7782],[90.8753,26.7792],[90.8068,26.7736],[90.767,26.7732],[90.7456,26.7747],[90.7386,26.769],[90.7046,26.7677],[90.6841,26.7799],[90.6746,26.7804],[90.6539,26.7739],[90.6351,26.7913],[90.6063,26.7972],[90.5856,26.7972],[90.5648,26.8007],[90.5537,26.8116],[90.5338,26.8232],[90.4591,26.8722],[90.4273,26.8979],[90.4149,26.9017],[90.3603,26.8959],[90.351,26.8762],[90.3169,26.8506],[90.2956,26.8483],[90.2676,26.8552],[90.2315,26.858],[90.2201,26.8535],[90.2,26.8328],[90.1878,26.8039],[90.1939,26.7704],[90.1331,26.7489],[90.0728,26.7319],[90.0505,26.7289],[90.025,26.7304],[90.0074,26.7342],[89.99,26.7266],[89.9632,26.723],[89.9263,26.7225],[89.8948,26.7243],[89.8679,26.7369],[89.8639,26.7311],[89.8652,26.7085],[89.8604,26.7027],[89.8378,26.7114],[89.8127,26.7149],[89.7824,26.6992],[89.7606,26.7205],[89.765,26.735],[89.7319,26.7222],[89.7252,26.73],[89.7089,26.737],[89.6961,26.7356],[89.6751,26.7392],[89.6726,26.7283],[89.6642,26.7184],[89.6476,26.7228],[89.6393,26.7189],[89.6199,26.7255],[89.6215,26.7326],[89.6336,26.7422],[89.6475,26.7469],[89.6592,26.7718],[89.6456,26.7831],[89.6325,26.7761],[89.617,26.7893],[89.5726,26.8016],[89.5647,26.8155],[89.5518,26.8119],[89.5342,26.8189],[89.5173,26.8169],[89.5022,26.8029],[89.4863,26.8025],[89.4652,26.8062],[89.4571,26.8143],[89.459,26.8301],[89.4539,26.8347],[89.4335,26.8359],[89.4154,26.8411],[89.3955,26.8418],[89.3905,26.8617],[89.3779,26.8667],[89.3658,26.8633],[89.3344,26.84],[89.326,26.8532],[89.2957,26.8342],[89.2582,26.8163],[89.2418,26.8206],[89.2196,26.8177],[89.1959,26.8084],[89.1791,26.8216],[89.1549,26.8116],[89.1353,26.8091],[89.1274,26.8222],[89.1189,26.8224],[89.1083,26.8362],[89.1065,26.8491],[89.1104,26.8597],[89.0941,26.875],[89.1015,26.8873],[89.0922,26.8972],[89.0671,26.9039],[89.0559,26.9024],[89.0528,26.9196],[89.0377,26.9297],[89.0339,26.9379],[88.9911,26.9206],[88.9689,26.924],[88.948,26.9384],[88.9478,26.9461],[88.962,26.9541],[88.9603,26.9681],[88.9531,26.9772],[88.9368,26.9838],[88.9257,26.996],[88.918,26.9942],[88.9085,26.9813],[88.9005,26.977],[88.8958,26.9612],[88.8793,26.957],[88.8772,27.0106],[88.8855,27.0382],[88.8783,27.0776],[88.8768,27.1085],[88.8654,27.1067],[88.85,27.1166],[88.833,27.1175],[88.8176,27.1256],[88.807,27.1366],[88.7923,27.1354],[88.758,27.1427],[88.7677,27.1579],[88.7654,27.1718],[88.773,27.1783],[88.7917,27.1818],[88.7967,27.2017],[88.8078,27.2205],[88.8082,27.2474],[88.8423,27.2629],[88.8709,27.262],[88.8795,27.2586],[88.8903,27.2689],[88.9063,27.2748],[88.9176,27.2929],[88.9166,27.3057],[88.9295,27.3261],[88.897,27.3362],[88.8864,27.3642],[88.8745,27.368],[88.8719,27.3796],[88.8638,27.3866],[88.8456,27.3786],[88.8248,27.4005],[88.8167,27.405],[88.8105,27.4269],[88.8014,27.4364],[88.8021,27.4468],[88.7908,27.4553],[88.7889,27.4675],[88.793,27.4922],[88.7907,27.4962],[88.7961,27.5284],[88.7826,27.5374],[88.7747,27.5647],[88.7932,27.576],[88.7949,27.5853],[88.8131,27.603],[88.8159,27.6189],[88.8141,27.6319],[88.8176,27.6417],[88.83,27.6426],[88.8399,27.6501],[88.8543,27.6687],[88.8533,27.7001],[88.8467,27.7109],[88.8578,27.7173],[88.8621,27.7299],[88.8702,27.7388],[88.8624,27.7591],[88.8602,27.7781],[88.8647,27.7987],[88.8633,27.8177],[88.881,27.8272],[88.8889,27.8387],[88.89,27.8551],[88.8882,27.895],[88.8783,27.9022],[88.8671,27.925],[88.8444,27.9318],[88.8446,27.9471],[88.8522,27.9562],[88.848,27.965],[88.8491,27.9908],[88.8373,28.0149],[88.8078,28.0305],[88.7907,28.0505],[88.7595,28.0731],[88.7488,28.0757],[88.7228,28.0754],[88.6943,28.0787],[88.6753,28.0738],[88.6538,28.0988],[88.6463,28.1041],[88.6414,28.1203],[88.6299,28.1307],[88.6161,28.1272],[88.6251,28.1034],[88.6046,28.0966],[88.5834,28.0853],[88.5755,28.0887],[88.563,28.0845],[88.5609,28.0651],[88.5419,28.0363],[88.5097,28.0486],[88.4904,28.0447],[88.4802,28.0364],[88.4702,28.0194],[88.4351,28.0077],[88.4209,27.9966],[88.4106,27.9832],[88.3973,27.9774],[88.3724,27.9877],[88.3464,27.9876],[88.3248,27.9793],[88.3134,27.9695],[88.289,27.9673],[88.2807,27.958],[88.2674,27.9559],[88.2525,27.9481],[88.2438,27.9537],[88.2383,27.9674],[88.2267,27.964],[88.2122,27.9661],[88.2034,27.9457],[88.1823,27.9442],[88.1624,27.9573],[88.1478,27.963],[88.1326,27.9504],[88.1376,27.9378],[88.1255,27.9253],[88.1225,27.9117],[88.1349,27.8946],[88.1388,27.8814],[88.134,27.8731],[88.1789,27.866],[88.2024,27.8503],[88.1977,27.8342],[88.1773,27.8205],[88.1864,27.8129],[88.1988,27.7881],[88.1843,27.762],[88.1808,27.7493],[88.1604,27.7355],[88.152,27.7039],[88.1552,27.6854],[88.151,27.6686],[88.1316,27.6531],[88.1222,27.6381],[88.1163,27.6139],[88.1077,27.6039],[88.086,27.5899],[88.0798,27.5793],[88.0835,27.5616],[88.0671,27.5491],[88.0634,27.5373],[88.0701,27.5339],[88.0601,27.5112],[88.0474,27.4933],[88.0506,27.4718],[88.0688,27.4507],[88.0708,27.4257],[88.0541,27.4145],[88.0489,27.407],[88.0442,27.3827],[88.0455,27.3674],[88.0613,27.3532],[88.065,27.3379],[88.0623,27.3291],[88.0488,27.3118],[88.0422,27.2895],[88.0325,27.2687],[88.0332,27.2476],[88.0175,27.2213],[88.0183,27.1946],[88.0147,27.1792],[88.0154,27.162],[88.0027,27.1357],[87.9942,27.1266],[87.9931,27.1078],[88.0106,27.1003],[88.0252,27.0848],[88.0241,27.0667],[88.0282,27.0554],[88.0376,27.0499],[88.0458,27.0382],[88.0691,27.0311],[88.0859,27.0335],[88.093,27.0069],[88.1159,26.9878],[88.1321,26.9875],[88.1351,26.9808],[88.1233,26.9513],[88.1254,26.9443],[88.1388,26.9367],[88.1442,26.9277],[88.1443,26.8893],[88.1724,26.868],[88.1758,26.8517],[88.1689,26.8383],[88.176,26.8289],[88.1848,26.7971],[88.1839,26.7844],[88.1881,26.768],[88.1889,26.7293],[88.1867,26.7182],[88.1666,26.681],[88.1673,26.666],[88.1597,26.6357],[88.14,26.6213],[88.1403,26.6114],[88.1331,26.6043],[88.1352,26.591],[88.1326,26.574],[88.1152,26.5693],[88.1144,26.5591],[88.1066,26.5553],[88.1122,26.5389],[88.109,26.5254],[88.0997,26.5086],[88.1075,26.4896],[88.1045,26.4747],[88.1088,26.4655],[88.0968,26.4536],[88.1034,26.4461],[88.0984,26.4345],[88.0613,26.3986],[88.0395,26.3848],[88.0334,26.3773],[88.0312,26.3554],[88.0102,26.355],[87.9924,26.3726],[87.9908,26.3928],[87.9674,26.3979],[87.9347,26.418],[87.9198,26.4315],[87.9244,26.447],[87.9007,26.4488],[87.9114,26.4585],[87.9019,26.4772],[87.8914,26.4861],[87.8872,26.476],[87.8652,26.4679],[87.8602,26.4629],[87.8612,26.4472],[87.8505,26.4356],[87.8296,26.4403],[87.831,26.4498],[87.8161,26.4602],[87.7958,26.4684],[87.777,26.4515],[87.78,26.4345],[87.7759,26.4218],[87.7666,26.409],[87.7541,26.4079],[87.75,26.4178],[87.7403,26.4187],[87.7356,26.4076],[87.7246,26.412],[87.7154,26.4273],[87.7004,26.4288],[87.6941,26.4356],[87.6791,26.4355],[87.6786,26.4162],[87.6515,26.4056],[87.6528,26.3928],[87.6291,26.3934],[87.6142,26.3908],[87.6094,26.381],[87.5903,26.3824],[87.5867,26.3938],[87.5553,26.4051],[87.5497,26.4186],[87.5368,26.4214],[87.5179,26.4303],[87.4785,26.4398],[87.4629,26.4397],[87.4441,26.4327],[87.4288,26.421],[87.3887,26.4187],[87.3783,26.4081],[87.3651,26.4029],[87.3557,26.3855],[87.3582,26.3605],[87.3412,26.3483],[87.3185,26.3638],[87.3136,26.3719],[87.3031,26.3665],[87.2905,26.3744],[87.2668,26.3737],[87.2677,26.3973],[87.2656,26.4081],[87.2463,26.4146],[87.2307,26.4138],[87.2223,26.406],[87.2128,26.413],[87.1877,26.4141],[87.1909,26.4046],[87.1575,26.4057],[87.1302,26.4226],[87.0925,26.4521],[87.0784,26.537],[87.0749,26.5414],[87.0748,26.5772],[87.0724,26.5865],[87.0457,26.5872],[87.046,26.573],[87.016,26.5337],[86.9997,26.5273],[86.9866,26.528],[86.9778,26.5194],[86.9637,26.522],[86.9331,26.5118],[86.9319,26.4885],[86.8964,26.4867],[86.8927,26.481],[86.8968,26.4616],[86.8661,26.4554],[86.8429,26.4399],[86.8233,26.4404],[86.7952,26.4481],[86.7728,26.4583],[86.763,26.4464],[86.7553,26.4467],[86.7471,26.4324],[86.7351,26.4244],[86.7201,26.4351],[86.6989,26.4419],[86.6929,26.451],[86.6355,26.4668],[86.618,26.486],[86.573,26.4979],[86.5559,26.5154],[86.5509,26.5305],[86.5383,26.5413],[86.501,26.5422],[86.455,26.5692],[86.4277,26.5752],[86.3983,26.5855],[86.3964,26.5946],[86.3589,26.6044],[86.3432,26.6059],[86.3456,26.6165],[86.3109,26.6198],[86.2965,26.613],[86.2731,26.6164],[86.2565,26.6133],[86.237,26.5975],[86.2217,26.5898],[86.2011,26.5945],[86.1945,26.6146],[86.1623,26.6136],[86.1435,26.6043],[86.1394,26.6286],[86.127,26.6281],[86.0767,26.6503],[86.0718,26.659],[86.0302,26.6664],[86.0147,26.656],[85.9957,26.6555],[85.9759,26.6595],[85.9568,26.6497],[85.9519,26.6273],[85.9445,26.6156],[85.9125,26.6087],[85.9017,26.6022],[85.8881,26.5857],[85.8759,26.5816],[85.8583,26.5695],[85.8475,26.5721],[85.857,26.5915],[85.8521,26.6083],[85.8307,26.613],[85.8303,26.6026],[85.8182,26.6032],[85.8064,26.6134],[85.8022,26.6252],[85.7689,26.6317],[85.7423,26.6449],[85.736,26.6646],[85.7284,26.6693],[85.7241,26.681],[85.7272,26.7241],[85.7354,26.7384],[85.7299,26.7484],[85.7359,26.7775],[85.736,26.7949],[85.7274,26.8068],[85.7264,26.8167],[85.706,26.8312],[85.6781,26.8447],[85.6438,26.8532],[85.6372,26.8723],[85.6244,26.8739],[85.6094,26.857],[85.5883,26.8483],[85.5849,26.8581],[85.5763,26.8596],[85.5673,26.8408],[85.555,26.8339],[85.545,26.8374],[85.5226,26.8129],[85.5075,26.8154],[85.4982,26.8084],[85.4964,26.7968],[85.4802,26.8023],[85.4753,26.7893],[85.4547,26.781],[85.4376,26.7892],[85.4256,26.7862],[85.4094,26.7909],[85.4039,26.7807],[85.388,26.7746],[85.3722,26.7578],[85.3618,26.7631],[85.3368,26.7414],[85.3078,26.7522],[85.2957,26.7517],[85.2584,26.7557],[85.2364,26.7629],[85.2174,26.7581],[85.2092,26.7605],[85.1943,26.7801],[85.1963,26.7894],[85.1846,26.798],[85.1793,26.8146],[85.1917,26.8297],[85.1943,26.8389],[85.1956,26.869],[85.1648,26.8684],[85.1055,26.871],[85.0872,26.8541],[85.0672,26.8498],[85.0462,26.851],[85.0273,26.8559],[85.0329,26.8745],[85.0469,26.8799],[85.0537,26.889],[85.0108,26.8944],[85.0017,26.9157],[84.9715,26.9202],[84.9794,26.9453],[84.9616,26.9628],[84.9321,26.9717],[84.901,26.9733],[84.8942,26.9789],[84.8551,26.9959],[84.8578,27.0084],[84.829,27.0208],[84.8186,27.0184],[84.8054,27.0013],[84.793,26.9975],[84.7916,27.0077],[84.7775,27.018],[84.7688,27.0128],[84.7632,27.0002],[84.7511,27.0079],[84.7016,27.0289],[84.6793,27.0335],[84.6462,27.0467],[84.6505,27.0731],[84.6712,27.0907],[84.6785,27.1046],[84.6746,27.11],[84.6858,27.1416],[84.6878,27.1549],[84.6777,27.1712],[84.6859,27.1814],[84.6856,27.2025],[84.6914,27.2233],[84.676,27.2565],[84.6426,27.3137],[84.6262,27.3365],[84.6069,27.3383],[84.5664,27.3493],[84.5268,27.3518],[84.4875,27.3598],[84.4723,27.3545],[84.4602,27.3629],[84.4244,27.3712],[84.3933,27.3692],[84.3829,27.3747],[84.3686,27.3727],[84.3405,27.3754],[84.3198,27.3825],[84.3037,27.3913],[84.2942,27.3846],[84.2774,27.3967],[84.279,27.4042],[84.272,27.429],[84.2602,27.4346],[84.2551,27.4497],[84.241,27.4518],[84.2126,27.4493],[84.2111,27.4675],[84.1898,27.4701],[84.1552,27.4866],[84.1497,27.5013],[84.1569,27.5122],[84.1542,27.5186],[84.1342,27.5119],[84.1237,27.5123],[84.1172,27.5209],[84.1019,27.5139],[84.1016,27.4983],[84.0878,27.4862],[84.0702,27.4809],[84.0632,27.4535],[84.0257,27.4353],[84.001,27.4448],[83.9838,27.4375],[83.9669,27.4445],[83.9503,27.4411],[83.936,27.4488],[83.9154,27.4399],[83.8923,27.4385],[83.8811,27.4349],[83.8694,27.4369],[83.8565,27.4451],[83.8453,27.4417],[83.8349,27.4281],[83.8371,27.4219],[83.8573,27.4061],[83.8653,27.3932],[83.8792,27.386],[83.8863,27.376],[83.8806,27.3619],[83.8666,27.3449],[83.8395,27.3662],[83.8233,27.375],[83.7519,27.4031],[83.6514,27.4529],[83.6086,27.47],[83.5236,27.4713],[83.4513,27.4748],[83.4289,27.4778],[83.4021,27.478],[83.3958,27.4649],[83.4068,27.4541],[83.3917,27.4347],[83.3916,27.4264],[83.4053,27.415],[83.4059,27.3986],[83.395,27.3888],[83.3911,27.3727],[83.3744,27.3653],[83.3736,27.355],[83.3576,27.34],[83.3413,27.3335],[83.3118,27.3292],[83.2968,27.3347],[83.2792,27.3466],[83.2699,27.3615],[83.2724,27.3806],[83.2466,27.4017],[83.2159,27.4172],[83.2055,27.4357],[83.1842,27.4529],[83.1617,27.4547],[83.1122,27.4493],[83.053,27.448],[83.023,27.4526],[82.9755,27.4639],[82.9473,27.4736],[82.9379,27.4948],[82.9257,27.5005],[82.8833,27.4961],[82.8414,27.5013],[82.8183,27.4954],[82.7822,27.4998],[82.7463,27.5002],[82.7373,27.5096],[82.7489,27.521],[82.7411,27.5446],[82.7465,27.5651],[82.755,27.5833],[82.7378,27.6122],[82.7442,27.6316],[82.7331,27.641],[82.7331,27.6523],[82.7161,27.6621],[82.7197,27.6884],[82.7089,27.7112],[82.6994,27.7204],[82.6907,27.7165],[82.6603,27.7152],[82.6455,27.7096],[82.6335,27.7113],[82.6238,27.7027],[82.6037,27.7019],[82.5986,27.6958],[82.5856,27.6972],[82.5655,27.6887],[82.5434,27.6852],[82.5168,27.689],[82.4876,27.6826],[82.477,27.676],[82.4586,27.6762],[82.4299,27.6878],[82.3877,27.714],[82.3796,27.7314],[82.3491,27.7534],[82.2996,27.7753],[82.2841,27.7852],[82.2767,27.795],[82.2584,27.8104],[82.23,27.8241],[82.2072,27.8457],[82.1938,27.8481],[82.16,27.8655],[82.1523,27.8581],[82.126,27.8657],[82.1208,27.8744],[82.1039,27.8838],[82.0862,27.9051],[82.0745,27.9237],[82.0527,27.922],[81.9713,27.9295],[81.9576,27.9084],[81.9441,27.8949],[81.9399,27.8844],[81.9274,27.8768],[81.929,27.8596],[81.9103,27.8544],[81.8906,27.8576],[81.8422,27.8904],[81.8223,27.9024],[81.8068,27.9025],[81.7814,27.9204],[81.755,27.944],[81.7423,27.9526],[81.7003,27.9888],[81.6721,27.9897],[81.6329,28.0027],[81.6091,28.0177],[81.5808,28.0282],[81.5644,28.0407],[81.5445,28.0498],[81.4783,28.0841],[81.4842,28.114],[81.4556,28.1365],[81.4502,28.1565],[81.4292,28.171],[81.417,28.1738],[81.3813,28.1731],[81.3733,28.1653],[81.3811,28.1479],[81.3642,28.1401],[81.3306,28.1377],[81.3144,28.1612],[81.3274,28.1709],[81.3207,28.1846],[81.3204,28.2018],[81.3034,28.2194],[81.293,28.223],[81.2404,28.2809],[81.2364,28.2923],[81.2379,28.3221],[81.2356,28.33],[81.2149,28.3579],[81.1665,28.3688],[81.1102,28.3759],[81.0861,28.3847],[81.054,28.4067],[81.0401,28.4113],[81.0371,28.4002],[81.0224,28.4105],[81.04,28.4253],[81.0301,28.4368],[81.0166,28.4333],[81.0156,28.4469],[81.0039,28.4501],[80.9906,28.4402],[80.9663,28.4362],[80.9585,28.4457],[80.9289,28.4544],[80.9098,28.457],[80.9001,28.4688],[80.9017,28.4835],[80.9086,28.495],[80.8923,28.5045],[80.879,28.5073],[80.8647,28.5049],[80.8659,28.4922],[80.842,28.4977],[80.8241,28.5158],[80.7871,28.5245],[80.7882,28.5406],[80.7724,28.5514],[80.7724,28.5632],[80.7474,28.573],[80.7393,28.5667],[80.7269,28.5726],[80.7139,28.5708],[80.7027,28.5754],[80.6949,28.5862],[80.6976,28.6029],[80.6843,28.6025],[80.6792,28.622],[80.6706,28.6269],[80.6699,28.6382],[80.6467,28.6416],[80.6317,28.6367],[80.6156,28.6422],[80.5844,28.6612],[80.591,28.6793],[80.5578,28.6913],[80.546,28.6895],[80.5238,28.6784],[80.5087,28.6658],[80.5095,28.6421],[80.5182,28.6068],[80.5207,28.5797],[80.5286,28.5754],[80.532,28.5632],[80.5228,28.5576],[80.4983,28.5731],[80.488,28.5847],[80.4719,28.5881],[80.474,28.6014],[80.4622,28.6243],[80.4471,28.6292],[80.433,28.6389],[80.3936,28.6308],[80.3722,28.6333],[80.3617,28.6414],[80.3619,28.6516],[80.333,28.666],[80.3264,28.6785],[80.3229,28.6965],[80.3004,28.7069],[80.2822,28.7089],[80.2621,28.7259],[80.2707,28.7435],[80.2622,28.7534],[80.2476,28.7582],[80.2243,28.7556],[80.1994,28.7665],[80.157,28.8012],[80.1334,28.8221],[80.119,28.8259],[80.0822,28.8236],[80.0703,28.8292],[80.0636,28.8453],[80.0633,28.9038],[80.0666,28.9187],[80.0815,28.9442],[80.0888,28.9622],[80.1026,28.9814],[80.1212,28.9853],[80.1247,29.0011],[80.138,29.0043],[80.1305,29.0142],[80.1338,29.0301],[80.1302,29.0346],[80.1437,29.059],[80.1362,29.0724],[80.1522,29.1047],[80.1662,29.1182],[80.1902,29.1332],[80.2064,29.1283],[80.2195,29.1192],[80.2403,29.1188],[80.2502,29.1316],[80.2721,29.1435],[80.2743,29.1491],[80.2634,29.1647],[80.2658,29.1758],[80.2627,29.1902],[80.2504,29.2025],[80.2528,29.2171],[80.2647,29.2106],[80.2863,29.2054],[80.2917,29.1957],[80.3033,29.203],[80.2976,29.235],[80.3031,29.2475],[80.3079,29.2829],[80.319,29.2979],[80.3166,29.3225],[80.2968,29.3268],[80.2947,29.3403],[80.2854,29.3437],[80.2842,29.3568],[80.2753,29.3649],[80.2811,29.3738],[80.2776,29.3941],[80.2489,29.4081],[80.247,29.4458],[80.2694,29.4501],[80.2816,29.4567],[80.288,29.4477],[80.3038,29.4531],[80.2928,29.4669],[80.3027,29.4859],[80.316,29.4807],[80.318,29.4929],[80.3374,29.5097],[80.3518,29.5148],[80.3578,29.5313],[80.3489,29.5363],[80.3494,29.5474],[80.3875,29.5709],[80.3976,29.5707],[80.404,29.5865],[80.4138,29.5978],[80.4132,29.6154],[80.4246,29.6355],[80.4207,29.6495],[80.3948,29.6687],[80.3907,29.6857],[80.3704,29.725],[80.3701,29.7401],[80.3746,29.7494],[80.3856,29.748],[80.4022,29.7598],[80.4101,29.7897],[80.4326,29.7984],[80.4418,29.8055],[80.4541,29.7978],[80.4704,29.8011],[80.4898,29.7937],[80.4965,29.7961],[80.5011,29.8124],[80.5113,29.8235],[80.5254,29.8302],[80.5422,29.8483],[80.5552,29.8537],[80.5619,29.8652],[80.5624,29.8763],[80.5743,29.8948],[80.5725,29.9231],[80.5792,29.9337],[80.6003,29.9536],[80.629,29.9638],[80.6393,29.9598],[80.6589,29.9586],[80.6816,29.9606],[80.6924,29.9749],[80.7152,29.9952],[80.7249,30.0008],[80.7352,29.9971],[80.7443,30.0021],[80.7615,30.0321],[80.7625,30.0479],[80.7734,30.0583],[80.7893,30.0664],[80.8111,30.0945],[80.8245,30.1001],[80.8415,30.1012],[80.8514,30.117],[80.8748,30.1305],[80.8764,30.1504],[80.8679,30.1719],[80.883,30.1842],[80.9028,30.216],[80.9127,30.2185],[80.9217,30.2074],[80.9212,30.1859],[80.9367,30.1766],[80.9803,30.1909],[80.9933,30.1868],[81.0279,30.1977],[81.043,30.1985],[81.0418,30.21],[81.033,30.2284],[81.0343,30.2451],[81.0254,30.2572],[81.0084,30.2649],[80.9817,30.2702],[80.955,30.2789],[80.9311,30.2824],[80.8979,30.294],[80.8602,30.3016],[80.8257,30.3144],[80.7969,30.3321],[80.7869,30.3425],[80.7739,30.3696],[80.7637,30.3823],[80.7458,30.3966],[80.7144,30.4127],[80.6753,30.4401],[80.6636,30.4397],[80.6082,30.4766],[80.5913,30.4841],[80.581,30.483],[80.5702,30.4615],[80.5452,30.4554],[80.5411,30.4487],[80.5189,30.4647],[80.5088,30.4803],[80.4999,30.4848],[80.4715,30.4882],[80.4382,30.5],[80.4152,30.5255],[80.396,30.5178],[80.3829,30.5212],[80.3303,30.5483],[80.3203,30.5618],[80.2927,30.5688],[80.2549,30.5597],[80.2257,30.5766],[80.2207,30.5917],[80.2261,30.6098],[80.2143,30.6132],[80.214,30.6219],[80.2238,30.6394],[80.2153,30.6498],[80.1954,30.6642],[80.1977,30.674],[80.2139,30.6845],[80.2347,30.6916],[80.2385,30.709],[80.2458,30.717],[80.2523,30.7351],[80.2378,30.7597],[80.2222,30.7519],[80.2055,30.7582],[80.1999,30.7691],[80.1999,30.7811],[80.1826,30.8016],[80.1745,30.8065],[80.1546,30.8056],[80.1526,30.7905],[80.1411,30.7884],[80.1281,30.7753],[80.1182,30.7741],[80.0891,30.7941],[80.0845,30.8138],[80.0654,30.8273],[80.0592,30.8384],[80.04,30.8383],[80.0143,30.8588],[79.9828,30.8767],[79.9495,30.8874],[79.9302,30.8867],[79.9127,30.9162],[79.8928,30.9209],[79.8791,30.9606],[79.8673,30.9747],[79.8456,30.9785],[79.826,30.9721],[79.7756,30.9876],[79.7609,31.0007],[79.7534,31.0006],[79.74,30.9854],[79.7293,30.9802],[79.7085,30.9762],[79.6778,30.9814],[79.6668,30.9789],[79.6646,30.9651],[79.6309,30.9563],[79.6047,30.9374],[79.5909,30.9489],[79.5687,30.9534],[79.5481,30.9677],[79.5529,30.9858],[79.5347,30.9898],[79.5379,30.9991],[79.5315,31.0108],[79.5206,31.0181],[79.5165,31.0337],[79.4951,31.0326],[79.4811,31.0359],[79.437,31.0304],[79.4283,31.0321],[79.4215,31.0716],[79.4076,31.0744],[79.405,31.0934],[79.3972,31.113],[79.376,31.1148],[79.3601,31.1222],[79.3404,31.1245],[79.315,31.1439],[79.3003,31.1648],[79.2975,31.1756],[79.3039,31.1903],[79.2883,31.2255],[79.2783,31.24],[79.2589,31.2417],[79.2494,31.2488],[79.2493,31.2639],[79.262,31.2785],[79.2637,31.2914],[79.2367,31.3151],[79.2373,31.3321],[79.2139,31.3468],[79.1933,31.3671],[79.1792,31.3938],[79.1644,31.406],[79.1447,31.4337],[79.1159,31.4429],[79.092,31.4532],[79.0726,31.4672],[79.0637,31.4654],[79.0528,31.4523],[79.0499,31.423],[79.0225,31.3956],[79.0102,31.3742],[79.009,31.3624],[78.9962,31.3519],[78.9768,31.3469],[78.9458,31.3328],[78.9386,31.3203],[78.939,31.2963],[78.9314,31.2821],[78.9321,31.2615],[78.9223,31.2541],[78.895,31.2656],[78.8829,31.2963],[78.8639,31.3173],[78.8445,31.3252],[78.8558,31.3494],[78.8498,31.3675],[78.8428,31.3763],[78.8236,31.3873],[78.7916,31.3974],[78.8081,31.4129],[78.813,31.4396],[78.8112,31.4478],[78.7959,31.457],[78.7599,31.4854],[78.7318,31.4823],[78.7309,31.5029],[78.7225,31.5163],[78.733,31.5256],[78.7371,31.5361],[78.7659,31.544],[78.784,31.5609],[78.8132,31.5713],[78.8388,31.5958],[78.8471,31.6104],[78.8429,31.6232],[78.8114,31.6444],[78.8003,31.6565],[78.7958,31.6851],[78.7636,31.6804],[78.7505,31.6873],[78.7447,31.6977],[78.7376,31.7257],[78.728,31.7402],[78.7409,31.7592],[78.7196,31.7658],[78.7076,31.7887],[78.7093,31.8097],[78.7178,31.8212],[78.7369,31.8307],[78.7398,31.8424],[78.7412,31.8805],[78.7481,31.8936],[78.7493,31.9085],[78.762,31.9205],[78.7777,31.9593],[78.7878,31.9953],[78.7538,31.9996],[78.7422,32.0131],[78.7069,32.0414],[78.7029,32.0533],[78.6776,32.0739],[78.6692,32.0839],[78.6647,32.1028],[78.6455,32.1107],[78.6231,32.1132],[78.6132,32.1192],[78.6052,32.1431],[78.5912,32.1544],[78.6057,32.1673],[78.6112,32.1843],[78.6081,32.1998],[78.61,32.2145],[78.5601,32.2446],[78.5408,32.2464],[78.4999,32.2391],[78.4562,32.2424],[78.4814,32.2738],[78.4841,32.2879],[78.4784,32.3331],[78.4852,32.3541],[78.5002,32.362],[78.5113,32.3734],[78.5132,32.3869],[78.5362,32.4146],[78.52,32.4223],[78.4955,32.422],[78.4794,32.4442],[78.4556,32.4526],[78.4548,32.4673],[78.4662,32.4864],[78.4492,32.5065],[78.4267,32.5083],[78.4166,32.5227],[78.4272,32.5313],[78.4306,32.5489],[78.4439,32.5699],[78.4598,32.58],[78.4725,32.5835],[78.496,32.5809],[78.5149,32.5895],[78.5357,32.6086],[78.5734,32.6176],[78.5881,32.6159],[78.6086,32.6062],[78.619,32.5961],[78.639,32.6097],[78.6479,32.6315],[78.6621,32.6536],[78.6804,32.6584],[78.7037,32.6566],[78.7231,32.6612],[78.7496,32.6816],[78.7613,32.6974],[78.7691,32.6864],[78.7627,32.6551],[78.7792,32.6281],[78.7925,32.6184],[78.7971,32.5984],[78.7943,32.5891],[78.7764,32.5731],[78.7768,32.5584],[78.7891,32.5359],[78.7986,32.502],[78.8071,32.4817],[78.8203,32.4624],[78.8272,32.4387],[78.8326,32.4364],[78.8589,32.4406],[78.8753,32.4172],[78.9035,32.3929],[78.921,32.383],[78.9601,32.367],[78.979,32.3392],[78.9938,32.3452],[79.0146,32.3773],[79.0335,32.3855],[79.0606,32.3906],[79.1151,32.3842],[79.1209,32.3939],[79.1257,32.4136],[79.1432,32.4205],[79.1473,32.437],[79.1413,32.4526],[79.1342,32.4588],[79.132,32.4709],[79.1479,32.4811],[79.183,32.4811],[79.1951,32.483],[79.2416,32.5099],[79.2509,32.5341],[79.265,32.5314],[79.2772,32.534],[79.2951,32.5501],[79.3111,32.5718],[79.318,32.5902],[79.3395,32.592],[79.3795,32.5764],[79.3945,32.5723],[79.3994,32.5371],[79.4068,32.5297],[79.4242,32.5272],[79.4481,32.5325],[79.4558,32.5424],[79.4698,32.5763],[79.5024,32.5964],[79.5157,32.6081],[79.5671,32.6733],[79.5784,32.6787],[79.6009,32.7077],[79.6175,32.7243],[79.6269,32.7375],[79.6146,32.7643],[79.6032,32.777],[79.5873,32.774],[79.5733,32.7824],[79.5527,32.8046],[79.5421,32.8222],[79.5062,32.8672],[79.4925,32.8774],[79.4815,32.891],[79.464,32.9201],[79.4223,32.9615],[79.4093,32.9701],[79.3907,32.9674],[79.3835,32.9723],[79.3841,32.9891],[79.3682,32.9909],[79.3552,33.0029],[79.3333,33.0105],[79.3356,33.0163],[79.3823,33.0277],[79.3938,33.0362],[79.3935,33.0541],[79.3774,33.0847],[79.3934,33.1244],[79.4054,33.144],[79.4186,33.16],[79.4383,33.1898],[79.4506,33.2173],[79.4549,33.2585],[79.4475,33.2648],[79.4265,33.268],[79.3658,33.2827],[79.3276,33.2726],[79.3157,33.2732],[79.297,33.2807],[79.2779,33.2842],[79.2406,33.2978],[79.2086,33.2924],[79.1769,33.2945],[79.1706,33.291],[79.1442,33.2927],[79.1342,33.2901],[79.0973,33.2946],[79.0258,33.3293],[79.0178,33.3355],[78.9934,33.3308],[78.9892,33.3335],[78.9803,33.3559],[78.9726,33.3605],[78.9697,33.3741],[78.9537,33.3811],[78.95,33.4084],[78.9403,33.4123],[78.9333,33.4328],[78.9308,33.4655],[78.936,33.489],[78.9418,33.4996],[78.9406,33.5266],[78.9278,33.5598],[78.9153,33.576],[78.9182,33.5871],[78.916,33.6025],[78.9192,33.6336],[78.9498,33.6207],[78.9899,33.6112],[78.9997,33.6122],[79.0302,33.6261],[79.0654,33.6268],[79.0742,33.6215],[79.1055,33.6137],[79.1053,33.6225],[79.0964,33.6378],[79.0905,33.6571],[79.0921,33.6795],[79.0863,33.6884],[79.0718,33.6791],[79.054,33.6781],[79.029,33.6918],[79.0205,33.7057],[79.0262,33.7227],[79.0419,33.7368],[79.043,33.7497],[79.069,33.7578],[79.0538,33.7784],[79.0432,33.7674],[79.0366,33.7819],[79.0202,33.7757],[79.0046,33.7985],[78.9752,33.8498],[78.9678,33.8596],[78.9535,33.8892],[78.9527,33.9024],[78.9438,33.9086],[78.9494,33.9166],[78.937,33.9272],[78.9212,33.9573],[78.908,33.9671],[78.9057,33.9762],[78.9272,33.9991],[78.9406,34.024],[78.9784,34.036],[79.0148,34.0503],[79.028,34.0484],[79.0444,34.0357],[79.0841,34.0219],[79.1126,34.0197],[79.1311,34.0243],[79.1438,34.0352],[79.1516,34.0681],[79.1611,34.0664],[79.1788,34.0721],[79.1981,34.0512],[79.2198,34.0528],[79.2602,34.0484],[79.2744,34.0394],[79.306,34.043],[79.3757,34.0334],[79.3988,34.0271],[79.4121,34.0156],[79.4197,34.0144],[79.4379,34.0286],[79.43,34.0434],[79.4142,34.0558],[79.4203,34.0781],[79.4342,34.0933],[79.4612,34.102],[79.4873,34.1263],[79.4947,34.1359],[79.4893,34.1488],[79.4948,34.18],[79.5111,34.2105],[79.5256,34.2123],[79.5371,34.2058],[79.549,34.2145],[79.5648,34.2178],[79.5792,34.2292],[79.5842,34.2384],[79.5922,34.2817],[79.5757,34.3038],[79.5596,34.3324],[79.5624,34.3582],[79.554,34.388],[79.5607,34.3994],[79.5596,34.4112],[79.5435,34.4098],[79.5281,34.418],[79.5273,34.4455],[79.5095,34.4679],[79.5085,34.4743],[79.5435,34.479],[79.5802,34.4899],[79.5933,34.5008],[79.6089,34.492],[79.6524,34.4884],[79.6609,34.4801],[79.673,34.4836],[79.6846,34.4787],[79.7334,34.4783],[79.7435,34.4813],[79.7675,34.4801],[79.794,34.4851],[79.8124,34.4969],[79.8152,34.5202],[79.8103,34.5313],[79.7825,34.5444],[79.775,34.552],[79.7585,34.5547],[79.759,34.566],[79.771,34.5821],[79.7925,34.5926],[79.772,34.6225],[79.7805,34.6307],[79.8043,34.643],[79.8204,34.647],[79.8248,34.6611],[79.8499,34.6826],[79.8607,34.6888],[79.9003,34.6913],[79.9278,34.6872],[79.9446,34.6811],[79.9652,34.6875],[80.0445,34.7044],[80.069,34.7148],[80.0728,34.7461],[80.067,34.7906],[80.0731,34.8284],[80.084,34.8488],[80.1068,34.868],[80.1237,34.8934],[80.151,34.9478],[80.1603,34.971],[80.1709,34.9889],[80.1839,35.0405],[80.1859,35.0632],[80.1838,35.091],[80.1779,35.1369],[80.1835,35.1667],[80.1946,35.1825],[80.2149,35.2038],[80.2287,35.2281],[80.2298,35.2517],[80.2357,35.2766],[80.2709,35.3442],[80.2835,35.3879],[80.2839,35.4095],[80.2811,35.4409],[80.2976,35.4608],[80.318,35.4635],[80.3286,35.4726],[80.3201,35.5047],[80.3113,35.5542],[80.2947,35.6024],[80.2759,35.6217],[80.2373,35.6419],[80.1895,35.6572],[80.1154,35.677],[80.1056,35.683],[80.0882,35.7252],[80.0582,35.7499],[80.0382,35.7998],[80.0176,35.824],[79.9992,35.8378],[79.9722,35.8407],[79.9539,35.8372],[79.9186,35.8223],[79.9052,35.813],[79.8767,35.7854],[79.8689,35.7828],[79.7964,35.7972],[79.746,35.8003],[79.7269,35.8053],[79.7164,35.8172],[79.6655,35.8353],[79.5849,35.8569],[79.5599,35.8618],[79.5184,35.8835],[79.4952,35.8876],[79.4493,35.8914],[79.4256,35.8951],[79.4169,35.9004],[79.4031,35.9188],[79.3925,35.9549],[79.3868,35.9905],[79.3781,35.9953],[79.3448,35.9886],[79.2902,35.9897],[79.2418,35.9868],[79.2155,35.9788],[79.198,35.9615],[79.1898,35.9472],[79.1881,35.9274],[79.1978,35.8986],[79.194,35.8869],[79.1803,35.8702],[79.157,35.8503],[79.1395,35.8386],[79.1177,35.8366],[79.0638,35.8465],[79.028,35.8473],[79.0085,35.854],[78.9755,35.8801],[78.9704,35.8889],[78.9583,35.8917],[78.9399,35.8796],[78.9137,35.8756],[78.8633,35.8622],[78.8238,35.8558],[78.8045,35.8558],[78.7844,35.8614],[78.7688,35.8697],[78.7511,35.8669],[78.7189,35.8683],[78.6914,35.8563],[78.681,35.8591],[78.6582,35.854],[78.6346,35.828],[78.6109,35.8139],[78.5806,35.8081],[78.5777,35.7928],[78.5605,35.7925],[78.5213,35.7638],[78.5063,35.7725],[78.4647,35.7742],[78.4359,35.7844],[78.4232,35.7853],[78.4126,35.7659],[78.3998,35.7563],[78.3905,35.7384],[78.3786,35.7326],[78.3389,35.7206],[78.3033,35.7213],[78.2894,35.7257],[78.2733,35.722],[78.2675,35.711],[78.2721,35.6689],[78.2571,35.6546],[78.2551,35.6456],[78.2364,35.6493],[78.1977,35.6663],[78.1998,35.6536],[78.1861,35.624],[78.1616,35.6265],[78.1665,35.6132],[78.1516,35.5782],[78.1567,35.552],[78.1473,35.5496],[78.1373,35.5389],[78.1252,35.5417],[78.111,35.5519],[78.0929,35.5562],[78.0777,35.5492],[78.0679,35.5629],[78.0463,35.5853],[78.0243,35.5879],[77.991,35.5818],[77.9651,35.6039],[77.9673,35.575],[77.9612,35.5597],[77.9376,35.5322],[77.9337,35.5124],[77.9649,35.496],[77.9651,35.4791],[77.981,35.4683],[77.9719,35.4582],[77.9327,35.4894],[77.9207,35.4942],[77.906,35.4693],[77.9013,35.4681],[77.8799,35.4859],[77.8689,35.4801],[77.8547,35.4927],[77.8257,35.5104],[77.8083,35.5112],[77.7934,35.4982],[77.7784,35.4946],[77.7583,35.5022],[77.7374,35.5232],[77.7245,35.5151],[77.7228,35.4989],[77.7255,35.4771],[77.7153,35.4753],[77.684,35.4768],[77.6658,35.4726],[77.6507,35.4873],[77.624,35.4721],[77.6141,35.4696],[77.6032,35.4746],[77.582,35.4751],[77.5606,35.4862],[77.5504,35.482],[77.5303,35.4832],[77.5169,35.4886],[77.4924,35.4828],[77.4649,35.4719],[77.4506,35.4629],[77.4303,35.4641],[77.4152,35.4727],[77.3943,35.474],[77.3778,35.4784],[77.3671,35.4932],[77.3487,35.4937],[77.3437,35.5101],[77.3222,35.5368],[77.3454,35.5468],[77.3784,35.5503],[77.3919,35.5458],[77.4067,35.5298],[77.4402,35.5181],[77.4466,35.525],[77.4724,35.5211],[77.4837,35.5278],[77.4837,35.5364],[77.4606,35.5477],[77.4607,35.5632],[77.4656,35.5733],[77.4569,35.5936],[77.4271,35.6105],[77.4368,35.6222],[77.4379,35.6411],[77.4269,35.6593],[77.4041,35.6612],[77.3832,35.6931],[77.3708,35.6952],[77.3692,35.7044],[77.3584,35.7177],[77.3276,35.7191],[77.3166,35.7],[77.2855,35.7111],[77.2775,35.7204],[77.2678,35.7091],[77.2246,35.715],[77.2221,35.7271],[77.2028,35.7276],[77.1937,35.733],[77.1753,35.7317],[77.1631,35.7405],[77.1659,35.7586],[77.1416,35.7715],[77.1361,35.7818],[77.1226,35.7868],[77.1195,35.7964],[77.0815,35.7978],[77.0609,35.7852],[77.0333,35.7764],[77.0044,35.7751],[76.9677,35.7832],[76.9352,35.7841],[76.9096,35.7914],[76.8949,35.7997],[76.8654,35.8265],[76.8535,35.8328],[76.8314,35.8363],[76.8038,35.8504],[76.7941,35.8628],[76.7857,35.8899],[76.779,35.8987],[76.7527,35.9211],[76.735,35.9429],[76.7228,35.9534],[76.7291,35.9629],[76.7543,35.9827],[76.7543,35.9901],[76.7682,36.008],[76.7832,36.0157],[76.805,36.0169],[76.8007,36.049],[76.7855,36.0526],[76.7603,36.0651],[76.726,36.0785],[76.7169,36.0872],[76.7068,36.1139],[76.7064,36.1251],[76.6973,36.1359],[76.6648,36.1581],[76.6373,36.1849],[76.6012,36.1655],[76.563,36.1731],[76.5449,36.1928],[76.5188,36.199],[76.5047,36.2072],[76.4817,36.2114],[76.456,36.2414],[76.4324,36.2521],[76.45,36.2694],[76.4366,36.2884],[76.432,36.3082],[76.4012,36.3215],[76.38,36.3396],[76.3524,36.3599],[76.3241,36.3618],[76.2974,36.3505],[76.2548,36.3478],[76.2386,36.3556],[76.1986,36.3874],[76.1731,36.3903],[76.1546,36.4056],[76.1251,36.4375],[76.0953,36.4616],[76.0692,36.4775],[76.0259,36.486],[75.997,36.4843],[75.9648,36.49],[75.9234,36.5024],[75.8778,36.5257],[75.8491,36.5443],[75.8062,36.5543],[75.7694,36.5733],[75.7483,36.5884],[75.7334,36.6071],[75.7197,36.631],[75.6905,36.6718],[75.6752,36.696],[75.6521,36.7223],[75.625,36.7485],[75.6165,36.7616],[75.5933,36.7655],[75.5709,36.776],[75.5279,36.7875],[75.479,36.8068],[75.4629,36.8252],[75.4526,36.8549],[75.4481,36.8804],[75.4395,36.891],[75.4223,36.8866],[75.4142,36.8919],[75.4151,36.9033],[75.4088,36.9167],[75.4256,36.9363],[75.4279,36.952],[75.4135,36.9675],[75.4012,36.968],[75.3866,36.9594],[75.3743,36.9613],[75.3547,36.9778],[75.3452,37.0031],[75.3449,37.0514],[75.3329,37.0553],[75.2945,37.0515],[75.2792,37.0469],[75.265,37.0519],[75.2257,37.0374],[75.209,37.0368],[75.2023,37.0211],[75.1809,37.0005],[75.1734,36.9861],[75.1511,36.9671],[75.1358,36.9574],[75.096,36.9428],[75.0871,36.9429],[75.0631,36.9599],[75.0425,36.9695],[75.0187,36.9764],[75.0087,36.9644],[74.9912,36.9628],[74.9771,36.9528],[74.9413,36.9347],[74.9326,36.9255],[74.928,36.9089],[74.9141,36.9091],[74.8879,36.9459],[74.8674,36.9672],[74.8619,36.9765],[74.846,36.9899],[74.8414,36.9995],[74.8421,37.0169],[74.8339,37.0249],[74.7999,37.024],[74.7789,37.0298],[74.7634,37.0251],[74.7525,37.0115],[74.7282,37.026],[74.7185,37.0496],[74.7185,37.0628],[74.7087,37.0776],[74.6851,37.0748],[74.6593,37.0577],[74.6065,37.0505],[74.5818,37.0434],[74.5894,37.0286],[74.5792,36.963],[74.5787,36.9486],[74.5545,36.9536],[74.543,36.9765],[74.5337,36.9861],[74.5205,36.9891],[74.4951,36.9888],[74.4775,36.9921],[74.4294,36.9898],[74.4192,36.9751],[74.3928,36.9689],[74.3653,36.9568],[74.3506,36.9432],[74.3129,36.9158],[74.2835,36.903],[74.2614,36.8866],[74.248,36.8866],[74.2255,36.8972],[74.1735,36.9039],[74.1585,36.8925],[74.1464,36.8471],[74.1427,36.8401],[74.1282,36.8327],[74.0927,36.8386],[74.0607,36.809],[74.0522,36.8066],[74.026,36.8263],[73.9999,36.8242],[73.9714,36.8401],[73.9578,36.8569],[73.9378,36.8739],[73.923,36.8777],[73.9134,36.8713],[73.8788,36.8944],[73.8572,36.8991],[73.8422,36.8984],[73.8358,36.8869],[73.8181,36.8857],[73.8097,36.8965],[73.7903,36.8946],[73.7842,36.9003],[73.7596,36.9041],[73.749,36.8967],[73.7112,36.9128],[73.6903,36.9121],[73.6814,36.8856],[73.7191,36.8572],[73.7265,36.8327],[73.7442,36.8334],[73.7715,36.8181],[73.7863,36.8141],[73.8094,36.8128],[73.8151,36.7984],[73.8339,36.7879],[73.8636,36.7882],[73.8777,36.7713],[73.9001,36.7497],[73.9052,36.7256],[73.8972,36.7163],[73.9008,36.7067],[73.8841,36.6993],[73.8663,36.7001],[73.8269,36.7139],[73.8091,36.7167],[73.7908,36.7045],[73.7694,36.7039],[73.7484,36.71],[73.7251,36.71],[73.7104,36.6906],[73.7006,36.6849],[73.6637,36.692],[73.6549,36.6961],[73.6387,36.6902],[73.6075,36.6985],[73.6056,36.7157],[73.5919,36.7202],[73.5791,36.713],[73.5604,36.7162],[73.5439,36.7094],[73.5299,36.7207],[73.5115,36.7154],[73.4825,36.7339],[73.4634,36.7317],[73.4363,36.7446],[73.4146,36.7347],[73.3897,36.7315],[73.3691,36.7326],[73.3608,36.7155],[73.3303,36.7155],[73.3147,36.7064],[73.2941,36.7089],[73.2527,36.7089],[73.2344,36.6995],[73.2099,36.7019],[73.2068,36.7112],[73.1939,36.7208],[73.1721,36.7082],[73.1455,36.7],[73.1311,36.6883],[73.1053,36.687],[73.0854,36.6997],[73.085,36.6823],[73.0944,36.6671],[73.0909,36.643],[73.0977,36.6246],[73.1125,36.6101],[73.0929,36.5866],[73.0906,36.5716],[73.0739,36.5615],[73.0615,36.5377],[73.022,36.5249],[73.0073,36.5161],[72.9925,36.4969],[72.9904,36.4805],[73.0039,36.4761],[72.9921,36.4581],[72.9765,36.4649],[72.959,36.4672],[72.9456,36.4595],[72.9223,36.463],[72.9001,36.4485],[72.8775,36.4381],[72.8902,36.4247],[72.8867,36.4148],[72.8901,36.3978],[72.8833,36.3873],[72.8653,36.373],[72.8523,36.3729],[72.837,36.3661],[72.8226,36.3536],[72.8157,36.3384],[72.7989,36.3296],[72.7786,36.3099],[72.7505,36.3051],[72.7356,36.2962],[72.7236,36.2841],[72.6924,36.2757],[72.6895,36.2668],[72.6644,36.264],[72.6348,36.2767],[72.5971,36.2642],[72.5885,36.2512],[72.5854,36.2305],[72.5718,36.2185],[72.5636,36.2165],[72.5608,36.1987],[72.5515,36.1812],[72.5641,36.1698],[72.5738,36.151],[72.5525,36.1367],[72.5366,36.1145],[72.5354,36.0889],[72.5317,36.0724],[72.55,36.0567],[72.5862,36.0504],[72.596,36.0273],[72.5836,36.0197],[72.5822,36.0081],[72.5732,35.9964],[72.5561,35.9967],[72.5546,35.9795],[72.5489,35.9635],[72.5311,35.9529],[72.53,35.9265],[72.5337,35.9174],[72.5701,35.9058],[72.595,35.8756],[72.6033,35.8704],[72.62,35.8713],[72.6341,35.8656],[72.6456,35.8663],[72.6604,35.8492],[72.6911,35.8329],[72.7008,35.8365],[72.7234,35.8539],[72.7375,35.8588],[72.7498,35.8564],[72.7668,35.8451],[72.7773,35.844],[72.7981,35.8558],[72.799,35.8675],[72.8253,35.8748],[72.8302,35.8874],[72.8576,35.8777],[72.9016,35.8817],[72.904,35.8552],[72.9101,35.8488],[72.9294,35.8455],[72.9578,35.8477],[72.9879,35.8612],[73.0047,35.8637],[73.0141,35.8553],[73.0381,35.8548],[73.056,35.8637],[73.0792,35.8863],[73.1004,35.8782],[73.1196,35.8587],[73.1338,35.8493],[73.153,35.8426],[73.1466,35.8294],[73.1448,35.8109],[73.138,35.8011],[73.135,35.7855],[73.1372,35.7678],[73.1328,35.7385],[73.1393,35.7186],[73.1864,35.6872],[73.2155,35.6751],[73.2451,35.6501],[73.2727,35.6298],[73.314,35.6156],[73.3433,35.611],[73.3697,35.6042],[73.4068,35.564],[73.422,35.5697],[73.4486,35.5713],[73.4818,35.5773],[73.5022,35.5665],[73.5154,35.566],[73.5321,35.5711],[73.5502,35.563],[73.5579,35.5557],[73.5711,35.5548],[73.6066,35.5609],[73.6248,35.5705],[73.6394,35.5708],[73.6563,35.5583],[73.6727,35.5512],[73.6978,35.5496],[73.7208,35.5535],[73.7351,35.5366],[73.7636,35.5282],[73.786,35.5243],[73.7871,35.4992],[73.7956,35.462],[73.7914,35.4565],[73.7547,35.442],[73.7389,35.4279],[73.7096,35.3826],[73.7004,35.3584],[73.6999,35.3232],[73.7271,35.2783],[73.7193,35.2526],[73.7152,35.2284],[73.7317,35.2173],[73.762,35.2314],[73.7775,35.2439],[73.7964,35.2455],[73.8116,35.2425],[73.8468,35.2296],[73.8652,35.2108],[73.8882,35.2132],[73.9173,35.2122],[73.9332,35.2028],[73.9636,35.174],[73.9921,35.1847],[74.0032,35.1811],[74.0091,35.1661],[74.0325,35.15],[74.045,35.1464],[74.0738,35.1544],[74.102,35.1458],[74.1169,35.1464],[74.1107,35.1302],[74.1342,35.1126],[74.13,35.1056],[74.1158,35.1047],[74.0952,35.0975],[74.0664,35.0485],[74.0977,35.0342],[74.1084,35.0222],[74.104,35.0147],[74.0603,34.9916],[74.0665,34.9831],[74.0636,34.9693],[74.0743,34.9411],[74.0658,34.9301],[74.0439,34.9219],[74.0397,34.915],[74.0387,34.8929],[74.0304,34.8776],[73.9994,34.8687],[73.9728,34.8637],[73.9662,34.8447],[73.955,34.8354],[73.9357,34.8335],[73.9278,34.8207],[73.9182,34.8145],[73.8974,34.8218],[73.8754,34.8184],[73.8674,34.8115],[73.8541,34.8173],[73.8438,34.8158],[73.8335,34.8037],[73.8211,34.796],[73.7995,34.7976],[73.7859,34.7939],[73.7738,34.7969],[73.7501,34.7872],[73.7314,34.7715],[73.7066,34.7254],[73.6916,34.7167],[73.6813,34.6956],[73.6703,34.6897],[73.6635,34.671],[73.6669,34.6661],[73.6942,34.6576],[73.6903,34.6436],[73.6602,34.6104],[73.6609,34.589],[73.6509,34.5683],[73.6395,34.5662],[73.6189,34.5859],[73.5929,34.5899],[73.5802,34.5878],[73.5535,34.5932],[73.5355,34.5777],[73.511,34.5756],[73.5007,34.5806],[73.4693,34.574],[73.4605,34.5784],[73.4478,34.5742],[73.4429,34.5653],[73.4413,34.5384],[73.4308,34.526],[73.4375,34.5045],[73.4344,34.4911],[73.4222,34.4707],[73.4254,34.4423],[73.4202,34.4178],[73.4087,34.3861],[73.3939,34.381],[73.4003,34.3595],[73.4263,34.3494],[73.4242,34.3397],[73.4392,34.3275],[73.4445,34.3093],[73.4617,34.2821],[73.4678,34.296],[73.4759,34.2953],[73.4793,34.2834],[73.4704,34.2645],[73.47,34.2518],[73.4779,34.2348],[73.4931,34.2202],[73.4892,34.2054],[73.4888,34.1762],[73.4922,34.1566],[73.489,34.1448],[73.4953,34.134],[73.4928,34.1204],[73.4987,34.1076],[73.4964,34.0929],[73.504,34.0761],[73.5091,34.0515],[73.5083,34.042],[73.5143,34.0265],[73.5149,34.0066],[73.5221,33.9855],[73.537,33.9521],[73.5496,33.9315],[73.5747,33.9123],[73.5862,33.8994],[73.5899,33.8843],[73.5857,33.8646],[73.5729,33.8458],[73.5705,33.8278],[73.5613,33.8022],[73.5584,33.7836],[73.5664,33.769],[73.5913,33.7542],[73.5975,33.7283],[73.5976,33.7162],[73.5919,33.7],[73.5632,33.6759],[73.5619,33.6643],[73.5684,33.6484],[73.5682,33.6366],[73.5614,33.6215],[73.5734,33.6183],[73.5878,33.6055],[73.6054,33.6049],[73.6009,33.5933],[73.6196,33.5776],[73.6217,33.5706],[73.6184,33.546],[73.631,33.5379],[73.6251,33.5292],[73.6056,33.5145],[73.596,33.4926],[73.6016,33.4784],[73.6143,33.4786],[73.6244,33.4657],[73.6249,33.4576],[73.598,33.4445],[73.5897,33.4442],[73.5823,33.4147],[73.5675,33.3983],[73.5585,33.3684],[73.5714,33.3562],[73.5658,33.3425],[73.583,33.3294],[73.5898,33.3053],[73.6033,33.297],[73.598,33.2827],[73.6056,33.2517],[73.6253,33.2369],[73.6254,33.2231],[73.6343,33.2166],[73.6532,33.2134],[73.6582,33.2051],[73.6592,33.1847],[73.6564,33.1693],[73.648,33.1637],[73.6394,33.1445],[73.6282,33.1424],[73.6305,33.1281],[73.6254,33.1001],[73.6318,33.0866],[73.6582,33.0853],[73.6718,33.0892],[73.6886,33.0884],[73.7252,33.0696],[73.7353,33.0667],[73.7403,33.0436],[73.7713,33.0138],[73.7809,33.0078],[73.7902,32.9935],[73.7797,32.9747],[73.7865,32.9657],[73.8065,32.9713],[73.8158,32.984],[73.8227,33.0057],[73.8415,33.0077],[73.866,33.0027],[73.8928,33.0028],[73.9159,32.9939],[73.9255,32.9861],[73.9583,32.987],[73.9685,32.9692],[73.9973,32.9602],[73.9963,32.9481],[73.9883,32.9357],[74.0143,32.9298],[74.0523,32.9307],[74.0554,32.9117],[74.0818,32.906],[74.1134,32.8955],[74.1222,32.8963],[74.1637,32.8843],[74.1782,32.883],[74.1873,32.8732],[74.2025,32.8707],[74.213,32.8586],[74.2174,32.8453],[74.2443,32.8424],[74.2645,32.8302],[74.2841,32.8301],[74.2999,32.8244],[74.3049,32.8154],[74.3022,32.8047],[74.312,32.7915],[74.3254,32.781],[74.3546,32.7633],[74.3837,32.7579],[74.388,32.7686],[74.3973,32.7664],[74.4031,32.78],[74.4159,32.784],[74.4337,32.7796],[74.4545,32.7844],[74.461,32.7732],[74.4724,32.7723],[74.483,32.7622],[74.5013,32.7604],[74.5073,32.7439],[74.5267,32.7404],[74.5439,32.7433],[74.5542,32.756],[74.5629,32.757],[74.5718,32.7465],[74.5878,32.746],[74.5941,32.7522],[74.6166,32.7553],[74.6276,32.7473],[74.6353,32.7508],[74.6293,32.7659],[74.6341,32.7773],[74.65,32.7769],[74.6503,32.7874],[74.6324,32.8016],[74.635,32.8121],[74.6489,32.8253],[74.6643,32.8216],[74.6767,32.8293],[74.7014,32.8351],[74.7,32.8105],[74.6821,32.7819],[74.671,32.7474],[74.6636,32.7377],[74.6586,32.7177],[74.6504,32.6983],[74.6622,32.6728],[74.679,32.668],[74.6927,32.6548],[74.6832,32.6449],[74.6699,32.6411],[74.6637,32.6303],[74.6511,32.6276],[74.6493,32.6128],[74.637,32.6106],[74.6384,32.5954],[74.6495,32.591],[74.6481,32.5713],[74.6521,32.5593],[74.6682,32.5595],[74.6705,32.5527],[74.6603,32.5413],[74.6631,32.536],[74.6882,32.5257],[74.6813,32.5117],[74.681,32.4865],[74.6903,32.4811],[74.699,32.4858],[74.7087,32.4816],[74.716,32.4706],[74.7352,32.4743],[74.7519,32.4697],[74.7684,32.4747],[74.7843,32.4697],[74.8136,32.4785],[74.8161,32.4883],[74.8375,32.4861],[74.8473,32.4819],[74.8598,32.4841],[74.879,32.4796],[74.8772,32.4737],[74.8956,32.4614],[74.9144,32.4601],[74.9361,32.4626],[74.9466,32.4434],[74.9626,32.4495],[74.9915,32.4474],[75.0046,32.4523],[75.0177,32.4657],[75.0219,32.4844],[75.0333,32.4927],[75.0548,32.4759],[75.0736,32.4736],[75.0898,32.4643],[75.1019,32.4735],[75.11,32.4702],[75.113,32.4539],[75.1195,32.4514],[75.1266,32.4308],[75.1305,32.4061],[75.1388,32.4041],[75.1523,32.4132],[75.1897,32.4199],[75.2014,32.408],[75.1919,32.3986],[75.2055,32.3906],[75.2132,32.3954],[75.2397,32.3798],[75.2573,32.3816],[75.2589,32.3648],[75.2854,32.3669],[75.2891,32.3517],[75.318,32.3345],[75.3247,32.3413],[75.3396,32.3424],[75.3328,32.3282],[75.3412,32.3208],[75.3272,32.3001],[75.328,32.296],[75.3521,32.2868],[75.3576,32.2759],[75.3714,32.279],[75.3821,32.2693],[75.3737,32.2591],[75.3734,32.2463],[75.3787,32.2387],[75.3743,32.2275],[75.3612,32.2185],[75.3327,32.2187],[75.3139,32.1959],[75.32,32.1916],[75.3217,32.1747],[75.3097,32.1698],[75.3033,32.1533],[75.283,32.1428],[75.2875,32.1319],[75.2829,32.1195],[75.2625,32.1027],[75.2537,32.1018],[75.2397,32.0909],[75.2336,32.1016],[75.2237,32.1037],[75.22,32.116],[75.2079,32.1153],[75.2083,32.1013],[75.1998,32.0959],[75.1997,32.0844],[75.1862,32.0797],[75.1729,32.0692],[75.1665,32.0812],[75.1346,32.084],[75.1003,32.0638],[75.0825,32.0589],[75.0723,32.0632],[75.0618,32.0526],[75.0245,32.0464],[75.0134,32.035],[75.0075,32.0439],[74.9781,32.0443],[74.9805,32.0522],[74.9403,32.0669],[74.9212,32.0638],[74.914,32.0516],[74.8936,32.0533],[74.8765,32.0465],[74.8818,32.0325],[74.8666,32.0233],[74.8545,32.0217],[74.8583,32.0097],[74.8419,32.0066],[74.8319,31.9953],[74.834,31.9779],[74.8244,31.9576],[74.8154,31.9632],[74.7826,31.9533],[74.7478,31.9383],[74.7215,31.9371],[74.7236,31.9215],[74.7149,31.9179],[74.7035,31.9243],[74.69,31.9234],[74.6658,31.9116],[74.6646,31.8999],[74.6517,31.8985],[74.6363,31.8832],[74.6118,31.8854],[74.6097,31.8667],[74.596,31.8569],[74.5941,31.8454],[74.5862,31.8436],[74.5699,31.8307],[74.5738,31.8172],[74.563,31.8009],[74.568,31.7921],[74.5575,31.7783],[74.5583,31.7672],[74.5655,31.7593],[74.5588,31.7523],[74.5423,31.7516],[74.518,31.741],[74.5067,31.7416],[74.5035,31.731],[74.486,31.7224],[74.5057,31.7044],[74.5072,31.6992],[74.5269,31.6897],[74.5361,31.6809],[74.5342,31.6651],[74.5424,31.657],[74.5541,31.6183],[74.5634,31.6089],[74.5776,31.6066],[74.5827,31.5897],[74.5935,31.5791],[74.6205,31.5666],[74.6168,31.5355],[74.612,31.5289],[74.5859,31.521],[74.5854,31.5072],[74.5925,31.497],[74.608,31.5016],[74.6173,31.4909],[74.655,31.4627],[74.6429,31.4435],[74.6565,31.4299],[74.6408,31.4184],[74.6313,31.43],[74.6025,31.4227],[74.5898,31.3983],[74.588,31.3838],[74.5761,31.3748],[74.5535,31.3669],[74.5481,31.3469],[74.5504,31.3335],[74.541,31.3217],[74.5423,31.3086],[74.5293,31.2792],[74.5235,31.2736],[74.5345,31.2487],[74.5261,31.2379],[74.5231,31.2241],[74.5268,31.2105],[74.5205,31.1986],[74.521,31.1868],[74.5135,31.1811],[74.5168,31.1685],[74.5183,31.1369],[74.5484,31.126],[74.5566,31.1179],[74.5584,31.0895],[74.5779,31.0852],[74.6001,31.094],[74.6086,31.0917],[74.6125,31.1123],[74.6043,31.1281],[74.6187,31.1338],[74.6385,31.1364],[74.6371,31.1233],[74.6649,31.1358],[74.6759,31.1274],[74.6914,31.1296],[74.7028,31.1161],[74.7066,31.096],[74.6964,31.0869],[74.6953,31.0727],[74.6843,31.0621],[74.6681,31.0551],[74.6456,31.0535],[74.6345,31.0477],[74.5997,31.0436],[74.5965,31.0553],[74.5831,31.0583],[74.5656,31.0542],[74.5648,31.0461],[74.5499,31.0325],[74.5437,31.0101],[74.5504,30.9982],[74.5162,30.9787],[74.5067,30.9664],[74.4926,30.9771],[74.4597,30.9697],[74.4694,30.962],[74.4605,30.9529],[74.4479,30.9538],[74.4278,30.9445],[74.4255,30.9115],[74.408,30.9124],[74.3902,30.8997],[74.3723,30.8949],[74.3642,30.8788],[74.382,30.8611],[74.3275,30.8488],[74.3189,30.8223],[74.3058,30.8114],[74.298,30.797],[74.3103,30.7871],[74.3023,30.7796],[74.2832,30.773],[74.2717,30.7771],[74.2636,30.7721],[74.276,30.7583],[74.2776,30.7481],[74.287,30.7353],[74.2677,30.7264],[74.233,30.7232],[74.2232,30.706],[74.2206,30.6924],[74.1993,30.6686],[74.1862,30.6636],[74.1757,30.6507],[74.1405,30.6294],[74.129,30.6336],[74.1153,30.6081],[74.1026,30.5996],[74.1017,30.5743],[74.0783,30.5564],[74.0927,30.5519],[74.0915,30.5422],[74.0817,30.5306],[74.0676,30.5207],[74.0561,30.5224],[74.0508,30.54],[74.0355,30.5312],[74.016,30.5327],[74.0035,30.5145],[73.9887,30.5104],[73.9849,30.5014],[73.9712,30.4887],[73.9674,30.4631],[73.95,30.4619],[73.9512,30.4801],[73.9352,30.4894],[73.9348,30.4675],[73.9399,30.456],[73.9353,30.4377],[73.9689,30.443],[73.9721,30.4335],[73.9675,30.4242],[73.939,30.4022],[73.9288,30.3981],[73.9188,30.3863],[73.8939,30.371],[73.8854,30.3626],[73.9071,30.3508],[73.9441,30.3046],[73.9571,30.2762],[73.9676,30.2632],[73.9735,30.2327],[73.9759,30.1964],[73.9675,30.1872],[73.933,30.1694],[73.9049,30.1509],[73.8929,30.1404],[73.847,30.1104],[73.8155,30.0842],[73.8032,30.0714],[73.763,30.0584],[73.7181,30.0491],[73.6623,30.0333],[73.62,30.0246],[73.5705,30.008],[73.5485,29.9978],[73.5273,29.9922],[73.5091,29.9841],[73.4837,29.977],[73.4076,29.9462],[73.3937,29.9288],[73.374,29.8556],[73.3668,29.8389],[73.3537,29.7948],[73.3482,29.7716],[73.3333,29.7305],[73.3197,29.689],[73.3052,29.6363],[73.2935,29.6074],[73.2823,29.5694],[73.2707,29.5459],[73.2453,29.5089],[73.2396,29.4958],[73.2287,29.4822],[73.2094,29.4447],[73.1982,29.4314],[73.1779,29.3923],[73.1536,29.3528],[73.1437,29.3322],[73.108,29.2755],[73.0987,29.2567],[73.0848,29.2364],[73.0614,29.2102],[73.0417,29.1911],[72.9988,29.1427],[72.9916,29.1208],[72.9594,29.0564],[72.9495,29.0331],[72.9338,29.0232],[72.8933,29.0071],[72.8675,28.9997],[72.8495,28.9912],[72.7466,28.9521],[72.7164,28.9389],[72.6556,28.9074],[72.5927,28.8703],[72.5562,28.8525],[72.5244,28.833],[72.4893,28.815],[72.4509,28.7978],[72.407,28.7827],[72.3889,28.7688],[72.3504,28.7254],[72.3483,28.721],[72.3116,28.6863],[72.3021,28.6734],[72.2938,28.655],[72.2871,28.6248],[72.2702,28.5799],[72.2639,28.5555],[72.2568,28.5411],[72.2361,28.4839],[72.2204,28.4343],[72.2052,28.3904],[72.191,28.3742],[72.1693,28.3546],[72.1287,28.3088],[72.1111,28.2952],[72.0686,28.2663],[72.0466,28.249],[72.0213,28.2323],[71.9991,28.2141],[71.968,28.171],[71.9445,28.1456],[71.9323,28.1278],[71.9237,28.0972],[71.9218,28.0814],[71.9139,28.0539],[71.9134,28.032],[71.9069,28.0032],[71.9029,27.9748],[71.8987,27.9632],[71.8597,27.9473],[71.7665,27.9162],[71.6987,27.8891],[71.6645,27.8793],[71.6589,27.8756],[71.6049,27.875],[71.587,27.8772],[71.5311,27.8725],[71.448,27.8736],[71.4188,27.8716],[71.4098,27.8735],[71.381,27.8697],[71.2726,27.8502],[71.2297,27.8372],[71.2081,27.8329],[71.1731,27.8206],[71.0861,27.7858],[71.0695,27.7774],[71.0329,27.7665],[70.9503,27.7291],[70.9053,27.7104],[70.8825,27.7082],[70.8563,27.7122],[70.8172,27.7144],[70.7679,27.7249],[70.7376,27.7515],[70.7214,27.7826],[70.6874,27.8282],[70.6803,27.8704],[70.681,27.891],[70.677,27.9239],[70.6684,27.9349],[70.6192,27.9771],[70.5925,28.0096],[70.5475,28.0294],[70.4967,28.0366],[70.4762,28.0328],[70.4424,28.0216],[70.3925,28.0129],[70.3743,28.012],[70.3554,27.9959],[70.3103,27.9489],[70.2936,27.9366],[70.2533,27.9163],[70.2249,27.8984],[70.1973,27.8665],[70.1542,27.8273],[70.1347,27.807],[70.1214,27.781],[70.1132,27.7565],[70.1012,27.7325],[70.0962,27.716],[70.0821,27.6845],[70.0751,27.6642],[70.0594,27.6348],[70.0397,27.586],[70.0246,27.5613],[69.9851,27.537],[69.9648,27.5229],[69.9408,27.5025],[69.9262,27.4842],[69.9132,27.4604],[69.8972,27.4384],[69.8717,27.4092],[69.8531,27.3939],[69.8349,27.3823],[69.8105,27.3626],[69.7904,27.3502],[69.7639,27.3247],[69.7051,27.2852],[69.6719,27.2542],[69.6538,27.2334],[69.6111,27.1983],[69.5897,27.1829],[69.563,27.1232],[69.5518,27.1033],[69.5385,27.065],[69.5154,27.0144],[69.4989,26.872],[69.4878,26.8315],[69.4844,26.808],[69.4901,26.7897],[69.5056,26.753],[69.5147,26.742],[69.553,26.7281],[69.6036,26.7049],[69.6384,26.6923],[69.6703,26.6768],[69.7109,26.662],[69.737,26.6463],[69.7761,26.614],[69.8008,26.599],[69.8386,26.5886],[69.8794,26.5806],[69.974,26.5879],[70.0031,26.5921],[70.0485,26.601],[70.0986,26.595],[70.1189,26.5868],[70.1391,26.573],[70.164,26.5604],[70.1733,26.5511],[70.1764,26.5381],[70.1788,26.5061],[70.1833,26.4843],[70.1777,26.4259],[70.1842,26.3754],[70.1835,26.3614],[70.1657,26.3009],[70.1658,26.2872],[70.1742,26.2567],[70.1721,26.2311],[70.1664,26.2143],[70.1475,26.1704],[70.1182,26.1287],[70.0864,26.0879],[70.0858,26.0616],[70.0918,25.9931],[70.0993,25.9355],[70.1244,25.9017],[70.1338,25.8849],[70.1562,25.8553],[70.1688,25.8305],[70.1941,25.8161],[70.2147,25.7986],[70.2354,25.7769],[70.2516,25.7528],[70.2631,25.7191],[70.2761,25.7093],[70.3662,25.6783],[70.3907,25.6736],[70.4165,25.6792],[70.4817,25.6853],[70.5243,25.6853],[70.5575,25.6954],[70.5936,25.7121],[70.6089,25.7154],[70.6389,25.7152],[70.658,25.7058],[70.6682,25.6888],[70.6731,25.6692],[70.6717,25.6282],[70.669,25.5971],[70.6678,25.5322],[70.6793,25.5265],[70.6709,25.4557],[70.671,25.4248],[70.6653,25.3976],[70.7144,25.3532],[70.7355,25.3288],[70.7447,25.3041],[70.7502,25.2828],[70.7576,25.2727],[70.7873,25.2474],[70.8005,25.2313],[70.8472,25.1895],[70.852,25.183],[70.8855,25.1512],[70.8965,25.1021],[70.9047,25.0525],[70.9165,25.0016],[70.9363,24.9413],[70.9471,24.9211],[70.9695,24.8963],[70.9761,24.8837],[70.9948,24.8593],[71.0032,24.8423],[71.0144,24.8275],[71.0261,24.8051],[71.041,24.7668],[71.0534,24.7451],[71.0635,24.7181],[71.0911,24.6893],[71.0978,24.6866],[71.0755,24.6674],[71.0365,24.6449],[71.0107,24.6367],[70.9907,24.6055],[70.9887,24.591],[70.9934,24.5727],[70.9882,24.5476],[71.0053,24.5289],[71.0041,24.5081],[70.9973,24.4728],[70.9967,24.453],[71,24.4459],[71.0284,24.4362],[71.0845,24.4385],[71.109,24.4368],[71.1242,24.4195],[71.1218,24.4075],[71.1121,24.3965],[71.0781,24.3873],[71.0669,24.3781],[71.0575,24.363],[71.0368,24.3533],[71.0149,24.3512],[71.0025,24.3529],[70.9879,24.3667],[70.9635,24.3545],[70.949,24.3525],[70.9182,24.3296],[70.914,24.3236],[70.874,24.2973],[70.8779,24.2754],[70.8998,24.2651],[70.8971,24.2567],[70.879,24.2464],[70.86,24.2456],[70.8482,24.2409],[70.8339,24.2288],[70.7829,24.2212],[70.7592,24.2194],[70.7345,24.2203],[70.722,24.2165],[70.6888,24.2203],[70.6696,24.2203],[70.6447,24.2246],[70.5969,24.2448],[70.582,24.2485],[70.5743,24.2551],[70.5817,24.2724],[70.5775,24.3038],[70.5693,24.3229],[70.5599,24.3524],[70.58,24.3664],[70.592,24.3883],[70.5997,24.4092],[70.5736,24.4217],[70.5424,24.4096],[70.509,24.4018],[70.463,24.3874],[70.43,24.3816],[70.4019,24.3694],[70.3724,24.3537],[70.3527,24.3537],[70.304,24.3481],[70.246,24.3246],[70.2198,24.3222],[70.1833,24.3091],[70.15,24.302],[70.1203,24.2978],[70.1081,24.2936],[70.0958,24.2672],[70.0887,24.2468],[70.0728,24.2174],[70.0638,24.1967],[70.0516,24.1902],[70.0385,24.1781],[70.0165,24.1699],[69.953,24.1712],[69.8785,24.1707],[69.8117,24.172],[69.7301,24.1718],[69.715,24.1841],[69.6042,24.2812],[69.5879,24.2913],[69.5634,24.2828],[69.5116,24.2717],[69.4844,24.2678],[69.4674,24.2703],[69.4497,24.279],[69.4374,24.2795],[69.4014,24.2723],[69.3751,24.2704],[69.3086,24.2807],[69.1928,24.2379],[69.098,24.2721],[69.092,24.2723],[69.04,24.245],[69.0222,24.2295],[69.0052,24.2232],[68.9821,24.2334],[68.9691,24.2717],[68.9571,24.2884],[68.9432,24.3021],[68.9144,24.2845],[68.9027,24.2746],[68.8948,24.2612],[68.8846,24.2252],[68.8784,24.2149],[68.8588,24.2131],[68.851,24.2211],[68.842,24.2568],[68.8421,24.2813],[68.8275,24.3168],[68.8172,24.3115],[68.8058,24.3128],[68.7631,24.2944],[68.7692,24.2848],[68.7696,24.2726],[68.7626,24.1291],[68.762,24.1272],[68.7534,23.9696],[68.7484,23.968],[68.67,23.9675],[68.5511,23.9677],[68.5374,23.9474],[68.5437,23.9351],[68.5576,23.9329],[68.5599,23.9304],[68.5596,23.9238],[68.5796,23.9243],[68.5885,23.9224],[68.5874,23.9407],[68.606,23.9368],[68.6196,23.9163],[68.6135,23.9032],[68.5835,23.8846],[68.5718,23.8801],[68.566,23.8632],[68.5568,23.8554],[68.5507,23.8401],[68.5343,23.8279],[68.5151,23.8249],[68.5229,23.8171],[68.5254,23.8004],[68.5174,23.7938],[68.5163,23.7832],[68.5268,23.7712],[68.5251,23.759],[68.5346,23.7565],[68.5646,23.7979],[68.5746,23.8213],[68.5868,23.8351],[68.5971,23.8396],[68.6271,23.8354],[68.6451,23.8379],[68.6496,23.8449],[68.6663,23.8526],[68.6718,23.8615],[68.6929,23.861],[68.701,23.8571],[68.729,23.8549],[68.7257,23.8463],[68.7349,23.8379],[68.7271,23.8293],[68.6849,23.8204],[68.6754,23.811],[68.6551,23.7987],[68.6307,23.759],[68.604,23.7485],[68.5951,23.7318],[68.5796,23.7282],[68.5579,23.7182],[68.5463,23.6968],[68.5274,23.6868],[68.5263,23.6763],[68.5174,23.6621],[68.5007,23.6571],[68.4985,23.6449],[68.4893,23.6351],[68.4932,23.6068],[68.4865,23.596],[68.4879,23.579],[68.4924,23.5743],[68.494,23.5487],[68.484,23.5493],[68.4957,23.5249],[68.4965,23.5068],[68.4918,23.5026],[68.5024,23.4913],[68.5007,23.4754],[68.5074,23.4626],[68.5249,23.4485],[68.5313,23.4479],[68.5343,23.4235],[68.5587,23.4204],[68.5646,23.4015],[68.5571,23.3896],[68.5724,23.3762],[68.581,23.3899],[68.6057,23.3799],[68.6129,23.3618],[68.6224,23.3529],[68.6332,23.3521],[68.6371,23.3438],[68.6332,23.3188],[68.6446,23.3226],[68.649,23.3057],[68.6607,23.2957],[68.6315,23.296],[68.6296,23.291],[68.6407,23.2665],[68.6563,23.2721],[68.6599,23.2621],[68.6487,23.2582],[68.6432,23.2463],[68.6254,23.2432],[68.6054,23.2435],[68.6132,23.2279],[68.6099,23.2176],[68.5996,23.2229],[68.599,23.2404],[68.5846,23.2329],[68.5851,23.2218],[68.6265,23.1868],[68.6412,23.1793],[68.6524,23.1551],[68.6999,23.1276],[68.7343,23.1032],[68.7624,23.0788],[68.7849,23.0732],[68.8121,23.0607],[68.844,23.0401],[68.9118,22.9993],[68.9276,22.9924],[68.9449,22.9804],[68.9876,22.956],[69.0046,22.9493],[69.029,22.9357],[69.0446,22.9296],[69.0604,22.9188],[69.0985,22.8974],[69.1315,22.8726],[69.1612,22.8604],[69.1804,22.8468],[69.1974,22.8385],[69.2232,22.836],[69.259,22.8279],[69.2668,22.824],[69.2843,22.8265],[69.3007,22.8324],[69.3188,22.8324],[69.3468,22.8204],[69.3582,22.8226],[69.389,22.8143],[69.4254,22.7954],[69.446,22.7776],[69.4599,22.7793],[69.4737,22.7735],[69.4934,22.7784],[69.486,22.7874],[69.5137,22.7849],[69.5328,22.7859],[69.5632,22.7737],[69.5801,22.7623],[69.6159,22.7572],[69.6174,22.7676],[69.6296,22.7635],[69.6413,22.7665],[69.6565,22.7574],[69.6735,22.7571],[69.6946,22.7424],[69.7113,22.7382],[69.7151,22.7515],[69.7468,22.7938],[69.7446,22.8035],[69.7526,22.8199],[69.7757,22.8304],[69.8016,22.8506],[69.8125,22.85],[69.8385,22.8629],[69.8657,22.8727],[69.8774,22.8721],[69.9015,22.8651],[69.9176,22.8732],[69.934,22.8851],[69.9368,22.8929],[69.9513,22.8929],[69.9896,22.8999],[70.024,22.9015],[70.0313,22.8963],[70.0485,22.8993],[70.0546,22.9043],[70.069,22.904],[70.0818,22.9088],[70.106,22.909],[70.1321,22.9246],[70.139,22.9332],[70.1346,22.9435],[70.1104,22.9621],[70.1318,22.9612],[70.1415,22.9524],[70.1618,22.9426],[70.1762,22.9513],[70.2087,22.9518],[70.2251,22.9601],[70.2354,22.9796],[70.2518,22.9726],[70.2679,22.9563],[70.2874,22.9454],[70.3046,22.9513],[70.3068,22.9454],[70.3221,22.9368],[70.3451,22.9304],[70.3635,22.9354],[70.3838,22.9446],[70.3935,22.9632],[70.3946,22.9954],[70.3924,22.9979],[70.3971,23.026],[70.4293,23.0565],[70.4432,23.0646],[70.4793,23.071],[70.4935,23.0751],[70.4912,23.0626],[70.4715,23.0124],[70.456,22.9871],[70.4426,22.9751],[70.4321,22.9604],[70.4235,22.9326],[70.4074,22.9179],[70.3879,22.9093],[70.3768,22.8999],[70.356,22.8713],[70.3376,22.839],[70.339,22.8304],[70.3179,22.799],[70.3015,22.7715],[70.3012,22.7576],[70.2935,22.7488],[70.2715,22.7335],[70.2626,22.7357],[70.2546,22.7263],[70.2551,22.7065],[70.2415,22.7079],[70.2387,22.6963],[70.2518,22.6946],[70.2415,22.6815],[70.2454,22.6699],[70.2196,22.6301],[70.1993,22.6174],[70.2024,22.6079],[70.1943,22.6032],[70.1929,22.5865],[70.1837,22.5804],[70.1712,22.5571],[70.1629,22.5515],[70.1474,22.5535],[70.1376,22.5482],[70.0843,22.5468],[70.0726,22.5501],[70.0646,22.5468],[70.0482,22.5543],[70.0404,22.5629],[70.0285,22.5496],[70.0096,22.5485],[69.9751,22.5426],[69.954,22.5299],[69.946,22.5285],[69.9449,22.5149],[69.9229,22.5029],[69.9126,22.4882],[69.911,22.4724],[69.8943,22.4654],[69.8776,22.4493],[69.8604,22.4468],[69.841,22.456],[69.8285,22.4515],[69.829,22.4429],[69.8157,22.416],[69.8071,22.4049],[69.7926,22.4035],[69.779,22.4126],[69.7735,22.4226],[69.7618,22.4326],[69.7462,22.429],[69.7396,22.4401],[69.741,22.4574],[69.736,22.4688],[69.7282,22.4738],[69.7204,22.4618],[69.7076,22.4546],[69.6943,22.4532],[69.7018,22.4343],[69.6924,22.4213],[69.699,22.3957],[69.671,22.3951],[69.6601,22.3879],[69.6546,22.359],[69.6363,22.3585],[69.6168,22.3668],[69.6179,22.3504],[69.6001,22.3487],[69.5879,22.3626],[69.574,22.3679],[69.5662,22.3574],[69.5599,22.3668],[69.551,22.4043],[69.5393,22.4101],[69.5229,22.4265],[69.509,22.4257],[69.5179,22.411],[69.516,22.3951],[69.5232,22.3888],[69.5129,22.3721],[69.5007,22.3671],[69.4901,22.3557],[69.4887,22.3382],[69.4674,22.3301],[69.4549,22.3357],[69.4429,22.331],[69.4357,22.3221],[69.4226,22.3165],[69.4026,22.316],[69.4001,22.3201],[69.3665,22.3221],[69.3401,22.3304],[69.334,22.3043],[69.3249,22.2954],[69.3082,22.2865],[69.2979,22.2876],[69.291,22.2757],[69.2804,22.2712],[69.2571,22.269],[69.2387,22.2593],[69.2235,22.2579],[69.2032,22.2663],[69.1868,22.2787],[69.1668,22.2976],[69.1579,22.3129],[69.1676,22.3265],[69.1676,22.3451],[69.1743,22.3521],[69.174,22.3635],[69.1837,22.3824],[69.2004,22.3907],[69.1913,22.4221],[69.1729,22.4218],[69.1654,22.4129],[69.156,22.4121],[69.1485,22.4026],[69.124,22.3999],[69.1099,22.4099],[69.0996,22.401],[69.0826,22.3924],[69.0693,22.3957],[69.0554,22.4101],[69.044,22.4312],[69.0671,22.4518],[69.0749,22.4543],[69.0799,22.479],[69.0665,22.4754],[69.0601,22.4676],[69.0057,22.4376],[68.9935,22.4204],[68.9846,22.4143],[68.969,22.3899],[68.9568,22.3665],[68.9568,22.3412],[68.9518,22.3321],[68.9426,22.3329],[68.936,22.3121],[68.9443,22.2835],[68.9565,22.2607],[68.9526,22.2485],[68.9579,22.2374],[68.9713,22.226],[69.0076,22.1815],[69.0221,22.1688],[69.0579,22.1257],[69.0876,22.0999],[69.1212,22.0596],[69.2115,21.9638],[69.2363,21.9385],[69.2699,21.9071],[69.3251,21.8599],[69.3521,21.8388],[69.3763,21.826],[69.3999,21.7974],[69.4276,21.7718],[69.4515,21.7521],[69.4707,21.741],[69.4968,21.7143],[69.5376,21.6763],[69.5715,21.6468],[69.5849,21.6374],[69.6021,21.6374],[69.6249,21.616],[69.6718,21.5662],[69.7124,21.5293],[69.7712,21.4654],[69.7782,21.4629],[69.7846,21.4501],[69.8829,21.339],[69.9229,21.2918],[70.0068,21.1988],[70.0157,21.1918],[70.0604,21.1424],[70.0854,21.1199],[70.0996,21.1046],[70.1379,21.0779],[70.1579,21.0554],[70.196,21.0251],[70.2268,20.9988],[70.2387,20.994],[70.2515,20.979],[70.3246,20.9268],[70.3487,20.914],[70.3649,20.9007],[70.3726,20.9026],[70.3935,20.8943],[70.4254,20.8629],[70.4388,20.8532],[70.471,20.8382],[70.4751,20.841],[70.4943,20.8271],[70.5324,20.8093],[70.5418,20.8015],[70.5504,20.8046],[70.5638,20.7935],[70.5793,20.7885],[70.5854,20.7815],[70.6085,20.7768],[70.6157,20.7715],[70.6368,20.769],[70.6451,20.7632],[70.6571,20.7646],[70.6715,20.761],[70.7035,20.7379],[70.7129,20.736],[70.7443,20.7201],[70.7585,20.7226],[70.7937,20.711],[70.8038,20.7007],[70.8215,20.6915],[70.836,20.6913],[70.8396,20.7051],[70.8682,20.7138],[70.8738,20.7271],[70.886,20.7335],[70.9112,20.7374],[70.9243,20.7444],[70.9268,20.7374],[70.9375,20.7334],[70.9696,20.7385],[70.9913,20.746],[70.9982,20.7404],[71.0271,20.739],[71.0504,20.731],[71.0607,20.7362],[71.081,20.7393],[71.0776,20.7501],[71.0943,20.7582],[71.149,20.7574],[71.1501,20.771],[71.161,20.781],[71.2021,20.7885],[71.2107,20.8026],[71.2285,20.8035],[71.2401,20.8115],[71.2596,20.8165],[71.3226,20.8463],[71.3721,20.8535],[71.3818,20.8599],[71.3779,20.874],[71.3863,20.876],[71.396,20.8651],[71.4374,20.8685],[71.4485,20.8815],[71.4626,20.881],[71.4771,20.8899],[71.4815,20.9046],[71.4932,20.9179],[71.5082,20.9162],[71.516,20.9224],[71.5068,20.9318],[71.5096,20.944],[71.5226,20.949],[71.5301,20.9432],[71.5457,20.9507],[71.5651,20.9496],[71.581,20.959],[71.621,20.9676],[71.6365,20.9735],[71.6385,20.9899],[71.6518,20.9971],[71.6751,20.9968],[71.689,21.0082],[71.6965,21.009],[71.7207,21.0218],[71.7607,21.0201],[71.7651,21.0263],[71.7829,21.0326],[71.7862,21.0404],[71.8068,21.0399],[71.7968,21.0579],[71.8215,21.0721],[71.8238,21.0685],[71.8526,21.0801],[71.8696,21.0901],[71.8796,21.0899],[71.8885,21.1015],[71.916,21.1121],[71.9521,21.1185],[71.9635,21.1243],[71.9715,21.1204],[71.9771,21.131],[71.9899,21.1415],[72.0037,21.1415],[72.0176,21.1504],[72.0479,21.1607],[72.0563,21.1724],[72.0743,21.179],[72.0871,21.1904],[72.1154,21.2021],[72.111,21.2193],[72.0963,21.2229],[72.0888,21.229],[72.0821,21.2457],[72.0974,21.2646],[72.0974,21.2771],[72.1107,21.2865],[72.1093,21.3007],[72.1212,21.3249],[72.1668,21.3765],[72.171,21.3899],[72.199,21.4124],[72.2243,21.4404],[72.2354,21.4571],[72.2543,21.5029],[72.2651,21.5415],[72.264,21.5565],[72.2685,21.5721],[72.306,21.6285],[72.3029,21.6432],[72.2849,21.6671],[72.2851,21.6788],[72.2801,21.6899],[72.2596,21.7235],[72.2479,21.751],[72.2412,21.7874],[72.2482,21.7893],[72.2504,21.769],[72.2635,21.7404],[72.2701,21.7571],[72.2601,21.7843],[72.2593,21.829],[72.2551,21.864],[72.2582,21.8774],[72.2563,21.8901],[72.2424,21.9165],[72.2307,21.9268],[72.2257,21.941],[72.2132,21.9485],[72.221,21.9563],[72.2315,22.0035],[72.2243,22.0068],[72.2137,21.999],[72.2004,22.0043],[72.2335,22.0251],[72.2307,22.0487],[72.2365,22.0579],[72.2574,22.0674],[72.2771,22.0793],[72.2743,22.0926],[72.3018,22.1068],[72.3026,22.089],[72.2979,22.0813],[72.304,22.0721],[72.2976,22.0632],[72.2865,22.074],[72.2418,22.0507],[72.2451,22.0329],[72.2607,22.0193],[72.2551,22.0071],[72.2518,21.9874],[72.2615,21.981],[72.2604,21.9596],[72.2668,21.9374],[72.2749,21.9304],[72.2799,21.9674],[72.2862,21.9951],[72.3032,22.0557],[72.3093,22.0868],[72.3151,22.1024],[72.3113,22.1115],[72.321,22.1204],[72.321,22.1293],[72.3096,22.1488],[72.3126,22.1807],[72.3196,22.1718],[72.3162,22.1465],[72.3238,22.1471],[72.3424,22.1351],[72.3565,22.1515],[72.3532,22.1646],[72.359,22.176],[72.3721,22.1718],[72.3771,22.1568],[72.3871,22.1599],[72.3857,22.171],[72.3901,22.1835],[72.381,22.1946],[72.3637,22.2021],[72.3601,22.2251],[72.3693,22.2399],[72.3643,22.2582],[72.3776,22.2607],[72.3813,22.244],[72.3757,22.236],[72.3821,22.2185],[72.3904,22.2151],[72.4007,22.2015],[72.4165,22.2274],[72.4132,22.2504],[72.4163,22.2846],[72.411,22.2993],[72.3876,22.2987],[72.3763,22.3054],[72.3729,22.3232],[72.379,22.336],[72.4043,22.3515],[72.3815,22.3757],[72.394,22.3824],[72.399,22.3687],[72.4124,22.3585],[72.4121,22.3499],[72.4026,22.3285],[72.3899,22.3165],[72.394,22.3074],[72.4051,22.3101],[72.4351,22.3013],[72.4493,22.276],[72.4707,22.2426],[72.494,22.2424],[72.4743,22.2007],[72.4876,22.1974],[72.491,22.2063],[72.5079,22.2315],[72.5243,22.2454],[72.5235,22.2624],[72.5374,22.2738],[72.5332,22.2468],[72.5446,22.2437],[72.5574,22.2593],[72.561,22.2496],[72.5732,22.2546],[72.596,22.2735],[72.6085,22.2793],[72.6371,22.2843],[72.6563,22.279],[72.6582,22.2699],[72.6751,22.2504],[72.6915,22.2371],[72.7185,22.2362],[72.756,22.231],[72.7824,22.2449],[72.8104,22.2651],[72.8437,22.2824],[72.8526,22.2818],[72.859,22.2546],[72.8668,22.2426],[72.8835,22.2424],[72.8951,22.246],[72.9196,22.2696],[72.9196,22.2607],[72.9118,22.2454],[72.8993,22.2321],[72.8863,22.2307],[72.8696,22.2235],[72.8479,22.2365],[72.8263,22.2407],[72.8182,22.2476],[72.7999,22.2388],[72.7824,22.2126],[72.7743,22.1943],[72.7601,22.1754],[72.7482,22.1732],[72.7274,22.1818],[72.7076,22.186],[72.6996,22.1846],[72.6585,22.2126],[72.6396,22.2179],[72.6137,22.2174],[72.6013,22.2135],[72.5832,22.2018],[72.5688,22.1876],[72.5557,22.1674],[72.5474,22.1499],[72.5265,22.0776],[72.5182,22.0296],[72.5074,21.9943],[72.5029,21.959],[72.5024,21.9351],[72.506,21.9251],[72.5076,21.8979],[72.5149,21.891],[72.5166,21.8795],[72.5467,21.8775],[72.5717,21.8816],[72.5821,21.8864],[72.5872,21.9002],[72.5859,21.9193],[72.6133,21.9443],[72.6079,21.928],[72.6287,21.9091],[72.6215,21.9001],[72.6228,21.8875],[72.6117,21.8609],[72.5985,21.8495],[72.5792,21.8271],[72.5711,21.8235],[72.5521,21.7924],[72.5404,21.7357],[72.5301,21.7288],[72.5179,21.706],[72.5229,21.6957],[72.524,21.6801],[72.5362,21.6657],[72.5474,21.6585],[72.5587,21.6593],[72.5685,21.6663],[72.6085,21.6821],[72.6324,21.679],[72.659,21.6782],[72.6696,21.6832],[72.6813,21.6796],[72.6985,21.6815],[72.7112,21.6785],[72.7363,21.6896],[72.7421,21.689],[72.7618,21.6693],[72.7799,21.6632],[72.7982,21.6615],[72.8329,21.6732],[72.8349,21.6688],[72.8138,21.6543],[72.7874,21.6451],[72.7515,21.6499],[72.7474,21.6424],[72.7232,21.6388],[72.7049,21.6521],[72.6924,21.6407],[72.6726,21.6279],[72.6604,21.6282],[72.6479,21.6171],[72.6385,21.6204],[72.6282,21.6168],[72.6263,21.6088],[72.6079,21.583],[72.6126,21.5715],[72.6126,21.5574],[72.6307,21.539],[72.66,21.5272],[72.681,21.5399],[72.706,21.5321],[72.7004,21.5271],[72.6857,21.5282],[72.674,21.5204],[72.6651,21.4799],[72.6579,21.4707]]],[[[93.8486,7.2405],[93.8212,7.2374],[93.8099,7.2288],[93.8084,7.2118],[93.8017,7.2031],[93.7854,7.2156],[93.7708,7.2067],[93.76,7.2143],[93.7386,7.1907],[93.7253,7.1842],[93.7142,7.1918],[93.7025,7.1884],[93.6912,7.1909],[93.674,7.1756],[93.6788,7.1551],[93.6754,7.1392],[93.6675,7.1391],[93.6562,7.1267],[93.6564,7.117],[93.667,7.1171],[93.6746,7.111],[93.6596,7.1037],[93.6577,7.0939],[93.6687,7.066],[93.6647,7.043],[93.6778,7.0161],[93.6907,7.0172],[93.7033,7.0084],[93.7067,6.9909],[93.7187,6.9937],[93.7335,6.9787],[93.732,6.9693],[93.737,6.9597],[93.7468,6.9619],[93.7524,6.9461],[93.7523,6.9308],[93.7422,6.9259],[93.7509,6.9096],[93.765,6.917],[93.7665,6.8975],[93.7754,6.8939],[93.7777,6.8806],[93.7736,6.8664],[93.7815,6.8567],[93.7895,6.8577],[93.7944,6.8482],[93.7867,6.8379],[93.8099,6.8042],[93.8124,6.7931],[93.8079,6.7865],[93.807,6.7639],[93.8195,6.7575],[93.8351,6.757],[93.8489,6.791],[93.8458,6.8015],[93.8541,6.8159],[93.8699,6.814],[93.8873,6.7984],[93.9028,6.8147],[93.9014,6.8204],[93.9103,6.8331],[93.9058,6.841],[93.8938,6.8469],[93.8944,6.8693],[93.902,6.8803],[93.8971,6.8945],[93.9011,6.9079],[93.9087,6.9064],[93.9165,6.9139],[93.9097,6.9305],[93.9267,6.9548],[93.9425,6.952],[93.9291,6.9734],[93.9277,6.9879],[93.9148,6.9957],[93.9165,7.0061],[93.9308,7.0101],[93.9335,7.0016],[93.9459,6.9954],[93.9465,7.0084],[93.9274,7.0274],[93.9166,7.0257],[93.9126,7.0411],[93.9148,7.0544],[93.906,7.0639],[93.9034,7.0767],[93.8872,7.0871],[93.8857,7.1059],[93.891,7.1224],[93.8856,7.1272],[93.8876,7.1563],[93.88,7.1766],[93.8835,7.1841],[93.8826,7.2037],[93.8676,7.2174],[93.8559,7.2147],[93.8468,7.218],[93.8427,7.2278],[93.8486,7.2405]]],[[[93.7129,7.4437],[93.7066,7.4443],[93.7083,7.3942],[93.6956,7.3931],[93.6844,7.3873],[93.6797,7.3761],[93.6724,7.3734],[93.6635,7.3814],[93.6497,7.3683],[93.6403,7.3738],[93.6329,7.371],[93.6316,7.3589],[93.6362,7.3204],[93.6279,7.3052],[93.6345,7.2881],[93.6295,7.2689],[93.6472,7.2439],[93.6541,7.2453],[93.67,7.2602],[93.6786,7.2816],[93.6992,7.299],[93.6997,7.3028],[93.7242,7.3082],[93.7362,7.3273],[93.7392,7.3423],[93.757,7.3579],[93.7565,7.3745],[93.7346,7.3896],[93.7213,7.4054],[93.72,7.4307],[93.7129,7.4437]]],[[[93.3826,8.0229],[93.3704,8.02],[93.3541,8.008],[93.3363,8.0116],[93.3263,7.9997],[93.3228,7.9731],[93.311,7.9621],[93.3185,7.9435],[93.3195,7.9323],[93.33,7.9245],[93.3342,7.9362],[93.3466,7.9273],[93.3462,7.9014],[93.3518,7.8926],[93.3783,7.8835],[93.3865,7.8873],[93.3959,7.9014],[93.4131,7.907],[93.426,7.907],[93.4424,7.899],[93.4522,7.8848],[93.4543,7.8745],[93.4622,7.8734],[93.4748,7.8925],[93.4661,7.9147],[93.4629,7.9344],[93.4361,7.9564],[93.4329,7.966],[93.4153,7.9594],[93.3963,7.9695],[93.4044,7.9823],[93.4025,7.9936],[93.4074,8.0099],[93.3969,8.0181],[93.3826,8.0229]]],[[[93.5478,8.0261],[93.5519,8.002],[93.5427,8.0073],[93.5416,8.0165],[93.5304,8.0242],[93.5309,8.0087],[93.5081,7.9849],[93.5221,7.9706],[93.5534,7.9486],[93.5733,7.9307],[93.5794,7.9342],[93.5797,7.9556],[93.5827,7.9712],[93.5823,7.9924],[93.5635,8.0248],[93.5478,8.0261]]],[[[93.5804,8.1238],[93.5628,8.1203],[93.5734,8.1064],[93.5709,8.0928],[93.5817,8.0814],[93.5722,8.0678],[93.5925,8.0385],[93.6004,8.0445],[93.599,8.0557],[93.5925,8.0637],[93.5904,8.1014],[93.5804,8.1238]]],[[[93.526,8.2317],[93.4971,8.224],[93.4919,8.2199],[93.4909,8.1995],[93.4778,8.1852],[93.4552,8.1752],[93.4566,8.1445],[93.4617,8.1192],[93.4716,8.099],[93.4831,8.0814],[93.4855,8.052],[93.5071,8.0736],[93.5143,8.0844],[93.5243,8.0836],[93.5244,8.0582],[93.5155,8.0587],[93.4999,8.0394],[93.4858,8.0445],[93.4866,8.0158],[93.492,8.0016],[93.5066,8.0017],[93.5053,8.0172],[93.5083,8.0342],[93.5265,8.0337],[93.5287,8.0469],[93.5473,8.0471],[93.5521,8.0742],[93.5478,8.0889],[93.5346,8.096],[93.5314,8.1056],[93.5125,8.139],[93.5069,8.1412],[93.5107,8.1686],[93.5218,8.1729],[93.5378,8.1856],[93.546,8.2052],[93.545,8.2201],[93.5378,8.2294],[93.526,8.2317]]],[[[93.235,8.2645],[93.2218,8.2565],[93.2202,8.2457],[93.2366,8.2241],[93.2506,8.2275],[93.2493,8.241],[93.235,8.2645]]],[[[93.1273,8.3556],[93.1135,8.3471],[93.1057,8.3489],[93.0955,8.3395],[93.0948,8.3236],[93.0857,8.3067],[93.0851,8.2764],[93.1005,8.2531],[93.1016,8.2464],[93.1208,8.2241],[93.1331,8.2201],[93.1576,8.2072],[93.1888,8.1941],[93.2019,8.1972],[93.2047,8.2146],[93.1941,8.2249],[93.1776,8.2307],[93.1532,8.2435],[93.1314,8.2663],[93.1258,8.2773],[93.1328,8.3016],[93.1314,8.31],[93.1409,8.33],[93.1427,8.347],[93.1327,8.3483],[93.1273,8.3556]]],[[[93.0442,8.4712],[93.0355,8.4544],[93.0445,8.4416],[93.0588,8.4412],[93.0563,8.4609],[93.0442,8.4712]]],[[[93.6143,8.5753],[93.6112,8.5445],[93.6225,8.5256],[93.6264,8.5077],[93.6277,8.4849],[93.6194,8.4806],[93.629,8.4697],[93.6424,8.4683],[93.637,8.4977],[93.6318,8.5056],[93.6358,8.5225],[93.622,8.5327],[93.6184,8.5531],[93.6207,8.5602],[93.6143,8.5753]]],[[[92.7946,9.2391],[92.7789,9.2468],[92.7717,9.2211],[92.7651,9.2151],[92.7246,9.219],[92.7212,9.2118],[92.7213,9.1729],[92.7197,9.1458],[92.7262,9.1305],[92.7333,9.1232],[92.7578,9.1267],[92.7738,9.126],[92.7869,9.1183],[92.8025,9.1197],[92.8126,9.1254],[92.8171,9.1347],[92.827,9.1387],[92.8318,9.1636],[92.8251,9.1794],[92.825,9.1951],[92.8183,9.215],[92.7946,9.2391]]],[[[92.5184,10.8975],[92.5068,10.8897],[92.493,10.8894],[92.4788,10.8705],[92.4571,10.8615],[92.4597,10.8439],[92.4469,10.8364],[92.4277,10.8175],[92.4194,10.7961],[92.4085,10.7842],[92.3961,10.7784],[92.3781,10.7847],[92.3774,10.7708],[92.3818,10.7626],[92.3782,10.7379],[92.3829,10.7217],[92.3806,10.6937],[92.3827,10.6676],[92.3944,10.6663],[92.4104,10.645],[92.4209,10.6156],[92.4147,10.6077],[92.4102,10.5831],[92.4009,10.572],[92.3943,10.553],[92.3818,10.5387],[92.3859,10.5319],[92.4019,10.5314],[92.4191,10.5479],[92.4343,10.5482],[92.4499,10.5433],[92.463,10.5354],[92.482,10.5179],[92.4992,10.5109],[92.5132,10.5118],[92.5309,10.518],[92.5406,10.5361],[92.5437,10.549],[92.5533,10.5569],[92.5682,10.5762],[92.5636,10.5859],[92.5449,10.5917],[92.5399,10.6147],[92.5459,10.6286],[92.5676,10.6512],[92.5787,10.6541],[92.5754,10.6681],[92.5794,10.6756],[92.5972,10.681],[92.5979,10.7002],[92.5893,10.7191],[92.5831,10.7406],[92.5831,10.7589],[92.5871,10.7876],[92.5633,10.8039],[92.5631,10.8276],[92.5564,10.8437],[92.5582,10.863],[92.5384,10.8819],[92.5184,10.8975]]],[[[92.7064,11.2886],[92.6955,11.2848],[92.6941,11.2699],[92.7059,11.2638],[92.7064,11.2886]]],[[[92.6419,11.5102],[92.6358,11.5173],[92.6208,11.4979],[92.6153,11.4817],[92.6115,11.4586],[92.6243,11.4416],[92.6245,11.4086],[92.6196,11.4024],[92.5885,11.4014],[92.5928,11.3801],[92.5817,11.3672],[92.5886,11.355],[92.5982,11.3478],[92.62,11.35],[92.6382,11.3472],[92.6488,11.3571],[92.6645,11.3546],[92.6692,11.3632],[92.6774,11.3632],[92.6908,11.3708],[92.6918,11.3861],[92.6713,11.3962],[92.6621,11.3973],[92.658,11.4124],[92.6713,11.4159],[92.6721,11.4272],[92.6857,11.4362],[92.6758,11.4625],[92.6771,11.4713],[92.6706,11.4859],[92.6445,11.5013],[92.6419,11.5102]]],[[[92.5603,11.5381],[92.5527,11.5312],[92.5618,11.5175],[92.5689,11.5277],[92.5603,11.5381]]],[[[92.6101,11.5585],[92.6069,11.5375],[92.6159,11.5347],[92.6204,11.5564],[92.6101,11.5585]]],[[[92.5971,11.5422],[92.5973,11.5626],[92.5894,11.5616],[92.5845,11.5489],[92.5883,11.5394],[92.5971,11.5422]]],[[[92.6117,11.5882],[92.6011,11.5856],[92.6009,11.5673],[92.6193,11.5731],[92.6117,11.5882]]],[[[92.2296,11.5876],[92.2216,11.592],[92.2081,11.5861],[92.2153,11.5716],[92.2077,11.5496],[92.213,11.5348],[92.2324,11.5266],[92.253,11.5257],[92.2613,11.518],[92.2701,11.5234],[92.2746,11.5369],[92.2701,11.5483],[92.2685,11.5713],[92.2703,11.5848],[92.2633,11.5896],[92.2413,11.5923],[92.2296,11.5876]]],[[[92.541,11.6034],[92.5344,11.6024],[92.5327,11.5709],[92.5385,11.5628],[92.5541,11.5624],[92.5639,11.5737],[92.5629,11.5928],[92.5453,11.5922],[92.541,11.6034]]],[[[93.0315,11.8368],[93.0129,11.8495],[93.0141,11.8322],[93.0203,11.8309],[93.046,11.8145],[93.058,11.815],[93.0715,11.8346],[93.0634,11.8448],[93.0315,11.8368]]],[[[92.7557,11.9673],[92.7393,11.9618],[92.7364,11.9523],[92.7457,11.9454],[92.7672,11.9547],[92.7657,11.9653],[92.7557,11.9673]]],[[[92.5948,11.977],[92.5967,11.9299],[92.6093,11.9404],[92.6009,11.9708],[92.5948,11.977]]],[[[92.9746,12.0429],[92.9649,12.0387],[92.9513,12.0135],[92.929,12.0002],[92.9346,11.9854],[92.9479,11.986],[92.96,11.9818],[92.9669,11.9616],[92.9738,11.9494],[92.9949,11.9412],[93.006,11.9294],[93.0221,11.9021],[93.0257,11.8894],[93.0326,11.8836],[93.045,11.8845],[93.0533,11.8961],[93.0533,11.9041],[93.0354,11.9491],[93.0276,11.9518],[93.0251,11.9668],[93.0068,12.001],[93.0098,12.0168],[92.9985,12.0337],[92.9746,12.0429]]],[[[92.9915,12.109],[92.9719,12.1042],[92.9597,12.1064],[92.9608,12.0828],[92.9641,12.069],[92.9744,12.0656],[92.9803,12.0547],[92.9923,12.0445],[92.9996,12.0479],[92.9978,12.0636],[93.0004,12.0859],[93.0051,12.1038],[92.9915,12.109]]],[[[93.1204,12.1483],[93.1101,12.1429],[93.1153,12.1302],[93.1237,12.1403],[93.1204,12.1483]]],[[[92.9637,12.1508],[92.9556,12.1427],[92.9622,12.124],[92.9833,12.1116],[92.9962,12.1133],[93.001,12.1196],[92.9924,12.1366],[92.9922,12.1441],[92.9637,12.1508]]],[[[93.0289,12.1659],[93.0072,12.1471],[93.0018,12.1331],[93.009,12.1024],[93.0078,12.0756],[93.0252,12.0705],[93.0453,12.0457],[93.0532,12.0603],[93.0492,12.0839],[93.0341,12.1003],[93.0316,12.1185],[93.0356,12.1243],[93.0258,12.1411],[93.0289,12.1659]]],[[[93.0745,12.2104],[93.0664,12.2107],[93.0568,12.1928],[93.0411,12.1516],[93.0368,12.1333],[93.0453,12.1281],[93.0526,12.1103],[93.066,12.0978],[93.0748,12.0839],[93.0846,12.0889],[93.0933,12.1129],[93.0877,12.1296],[93.095,12.1424],[93.0854,12.1543],[93.0904,12.1771],[93.0856,12.1956],[93.0745,12.2104]]],[[[92.9352,12.2246],[92.9271,12.2223],[92.9256,12.2075],[92.941,12.217],[92.9352,12.2246]]],[[[92.6974,12.2399],[92.6897,12.2356],[92.6848,12.2217],[92.6628,12.2179],[92.6443,12.1766],[92.6379,12.1435],[92.6305,12.1165],[92.6254,12.1072],[92.6193,12.0648],[92.6262,12.0479],[92.6121,12.0091],[92.6128,11.9586],[92.6112,11.9432],[92.6058,11.9238],[92.6117,11.9141],[92.6108,11.8712],[92.6018,11.8726],[92.6024,11.8964],[92.5936,11.8991],[92.5875,11.887],[92.5812,11.9209],[92.5741,11.9276],[92.5625,11.9469],[92.5556,11.9294],[92.5419,11.9224],[92.5344,11.9126],[92.5378,11.9045],[92.5263,11.8962],[92.5225,11.87],[92.5136,11.8495],[92.5248,11.8269],[92.5361,11.839],[92.5418,11.8357],[92.5405,11.8203],[92.549,11.8171],[92.5533,11.797],[92.5544,11.7666],[92.5522,11.7232],[92.5622,11.694],[92.5728,11.6991],[92.5747,11.7162],[92.5954,11.711],[92.5929,11.7033],[92.5993,11.6927],[92.5984,11.6794],[92.5913,11.6706],[92.6082,11.6375],[92.6264,11.6284],[92.6341,11.6358],[92.6453,11.6328],[92.6362,11.616],[92.618,11.6218],[92.6086,11.621],[92.6057,11.6076],[92.61,11.5942],[92.6179,11.586],[92.621,11.5615],[92.6331,11.5803],[92.6471,11.5725],[92.6423,11.5607],[92.6509,11.5515],[92.6447,11.5425],[92.6476,11.5215],[92.6723,11.5037],[92.6852,11.512],[92.7038,11.4993],[92.712,11.4886],[92.7274,11.5189],[92.7243,11.5324],[92.735,11.5529],[92.7302,11.5596],[92.7396,11.5705],[92.7446,11.5902],[92.7526,11.6092],[92.7525,11.6325],[92.747,11.6432],[92.7561,11.6476],[92.7569,11.6649],[92.7447,11.6757],[92.7347,11.6768],[92.7205,11.6849],[92.7157,11.6762],[92.7196,11.6532],[92.6989,11.6496],[92.6732,11.6267],[92.6654,11.6453],[92.6684,11.6542],[92.6838,11.6512],[92.6925,11.6653],[92.7019,11.6731],[92.7028,11.697],[92.716,11.7057],[92.7221,11.698],[92.7319,11.6987],[92.7453,11.6922],[92.7424,11.707],[92.7548,11.7182],[92.7609,11.7446],[92.7658,11.7521],[92.7693,11.7988],[92.7749,11.8131],[92.7762,11.8342],[92.7863,11.8668],[92.7862,11.8828],[92.7799,11.8966],[92.7878,11.9186],[92.7851,11.9363],[92.7648,11.9404],[92.7472,11.9327],[92.7331,11.9051],[92.7315,11.8728],[92.725,11.881],[92.7271,11.9002],[92.7245,11.9316],[92.7167,11.9458],[92.7193,11.9627],[92.7255,11.9745],[92.7364,11.9848],[92.7549,11.9823],[92.7635,11.9992],[92.7497,12.0053],[92.7469,12.017],[92.7368,12.0209],[92.747,12.0363],[92.7623,12.0213],[92.7769,12.0244],[92.7723,12.0466],[92.7546,12.0577],[92.7529,12.0706],[92.7418,12.0745],[92.7362,12.0837],[92.7357,12.1044],[92.7444,12.1212],[92.746,12.1312],[92.7556,12.153],[92.7579,12.1773],[92.7357,12.1825],[92.7177,12.1767],[92.7055,12.1799],[92.7128,12.1894],[92.7086,12.1998],[92.7105,12.2109],[92.7062,12.2294],[92.6974,12.2399]]],[[[92.7315,12.2423],[92.7221,12.2334],[92.724,12.2069],[92.7211,12.1902],[92.7483,12.1807],[92.7632,12.1817],[92.7682,12.2017],[92.7631,12.2085],[92.7627,12.2294],[92.7381,12.2309],[92.7315,12.2423]]],[[[92.9008,12.2552],[92.8855,12.2485],[92.8731,12.2484],[92.8695,12.2382],[92.8809,12.2238],[92.8913,12.234],[92.9001,12.2291],[92.9142,12.2322],[92.9055,12.2523],[92.9008,12.2552]]],[[[93.0793,12.2596],[93.0712,12.2582],[93.0658,12.2371],[93.0671,12.2284],[93.0844,12.2227],[93.1022,12.2064],[93.1036,12.2216],[93.1007,12.2324],[93.0861,12.2424],[93.0793,12.2596]]],[[[92.7493,12.2886],[92.7401,12.2764],[92.7343,12.2542],[92.7424,12.2546],[92.7493,12.2886]]],[[[92.7674,12.2739],[92.7674,12.2866],[92.7538,12.2816],[92.7589,12.2692],[92.7674,12.2739]]],[[[93.867,12.2953],[93.8509,12.2901],[93.8464,12.2723],[93.8559,12.2654],[93.8723,12.2682],[93.8775,12.2795],[93.867,12.2953]]],[[[92.7129,12.2965],[92.7041,12.299],[92.6999,12.2757],[92.7041,12.2456],[92.7127,12.2482],[92.7213,12.28],[92.7235,12.296],[92.7129,12.2965]]],[[[92.9344,12.3082],[92.9296,12.3048],[92.9301,12.2836],[92.9108,12.2935],[92.9022,12.2899],[92.9042,12.2779],[92.9143,12.2734],[92.923,12.259],[92.919,12.2375],[92.9287,12.2381],[92.9267,12.2513],[92.9423,12.2757],[92.9327,12.2925],[92.9344,12.3082]]],[[[92.8257,12.3042],[92.8099,12.3136],[92.7962,12.3041],[92.7846,12.3114],[92.7695,12.3097],[92.7795,12.2883],[92.7648,12.2642],[92.75,12.2736],[92.7421,12.2457],[92.7479,12.235],[92.7686,12.2291],[92.764,12.2107],[92.7694,12.2014],[92.7652,12.1757],[92.7577,12.1504],[92.7476,12.1251],[92.7395,12.0992],[92.7397,12.082],[92.7436,12.0763],[92.7565,12.0755],[92.7626,12.0651],[92.793,12.0837],[92.7953,12.0959],[92.7883,12.1031],[92.7995,12.1091],[92.8102,12.1056],[92.8114,12.13],[92.8217,12.1507],[92.8249,12.1678],[92.8362,12.1679],[92.8471,12.1603],[92.8542,12.1724],[92.8469,12.198],[92.8536,12.2043],[92.8803,12.1945],[92.8739,12.2059],[92.8727,12.2258],[92.8622,12.2374],[92.8594,12.2475],[92.876,12.2507],[92.8835,12.2574],[92.8825,12.274],[92.8871,12.2856],[92.8732,12.289],[92.8723,12.3013],[92.8552,12.3051],[92.8257,12.3042]]],[[[92.8596,12.4066],[92.8459,12.4061],[92.8442,12.3957],[92.8602,12.389],[92.8625,12.3798],[92.8908,12.3925],[92.8729,12.4059],[92.8596,12.4066]]],[[[92.9558,12.4299],[92.9376,12.4215],[92.928,12.4098],[92.9245,12.3924],[92.9278,12.3872],[92.9186,12.3761],[92.9188,12.3655],[92.9331,12.361],[92.9421,12.3819],[92.9432,12.402],[92.9522,12.4084],[92.9608,12.422],[92.9558,12.4299]]],[[[92.6746,12.5421],[92.6686,12.5353],[92.6771,12.5228],[92.6846,12.5393],[92.6746,12.5421]]],[[[92.7104,12.8291],[92.7011,12.8137],[92.6996,12.786],[92.7099,12.7713],[92.713,12.7373],[92.7091,12.7316],[92.7196,12.7225],[92.7188,12.7517],[92.7248,12.755],[92.7122,12.7773],[92.7138,12.7853],[92.7129,12.8187],[92.7104,12.8291]]],[[[92.7292,12.8643],[92.7189,12.863],[92.7125,12.8453],[92.7193,12.8368],[92.7292,12.8643]]],[[[92.7937,12.9126],[92.7803,12.9111],[92.7754,12.9046],[92.7933,12.8921],[92.7987,12.8946],[92.7937,12.9126]]],[[[92.899,12.9159],[92.896,12.8986],[92.8862,12.8936],[92.8731,12.8933],[92.8733,12.8809],[92.8443,12.8752],[92.8403,12.8767],[92.843,12.885],[92.8396,12.891],[92.831,12.8847],[92.8227,12.8962],[92.8035,12.8974],[92.7911,12.8892],[92.7928,12.8643],[92.781,12.8592],[92.7688,12.862],[92.7684,12.8522],[92.7543,12.8482],[92.7412,12.8367],[92.7236,12.8273],[92.7214,12.8166],[92.7209,12.7881],[92.7304,12.7518],[92.7306,12.7436],[92.7389,12.7378],[92.7414,12.7215],[92.7403,12.7029],[92.7296,12.6975],[92.7437,12.6717],[92.7528,12.6751],[92.7702,12.6732],[92.7775,12.6851],[92.7864,12.6906],[92.7891,12.6751],[92.7834,12.6641],[92.7522,12.6712],[92.7438,12.6668],[92.7326,12.6532],[92.7362,12.6399],[92.7121,12.6232],[92.7007,12.6003],[92.7089,12.5762],[92.7053,12.5642],[92.708,12.5549],[92.699,12.5392],[92.6999,12.5265],[92.6952,12.5192],[92.7017,12.5095],[92.7014,12.5005],[92.7087,12.4923],[92.7024,12.4853],[92.7003,12.4693],[92.7062,12.45],[92.698,12.4311],[92.6996,12.4075],[92.6964,12.3907],[92.7038,12.3716],[92.6996,12.367],[92.7002,12.3341],[92.7103,12.3098],[92.7196,12.3036],[92.7427,12.3021],[92.7561,12.2965],[92.7609,12.3067],[92.7713,12.3165],[92.7896,12.3125],[92.7949,12.3061],[92.8108,12.3148],[92.8301,12.3046],[92.8481,12.3082],[92.8531,12.3137],[92.8703,12.3172],[92.8783,12.3139],[92.8875,12.332],[92.8805,12.3347],[92.8812,12.356],[92.8732,12.3529],[92.8382,12.3983],[92.8287,12.4261],[92.8375,12.43],[92.8468,12.4235],[92.8644,12.4265],[92.8743,12.4173],[92.8866,12.4222],[92.8995,12.4168],[92.9207,12.4266],[92.9229,12.4426],[92.9419,12.45],[92.9537,12.4761],[92.9349,12.4708],[92.9302,12.4792],[92.9413,12.4856],[92.9495,12.4987],[92.9586,12.4871],[92.9682,12.497],[92.9652,12.5049],[92.9756,12.5416],[92.9691,12.5625],[92.9616,12.5762],[92.9571,12.5933],[92.9587,12.6191],[92.9572,12.6418],[92.9629,12.6614],[92.9647,12.7046],[92.9689,12.7194],[92.9642,12.7304],[92.9685,12.74],[92.962,12.7533],[92.9339,12.7737],[92.9337,12.7809],[92.9484,12.7922],[92.9538,12.8079],[92.9439,12.827],[92.9362,12.8541],[92.9293,12.8592],[92.9282,12.884],[92.91,12.8968],[92.9065,12.9146],[92.899,12.9159]]],[[[92.8766,12.9324],[92.8614,12.9337],[92.8597,12.9258],[92.8723,12.916],[92.8766,12.9324]]],[[[92.6963,12.9915],[92.6844,12.9877],[92.6702,12.9645],[92.6676,12.9538],[92.6793,12.9468],[92.6708,12.9234],[92.6703,12.9047],[92.6651,12.8822],[92.6486,12.8621],[92.651,12.8461],[92.661,12.8284],[92.6657,12.8117],[92.6633,12.7939],[92.6698,12.7887],[92.6777,12.8094],[92.6892,12.8177],[92.6884,12.8344],[92.7017,12.8416],[92.7031,12.8518],[92.7144,12.8627],[92.7196,12.8743],[92.7227,12.9054],[92.7198,12.9128],[92.7214,12.9468],[92.7176,12.955],[92.7203,12.9789],[92.7094,12.9895],[92.6963,12.9915]]],[[[93.0063,12.9971],[92.9928,12.9915],[92.9726,12.9699],[92.9592,12.9886],[92.9527,12.9797],[92.9628,12.9688],[92.9594,12.9558],[92.9716,12.9555],[92.9716,12.9433],[92.9812,12.9329],[92.9802,12.9667],[92.9927,12.9857],[93.0063,12.9971]]],[[[92.9266,13.0237],[92.9154,13.0132],[92.9209,13.0005],[92.9445,12.9979],[92.9391,13.0102],[92.9395,13.0256],[92.9266,13.0237]]],[[[92.7168,13.0979],[92.6959,13.0898],[92.6999,13.0728],[92.7168,13.0979]]],[[[93.0253,13.3263],[93.0177,13.3293],[93.0149,13.3087],[93.0241,13.3052],[93.022,13.3223],[93.0253,13.3263]]],[[[92.8433,13.4404],[92.8223,13.4351],[92.8219,13.4218],[92.8346,13.42],[92.846,13.4316],[92.8433,13.4404]]],[[[94.2711,13.4431],[94.2758,13.4686],[94.2597,13.4668],[94.253,13.4616],[94.2464,13.4428],[94.2598,13.4357],[94.2711,13.4431]]],[[[93.0302,13.5711],[93.0167,13.5712],[93.0136,13.548],[93.0022,13.5607],[92.9867,13.5695],[92.981,13.5522],[92.9919,13.5355],[92.9903,13.5287],[92.9752,13.5275],[92.9666,13.5423],[92.9514,13.5428],[92.9479,13.5374],[92.9316,13.5392],[92.9173,13.5356],[92.9141,13.526],[92.9255,13.5206],[92.9229,13.5123],[92.9298,13.5024],[92.9248,13.496],[92.9035,13.4965],[92.9026,13.4813],[92.8721,13.472],[92.8762,13.4604],[92.8749,13.4462],[92.8822,13.4415],[92.8839,13.4296],[92.8711,13.4259],[92.8734,13.4146],[92.8653,13.4013],[92.8586,13.409],[92.8473,13.411],[92.844,13.393],[92.8595,13.3856],[92.8495,13.3699],[92.8397,13.3754],[92.8336,13.3529],[92.8347,13.3377],[92.827,13.3292],[92.829,13.3121],[92.8419,13.3016],[92.8226,13.2768],[92.8376,13.2614],[92.8541,13.2584],[92.8502,13.2394],[92.8319,13.2429],[92.828,13.2374],[92.8292,13.2089],[92.8206,13.2012],[92.8246,13.1937],[92.8215,13.1832],[92.827,13.1742],[92.8161,13.1697],[92.814,13.153],[92.8328,13.1488],[92.8446,13.1417],[92.8424,13.1272],[92.8264,13.1299],[92.8103,13.1272],[92.8198,13.1032],[92.8078,13.0998],[92.8056,13.0851],[92.7998,13.0825],[92.7931,13.0582],[92.7967,13.0511],[92.7883,13.0172],[92.7988,13.0098],[92.8217,13.0117],[92.819,13.0009],[92.8101,12.998],[92.8133,12.9831],[92.7949,12.9873],[92.7979,12.9719],[92.7922,12.965],[92.7927,12.9519],[92.8014,12.9483],[92.7944,12.915],[92.8019,12.8999],[92.8104,12.9002],[92.8264,12.8954],[92.8304,12.8863],[92.8392,12.8926],[92.8436,12.8904],[92.8436,12.8851],[92.8414,12.8775],[92.8558,12.8784],[92.8723,12.8827],[92.8714,12.8993],[92.8594,12.9023],[92.8539,12.9263],[92.8584,12.9354],[92.8687,12.9344],[92.8766,12.9475],[92.8754,12.9655],[92.8815,12.9698],[92.8834,12.9837],[92.8921,12.9908],[92.9073,12.9859],[92.9058,12.976],[92.9098,12.962],[92.9267,12.9578],[92.9385,12.9724],[92.9269,12.9896],[92.9187,12.9865],[92.916,12.9994],[92.9084,13],[92.9034,13.0198],[92.9161,13.0545],[92.926,13.0618],[92.9418,13.0626],[92.9349,13.0424],[92.9512,13.0293],[92.9546,13.0191],[92.9704,13.0322],[92.9841,13.0264],[92.9955,13.0354],[93.0065,13.0318],[93.0133,13.0493],[93.0196,13.0507],[93.034,13.0811],[93.0319,13.1246],[93.0371,13.1399],[93.034,13.155],[93.0367,13.1696],[93.0318,13.1777],[93.0346,13.1902],[93.0443,13.2121],[93.0421,13.2227],[93.0556,13.2326],[93.0576,13.2518],[93.0459,13.2588],[93.0404,13.2682],[93.0472,13.2791],[93.03,13.281],[93.0128,13.2763],[93.0162,13.2916],[93.0132,13.3064],[93.0041,13.3181],[92.9853,13.3181],[92.9787,13.3238],[92.9639,13.3244],[92.9529,13.3325],[92.9602,13.3576],[92.9666,13.3612],[92.9757,13.3504],[92.9796,13.3353],[93.003,13.3541],[93.0255,13.3486],[93.0401,13.3509],[93.0401,13.3221],[93.0606,13.3173],[93.0699,13.307],[93.0751,13.3286],[93.09,13.336],[93.0713,13.3474],[93.052,13.3904],[93.0588,13.4007],[93.0482,13.4053],[93.0332,13.426],[93.0354,13.4423],[93.0287,13.4615],[93.0353,13.4705],[93.0432,13.5046],[93.0413,13.5339],[93.0383,13.55],[93.0302,13.5711]]],[[[93.0167,13.6751],[92.9978,13.667],[92.9823,13.6653],[92.9769,13.655],[92.986,13.6427],[93.0002,13.6493],[93.0082,13.647],[93.0241,13.6272],[93.0316,13.6344],[93.0262,13.6461],[93.0252,13.6602],[93.0167,13.6751]]],[[[81.3937,16.3338],[81.3689,16.334],[81.3519,16.3233],[81.3222,16.3102],[81.3249,16.3205],[81.2997,16.3173],[81.2863,16.3119],[81.277,16.3164],[81.2678,16.3113],[81.2794,16.2957],[81.2705,16.286],[81.2754,16.2783],[81.3092,16.2953],[81.3269,16.3065],[81.3937,16.3338]]],[[[70.9248,20.738],[70.8824,20.7288],[70.8735,20.7179],[70.8746,20.709],[70.8876,20.7093],[70.8993,20.6988],[70.914,20.699],[70.9176,20.7096],[70.9346,20.711],[70.9554,20.7038],[70.9763,20.704],[70.9976,20.714],[70.9654,20.7285],[70.9601,20.7362],[70.9378,20.7327],[70.9248,20.738]]],[[[72.6765,21.1557],[72.6649,21.1485],[72.6776,21.1021],[72.6862,21.0907],[72.6985,21.1082],[72.6968,21.1187],[72.7049,21.1338],[72.7032,21.1462],[72.6765,21.1557]]],[[[72.3532,21.6135],[72.346,21.6018],[72.3521,21.5857],[72.3651,21.5879],[72.3629,21.6007],[72.3532,21.6135]]],[[[72.7226,21.666],[72.7104,21.6599],[72.7218,21.6432],[72.746,21.6468],[72.746,21.6588],[72.7226,21.666]]],[[[72.2743,21.7496],[72.2676,21.7407],[72.279,21.7188],[72.2826,21.7346],[72.2743,21.7496]]],[[[69.6276,22.4595],[69.5935,22.4454],[69.5882,22.4371],[69.5921,22.4282],[69.6079,22.4176],[69.6365,22.4065],[69.6485,22.4215],[69.6565,22.4251],[69.6426,22.451],[69.6276,22.4595]]],[[[69.3021,22.474],[69.2935,22.4604],[69.3043,22.4535],[69.3204,22.451],[69.3279,22.4635],[69.3187,22.4724],[69.3021,22.474]]],[[[69.1368,22.4776],[69.1257,22.4757],[69.0985,22.4618],[69.0924,22.4557],[69.0951,22.4424],[69.0857,22.4304],[69.1038,22.4326],[69.1079,22.4379],[69.1082,22.4607],[69.1232,22.4685],[69.1457,22.4624],[69.1485,22.474],[69.1368,22.4776]]],[[[69.3249,22.5274],[69.3157,22.5199],[69.3351,22.5074],[69.3501,22.504],[69.3635,22.5138],[69.3551,22.5235],[69.3249,22.5274]]],[[[69.9521,22.5513],[69.9429,22.551],[69.9382,22.5396],[69.9537,22.5374],[69.9521,22.5513]]],[[[69.9187,22.5532],[69.8999,22.5451],[69.8987,22.5249],[69.8846,22.5196],[69.8951,22.5124],[69.9157,22.5118],[69.9307,22.5179],[69.9415,22.5182],[69.9415,22.5293],[69.9349,22.5335],[69.9318,22.5454],[69.9187,22.5532]]],[[[70.009,22.5931],[69.9929,22.5846],[69.9665,22.5785],[69.9568,22.5607],[69.9638,22.5454],[69.986,22.5465],[70.0068,22.5538],[70.0271,22.5679],[70.0249,22.5862],[70.009,22.5931]]],[[[70.4551,22.9957],[70.4343,22.9824],[70.4388,22.9782],[70.4546,22.9901],[70.4551,22.9957]]],[[[70.4485,23.0521],[70.4204,23.0268],[70.4132,23.0165],[70.4104,22.9985],[70.4246,22.9996],[70.4376,23.0207],[70.4485,23.0521]]],[[[70.4824,23.0654],[70.4646,23.0563],[70.4696,23.051],[70.4824,23.0654]]],[[[68.5582,23.3138],[68.5535,23.2976],[68.5635,23.2785],[68.5576,23.2743],[68.5404,23.2843],[68.5404,23.2665],[68.5587,23.2535],[68.5751,23.2493],[68.5724,23.261],[68.6149,23.2715],[68.6121,23.2915],[68.6046,23.2993],[68.5646,23.3021],[68.5582,23.3138]]],[[[68.5885,23.319],[68.5835,23.3146],[68.6004,23.3013],[68.6151,23.2976],[68.6093,23.3129],[68.5885,23.319]]],[[[68.506,23.3424],[68.5051,23.3271],[68.5115,23.3185],[68.5357,23.3165],[68.5276,23.3371],[68.506,23.3424]]],[[[68.589,23.3743],[68.5707,23.3738],[68.574,23.361],[68.5843,23.3532],[68.5943,23.3388],[68.6035,23.3429],[68.6199,23.3307],[68.6165,23.3471],[68.5999,23.3582],[68.589,23.3743]]],[[[68.5374,23.4046],[68.5521,23.3865],[68.5587,23.3626],[68.5668,23.3765],[68.5532,23.3915],[68.5549,23.3971],[68.5374,23.4046]]],[[[68.5068,23.4565],[68.5029,23.4479],[68.5043,23.431],[68.5207,23.4368],[68.519,23.449],[68.5068,23.4565]]],[[[68.4729,23.4804],[68.4604,23.4774],[68.4571,23.471],[68.444,23.4665],[68.4351,23.4412],[68.4257,23.446],[68.4121,23.4435],[68.4201,23.4335],[68.4349,23.4332],[68.4493,23.4499],[68.4618,23.4535],[68.4596,23.4329],[68.4668,23.406],[68.4854,23.4046],[68.4899,23.4274],[68.4904,23.4446],[68.4946,23.4574],[68.4868,23.4732],[68.4729,23.4804]]],[[[68.4807,23.5013],[68.4735,23.4963],[68.474,23.481],[68.4868,23.4863],[68.4807,23.5013]]],[[[68.4796,23.5549],[68.4571,23.5421],[68.4626,23.5349],[68.4749,23.5382],[68.4796,23.5549]]],[[[68.4821,23.5968],[68.4807,23.5907],[68.4785,23.5899],[68.4735,23.5932],[68.4679,23.5915],[68.464,23.5757],[68.451,23.5651],[68.4421,23.5635],[68.4301,23.5429],[68.4304,23.524],[68.4376,23.5232],[68.4426,23.5357],[68.4662,23.5515],[68.4854,23.5751],[68.4821,23.5968]]],[[[68.4585,23.6004],[68.4524,23.5954],[68.4624,23.5774],[68.4674,23.5915],[68.4585,23.6004]]],[[[68.4563,23.6249],[68.4346,23.6163],[68.441,23.6035],[68.4665,23.6021],[68.4649,23.6229],[68.4563,23.6249]]],[[[68.4846,23.6279],[68.4696,23.6163],[68.4671,23.5968],[68.4682,23.5929],[68.4735,23.594],[68.4796,23.5907],[68.4796,23.5979],[68.4779,23.6001],[68.4785,23.6063],[68.4904,23.6035],[68.4904,23.6243],[68.4846,23.6279]]],[[[68.3585,23.8051],[68.3504,23.8007],[68.349,23.7824],[68.3349,23.7588],[68.339,23.7515],[68.3379,23.7296],[68.3146,23.7143],[68.3124,23.7024],[68.2924,23.6785],[68.2812,23.6699],[68.2693,23.6499],[68.2396,23.6468],[68.2363,23.6413],[68.2185,23.6432],[68.196,23.6385],[68.1862,23.6243],[68.1874,23.611],[68.1954,23.6038],[68.2257,23.5979],[68.2307,23.589],[68.2546,23.6007],[68.264,23.6024],[68.276,23.6126],[68.2862,23.6051],[68.2743,23.5938],[68.279,23.5838],[68.2949,23.5788],[68.3065,23.5865],[68.3304,23.589],[68.3468,23.5982],[68.3587,23.6276],[68.3718,23.6351],[68.3907,23.6549],[68.4185,23.7243],[68.4157,23.7535],[68.4246,23.7771],[68.426,23.796],[68.4118,23.7935],[68.3979,23.7849],[68.3771,23.7918],[68.3585,23.8051]]],[[[68.3079,23.8237],[68.2901,23.8168],[68.2971,23.8121],[68.2982,23.8038],[68.2779,23.7968],[68.2643,23.7599],[68.2688,23.7515],[68.2635,23.7385],[68.2654,23.7268],[68.2574,23.716],[68.2676,23.7049],[68.2857,23.714],[68.2951,23.7263],[68.324,23.734],[68.3154,23.7646],[68.3154,23.7893],[68.3218,23.8032],[68.3126,23.8215],[68.3079,23.8237]]],[[[68.4979,23.8307],[68.4551,23.8151],[68.4476,23.806],[68.4496,23.7907],[68.4563,23.774],[68.4371,23.7432],[68.4646,23.7435],[68.4876,23.7371],[68.5171,23.7551],[68.5221,23.7751],[68.5157,23.7793],[68.5124,23.7887],[68.5229,23.8038],[68.5085,23.8257],[68.4979,23.8307]]],[[[68.3957,23.8782],[68.3768,23.8729],[68.3737,23.8596],[68.3571,23.8496],[68.3426,23.8365],[68.3468,23.8182],[68.326,23.799],[68.3357,23.7979],[68.3493,23.8093],[68.3696,23.8096],[68.3771,23.7971],[68.4001,23.7896],[68.4118,23.7968],[68.4249,23.8101],[68.4385,23.8393],[68.4246,23.8554],[68.4246,23.8649],[68.4168,23.8707],[68.3957,23.8782]]],[[[68.2482,23.8804],[68.2157,23.8665],[68.216,23.8476],[68.2335,23.8424],[68.2376,23.851],[68.251,23.8621],[68.2549,23.8738],[68.2482,23.8804]]],[[[68.4493,23.9385],[68.4274,23.9335],[68.4201,23.921],[68.4051,23.9124],[68.3863,23.9063],[68.3679,23.9065],[68.356,23.9029],[68.3504,23.8913],[68.3562,23.8763],[68.3557,23.8599],[68.3724,23.8596],[68.3757,23.8751],[68.3957,23.8796],[68.4171,23.8724],[68.4271,23.8646],[68.4421,23.8704],[68.4521,23.8818],[68.4485,23.8929],[68.456,23.9343],[68.4493,23.9385]]],[[[68.5354,23.946],[68.5254,23.9407],[68.5338,23.924],[68.5304,23.9171],[68.5135,23.9032],[68.4868,23.891],[68.4904,23.8674],[68.5076,23.8643],[68.5207,23.8568],[68.5326,23.8763],[68.5449,23.8718],[68.5821,23.9151],[68.5796,23.9235],[68.5615,23.9226],[68.5585,23.9232],[68.559,23.9285],[68.5571,23.9318],[68.5424,23.9338],[68.5354,23.946]]],[[[68.4976,23.9675],[68.4437,23.9683],[68.4282,23.9365],[68.4476,23.9396],[68.4607,23.9335],[68.4557,23.9288],[68.4529,23.8993],[68.4538,23.8818],[68.4393,23.8663],[68.4282,23.8618],[68.4313,23.8532],[68.4449,23.8499],[68.4638,23.8604],[68.4718,23.8615],[68.4804,23.8904],[68.4879,23.9015],[68.5024,23.9068],[68.5185,23.9243],[68.5174,23.9421],[68.5026,23.946],[68.4957,23.9596],[68.4976,23.9675]]],[[[68.3585,23.975],[68.3476,23.9629],[68.3465,23.9374],[68.3424,23.9246],[68.3262,23.9143],[68.2971,23.921],[68.279,23.916],[68.2754,23.8985],[68.2585,23.8804],[68.2543,23.8588],[68.2412,23.8496],[68.2346,23.836],[68.216,23.8363],[68.2107,23.8282],[68.2093,23.811],[68.2179,23.7813],[68.2246,23.7743],[68.226,23.7626],[68.2032,23.7496],[68.1926,23.731],[68.2068,23.7076],[68.2199,23.6996],[68.2385,23.681],[68.256,23.6796],[68.2671,23.6957],[68.2554,23.7118],[68.261,23.7254],[68.261,23.7376],[68.2657,23.7457],[68.2621,23.7601],[68.2743,23.7974],[68.2957,23.8043],[68.296,23.8104],[68.2888,23.8149],[68.2888,23.8174],[68.294,23.8207],[68.3063,23.8251],[68.3146,23.824],[68.3196,23.8082],[68.3376,23.8193],[68.3362,23.8388],[68.3476,23.8615],[68.3485,23.876],[68.3424,23.8899],[68.3504,23.9085],[68.3635,23.9138],[68.3838,23.9151],[68.4026,23.9207],[68.4187,23.934],[68.434,23.9673],[68.4012,23.9649],[68.3752,23.9675],[68.3585,23.975]]],[[[74.688,13.6528],[74.6904,13.6608],[74.6777,13.6668],[74.679,13.6539],[74.688,13.6528]]],[[[74.3991,14.4613],[74.401,14.473],[74.3899,14.4745],[74.3924,14.4629],[74.3991,14.4613]]],[[[74.1013,11.2043],[74.1129,11.2109],[74.1213,11.2236],[74.1231,11.2347],[74.1176,11.2578],[74.1078,11.2751],[74.09,11.2978],[74.0728,11.3149],[74.0502,11.3307],[74.0121,11.3485],[73.9914,11.3521],[73.9783,11.3477],[73.9673,11.3369],[73.9626,11.3216],[73.9651,11.306],[73.9782,11.2799],[73.9959,11.2558],[74.0117,11.2406],[74.0522,11.2131],[74.0821,11.203],[74.1013,11.2043]]],[[[71.8449,11.8355],[71.8405,11.843],[71.8315,11.8825],[71.8307,11.893],[71.8166,11.9272],[71.8085,11.94],[71.8008,11.9704],[71.786,12.0021],[71.7734,12.0035],[71.7345,11.9611],[71.7329,11.9471],[71.75,11.9314],[71.7551,11.9173],[71.761,11.8723],[71.782,11.8353],[71.7956,11.8314],[71.8149,11.8313],[71.8401,11.8215],[71.8449,11.8355]]],[[[72.2649,10.0113],[72.2852,10.0236],[72.3012,10.03],[72.3226,10.0564],[72.3343,10.0788],[72.3422,10.0993],[72.3375,10.1106],[72.3342,10.131],[72.3229,10.1369],[72.3135,10.1214],[72.2763,10.0931],[72.2693,10.0773],[72.2602,10.0723],[72.2445,10.0559],[72.2413,10.0486],[72.235,10.017],[72.2407,10.0076],[72.2649,10.0113]]],[[[72.1788,11.4913],[72.1951,11.4958],[72.1969,11.5016],[72.192,11.5194],[72.1901,11.5517],[72.1952,11.5905],[72.1906,11.5999],[72.1756,11.6067],[72.1663,11.6018],[72.1514,11.5795],[72.1371,11.5524],[72.1387,11.5238],[72.1473,11.5033],[72.1614,11.4932],[72.1788,11.4913]]],[[[72.0956,11.1924],[72.1029,11.2179],[72.0779,11.198],[72.0671,11.1929],[72.0255,11.1877],[72.0098,11.1938],[72.0013,11.1916],[72.0255,11.1607],[72.0431,11.1282],[72.0596,11.1219],[72.0756,11.1294],[72.083,11.1417],[72.0956,11.1924]]],[[[71.9009,12.2853],[71.9068,12.2893],[71.9198,12.3164],[71.9258,12.3458],[71.9264,12.3782],[71.9204,12.3878],[71.8974,12.403],[71.8799,12.3939],[71.8836,12.3543],[71.8833,12.3357],[71.89,12.3204],[71.8888,12.3008],[71.8915,12.2883],[71.9009,12.2853]]],[[[73.0627,8.329],[73.0527,8.3287],[73.0103,8.3025],[73.0067,8.2978],[73.0076,8.2754],[73.0162,8.2658],[73.04,8.2603],[73.0499,8.2619],[73.0698,8.283],[73.0684,8.2983],[73.0795,8.3198],[73.0806,8.3294],[73.0627,8.329]]],[[[73.6459,10.0534],[73.6497,10.0609],[73.6493,10.0788],[73.6539,10.1059],[73.6659,10.138],[73.6586,10.1546],[73.644,10.1361],[73.6349,10.1203],[73.6202,10.1032],[73.6215,10.0751],[73.6402,10.0549],[73.6459,10.0534]]],[[[72.6471,10.5778],[72.6326,10.5783],[72.6153,10.5525],[72.6154,10.5416],[72.651,10.5611],[72.6471,10.5778]]],[[[73.67,10.8169],[73.6612,10.8165],[73.663,10.8016],[73.6777,10.8005],[73.7039,10.8115],[73.6998,10.8165],[73.67,10.8169]]],[[[73.0094,11.467],[73.0131,11.4707],[73.0109,11.4878],[73.0055,11.4963],[72.9973,11.4918],[73.0003,11.4779],[73.0094,11.467]]],[[[72.7189,11.6952],[72.7079,11.7003],[72.7,11.688],[72.7091,11.6792],[72.7189,11.6952]]],[[[72.7219,11.1115],[72.7331,11.1246],[72.7222,11.13],[72.7168,11.1203],[72.7219,11.1115]]],[[[78.9393,9.1874],[78.9174,9.1864],[78.9186,9.1756],[78.936,9.1803],[78.9393,9.1874]]],[[[79.0873,9.1928],[79.0884,9.1979],[79.0711,9.2062],[79.0623,9.1992],[79.0812,9.1918],[79.0873,9.1928]]],[[[79.3272,9.2965],[79.3336,9.303],[79.3332,9.3129],[79.3168,9.3249],[79.2899,9.3163],[79.2707,9.2935],[79.2602,9.2915],[79.2331,9.2944],[79.2106,9.2892],[79.2056,9.278],[79.2146,9.2736],[79.2198,9.2583],[79.2353,9.261],[79.2624,9.2611],[79.309,9.2426],[79.3311,9.2314],[79.3619,9.2084],[79.4007,9.183],[79.4166,9.1837],[79.3876,9.207],[79.3545,9.2305],[79.335,9.2517],[79.3174,9.275],[79.3272,9.2965]]],[[[88.4977,21.5998],[88.4861,21.5883],[88.4811,21.5674],[88.4814,21.5554],[88.5061,21.5411],[88.5308,21.5422],[88.5328,21.5611],[88.5297,21.5831],[88.5033,21.5936],[88.4977,21.5998]]],[[[88.1778,21.6011],[88.17,21.6],[88.1744,21.5667],[88.1867,21.56],[88.1864,21.5769],[88.1778,21.5922],[88.1778,21.6011]]],[[[88.8347,21.6072],[88.8283,21.5769],[88.8358,21.56],[88.8539,21.55],[88.8753,21.5489],[88.9,21.5522],[88.9042,21.5592],[88.8925,21.5794],[88.8761,21.5922],[88.8419,21.6011],[88.8347,21.6072]]],[[[88.7289,21.6371],[88.7203,21.6378],[88.7128,21.6247],[88.708,21.5901],[88.7144,21.5783],[88.7264,21.5733],[88.7405,21.5731],[88.7472,21.5783],[88.7473,21.5888],[88.7571,21.5996],[88.7362,21.6103],[88.7289,21.6371]]],[[[88.5372,21.6386],[88.5247,21.6533],[88.5204,21.6443],[88.5242,21.6267],[88.5117,21.6094],[88.5103,21.6014],[88.5366,21.5884],[88.55,21.5636],[88.5755,21.5742],[88.5865,21.5884],[88.5839,21.6108],[88.5717,21.6231],[88.5575,21.6317],[88.5372,21.6386]]],[[[88.7742,21.6483],[88.7699,21.6556],[88.7493,21.646],[88.7356,21.6446],[88.7304,21.6341],[88.738,21.6104],[88.7531,21.6046],[88.7576,21.601],[88.7569,21.5961],[88.7504,21.5922],[88.7489,21.5794],[88.7636,21.5758],[88.7878,21.5806],[88.7981,21.5919],[88.7943,21.5998],[88.7739,21.6197],[88.7705,21.6347],[88.7742,21.6483]]],[[[88.9658,21.6415],[88.9623,21.6474],[88.9616,21.6642],[88.9542,21.6765],[88.9397,21.6469],[88.9528,21.6278],[88.9564,21.6174],[88.9707,21.6133],[88.9878,21.6131],[88.9951,21.6264],[88.9884,21.6448],[88.9789,21.6438],[88.969,21.6403],[88.9658,21.6415]]],[[[88.5769,21.6917],[88.5675,21.6892],[88.5708,21.666],[88.5548,21.6474],[88.5575,21.635],[88.573,21.6311],[88.5925,21.6181],[88.6033,21.6211],[88.5992,21.6411],[88.5931,21.6542],[88.5858,21.6581],[88.5769,21.6917]]],[[[88.5919,21.6942],[88.5808,21.6841],[88.5885,21.6573],[88.6044,21.6711],[88.6063,21.68],[88.5919,21.6942]]],[[[88.9845,21.7057],[88.9717,21.6976],[88.9524,21.7015],[88.9544,21.6794],[88.9633,21.663],[88.965,21.644],[88.9711,21.642],[88.9783,21.6452],[88.9884,21.646],[88.9929,21.6434],[89.0003,21.6021],[89.0288,21.6048],[89.0372,21.6146],[89.0363,21.6238],[89.0246,21.6315],[89.0221,21.6546],[88.9943,21.649],[88.9879,21.653],[88.9873,21.6648],[88.9933,21.6711],[88.9894,21.7017],[88.9845,21.7057]]],[[[88.8067,21.7067],[88.7917,21.7031],[88.7789,21.6958],[88.7647,21.6931],[88.7603,21.6833],[88.7319,21.6831],[88.7492,21.6733],[88.7589,21.6633],[88.7775,21.6642],[88.7967,21.6556],[88.8067,21.6639],[88.81,21.7042],[88.8067,21.7067]]],[[[88.3111,21.7064],[88.3007,21.7024],[88.3119,21.6883],[88.3166,21.6654],[88.3058,21.6291],[88.3081,21.6111],[88.3122,21.6083],[88.3372,21.6211],[88.3539,21.6494],[88.3461,21.6617],[88.3511,21.6781],[88.3461,21.6886],[88.3286,21.7053],[88.3111,21.7064]]],[[[88.454,21.7093],[88.4369,21.7063],[88.4196,21.6898],[88.4206,21.6514],[88.4372,21.634],[88.4415,21.6234],[88.4511,21.6206],[88.4706,21.6743],[88.454,21.7093]]],[[[88.6971,21.7129],[88.6871,21.6836],[88.7251,21.6382],[88.7414,21.6537],[88.7128,21.6764],[88.703,21.687],[88.6971,21.7129]]],[[[88.2045,21.7212],[88.1883,21.7081],[88.1815,21.6892],[88.1834,21.6716],[88.193,21.6438],[88.1947,21.6327],[88.205,21.6097],[88.2144,21.6255],[88.2317,21.6411],[88.2248,21.6708],[88.2155,21.6698],[88.1995,21.6754],[88.1942,21.6881],[88.1983,21.6944],[88.2166,21.7005],[88.2045,21.7212]]],[[[89.0591,21.722],[89.0372,21.7206],[89.0222,21.7153],[89.0185,21.7082],[89.0264,21.6879],[89.0237,21.6689],[89.0272,21.6585],[89.0261,21.6439],[89.0494,21.6202],[89.068,21.6204],[89.0929,21.6369],[89.0951,21.6506],[89.0919,21.6667],[89.0727,21.6897],[89.0652,21.7145],[89.0591,21.722]]],[[[88.978,21.7269],[88.9706,21.7211],[88.9847,21.7106],[88.9928,21.7],[88.9958,21.6725],[88.9898,21.6646],[88.993,21.6514],[89.0078,21.6522],[89.0178,21.6612],[89.0241,21.6871],[89.0197,21.6994],[88.9936,21.7219],[88.978,21.7269]]],[[[88.5457,21.7361],[88.5351,21.7323],[88.5264,21.7169],[88.5173,21.712],[88.5274,21.6918],[88.5326,21.6663],[88.5281,21.6564],[88.541,21.6397],[88.5516,21.6367],[88.5548,21.6518],[88.5678,21.6653],[88.5661,21.6928],[88.5862,21.6989],[88.586,21.7113],[88.577,21.7187],[88.5708,21.7325],[88.559,21.7298],[88.5457,21.7361]]],[[[88.8831,21.7453],[88.8725,21.7206],[88.8731,21.6944],[88.8833,21.6803],[88.8858,21.6611],[88.9046,21.6496],[88.9219,21.6329],[88.9256,21.6469],[88.9372,21.6708],[88.9419,21.6897],[88.9361,21.7017],[88.9181,21.7125],[88.9139,21.7258],[88.8831,21.7453]]],[[[88.4123,21.7313],[88.4021,21.7375],[88.401,21.7502],[88.395,21.755],[88.3858,21.7264],[88.4017,21.7204],[88.4044,21.7108],[88.399,21.6988],[88.3797,21.6808],[88.3872,21.6465],[88.3835,21.6298],[88.3873,21.6133],[88.4019,21.5961],[88.4128,21.6206],[88.4244,21.6194],[88.4319,21.6283],[88.4184,21.6441],[88.4111,21.66],[88.4133,21.6911],[88.4286,21.7026],[88.4217,21.7191],[88.4123,21.7313]]],[[[88.2209,21.7622],[88.2139,21.7509],[88.212,21.72],[88.2211,21.7024],[88.2156,21.6947],[88.2008,21.6914],[88.1992,21.6826],[88.2087,21.6743],[88.2263,21.6751],[88.233,21.669],[88.2317,21.6563],[88.2368,21.6449],[88.2347,21.6354],[88.2172,21.6197],[88.2331,21.6081],[88.2456,21.5911],[88.2405,21.575],[88.2483,21.5639],[88.2706,21.5578],[88.2917,21.5631],[88.3061,21.5803],[88.305,21.5864],[88.2894,21.5964],[88.2881,21.6133],[88.2933,21.6367],[88.3117,21.6719],[88.3089,21.6789],[88.2842,21.7072],[88.2722,21.7283],[88.2615,21.7316],[88.2724,21.7521],[88.2209,21.7622]]],[[[88.9271,21.762],[88.9311,21.7358],[88.9225,21.7211],[88.9502,21.7023],[88.9722,21.6986],[88.9839,21.7064],[88.9706,21.7175],[88.9703,21.739],[88.9651,21.7431],[88.9653,21.75],[88.9478,21.7578],[88.9271,21.762]]],[[[88.3654,21.7642],[88.3521,21.764],[88.3426,21.7539],[88.3489,21.7269],[88.3376,21.7098],[88.3579,21.6868],[88.3853,21.7006],[88.3981,21.7133],[88.3925,21.7181],[88.3777,21.7175],[88.3653,21.7222],[88.3598,21.7342],[88.3598,21.7451],[88.3654,21.7642]]],[[[89.0051,21.765],[89.0016,21.75],[89.0154,21.7339],[89.0209,21.7173],[89.0558,21.7299],[89.0386,21.7416],[89.0254,21.757],[89.0051,21.765]]],[[[88.8317,21.7661],[88.8134,21.7506],[88.8033,21.747],[88.7911,21.7492],[88.7867,21.7412],[88.7914,21.7347],[88.7819,21.7325],[88.7844,21.7103],[88.8036,21.7166],[88.8192,21.7033],[88.8175,21.6914],[88.8231,21.6711],[88.8206,21.6578],[88.809,21.6399],[88.8151,21.6295],[88.8397,21.6204],[88.8512,21.6265],[88.8599,21.6431],[88.8453,21.6744],[88.8408,21.6886],[88.84,21.7156],[88.8494,21.7383],[88.8653,21.7564],[88.8612,21.7617],[88.8317,21.7661]]],[[[88.3849,21.7644],[88.3728,21.7636],[88.3613,21.7472],[88.361,21.7347],[88.3811,21.7372],[88.3874,21.7423],[88.3903,21.7586],[88.3849,21.7644]]],[[[87.9452,21.7451],[87.9598,21.7557],[87.9522,21.7682],[87.9348,21.7471],[87.9452,21.7451]]],[[[88.5822,21.7778],[88.569,21.7692],[88.5799,21.756],[88.5841,21.7446],[88.5797,21.7258],[88.592,21.7193],[88.6158,21.7273],[88.6161,21.7408],[88.5872,21.7522],[88.5836,21.7614],[88.5822,21.7778]]],[[[88.3025,21.7246],[88.3058,21.7324],[88.2988,21.7671],[88.2889,21.7785],[88.2853,21.7529],[88.2772,21.7386],[88.278,21.7282],[88.2948,21.707],[88.3025,21.7246]]],[[[88.9997,21.7855],[88.9903,21.7889],[88.9752,21.7748],[88.9668,21.7722],[88.9522,21.7567],[88.9616,21.7549],[88.9667,21.7497],[88.9704,21.7404],[88.9842,21.7481],[88.9887,21.7398],[88.9767,21.7286],[88.9944,21.7231],[89.0048,21.7161],[89.0149,21.7188],[89.0119,21.7348],[88.9992,21.7517],[88.9971,21.7706],[89.0116,21.7799],[88.9997,21.7855]]],[[[88.6097,21.7903],[88.5926,21.7852],[88.5892,21.7798],[88.5863,21.7566],[88.6024,21.7475],[88.6125,21.7463],[88.6214,21.7397],[88.6194,21.7256],[88.6008,21.7175],[88.6092,21.7081],[88.6191,21.717],[88.6306,21.7406],[88.6233,21.7733],[88.6156,21.7878],[88.6097,21.7903]]],[[[88.274,21.7908],[88.265,21.7883],[88.2737,21.7761],[88.2836,21.77],[88.288,21.7806],[88.2833,21.7891],[88.274,21.7908]]],[[[88.4586,21.7887],[88.4483,21.7982],[88.4425,21.7936],[88.436,21.777],[88.4231,21.7662],[88.4268,21.7551],[88.4234,21.7418],[88.4297,21.7264],[88.4269,21.7151],[88.4331,21.7045],[88.4415,21.7098],[88.4551,21.7109],[88.4569,21.7264],[88.4672,21.7372],[88.47,21.7727],[88.475,21.7914],[88.4586,21.7887]]],[[[88.7162,21.8074],[88.7111,21.806],[88.7119,21.7875],[88.6958,21.7511],[88.695,21.7439],[88.7063,21.714],[88.7111,21.6902],[88.7317,21.6747],[88.7478,21.6583],[88.7546,21.6661],[88.7308,21.682],[88.7327,21.6894],[88.7451,21.6839],[88.7603,21.685],[88.7628,21.6927],[88.7569,21.7061],[88.7761,21.7236],[88.7528,21.7316],[88.7522,21.7486],[88.7591,21.7586],[88.7458,21.7717],[88.735,21.7754],[88.7333,21.7787],[88.7281,21.7778],[88.727,21.781],[88.7162,21.8074]]],[[[88.5446,21.8103],[88.5286,21.8022],[88.5157,21.7896],[88.5047,21.7725],[88.5044,21.7508],[88.5248,21.7185],[88.5327,21.7307],[88.5417,21.7377],[88.5608,21.7306],[88.5725,21.7356],[88.5719,21.7466],[88.5625,21.7603],[88.5633,21.7761],[88.5725,21.7858],[88.5694,21.7939],[88.5527,21.8084],[88.5446,21.8103]]],[[[88.4218,21.8111],[88.3828,21.7796],[88.401,21.7533],[88.4038,21.738],[88.4251,21.7286],[88.4208,21.7441],[88.4253,21.7527],[88.4208,21.7617],[88.4228,21.7709],[88.4399,21.7892],[88.4406,21.8005],[88.4326,21.7986],[88.427,21.8037],[88.4259,21.8094],[88.4218,21.8111]]],[[[88.9996,21.8117],[88.9904,21.7898],[89.0097,21.7838],[89.0166,21.8116],[88.9996,21.8117]]],[[[88.7506,21.7954],[88.7384,21.799],[88.7283,21.7922],[88.7283,21.7797],[88.7344,21.7794],[88.7361,21.7752],[88.7461,21.7722],[88.7555,21.7803],[88.7506,21.7954]]],[[[88.8281,21.804],[88.831,21.8078],[88.8203,21.8221],[88.8111,21.8061],[88.7972,21.7906],[88.7949,21.779],[88.7857,21.769],[88.7908,21.75],[88.8119,21.7512],[88.8303,21.7672],[88.8216,21.7808],[88.8229,21.7953],[88.8281,21.804]]],[[[88.7875,21.745],[88.7828,21.7592],[88.7847,21.7725],[88.7957,21.7857],[88.7881,21.7943],[88.7936,21.8097],[88.7849,21.8242],[88.7762,21.8162],[88.7753,21.8058],[88.7649,21.7844],[88.7503,21.7689],[88.7642,21.7582],[88.7542,21.7429],[88.7567,21.7334],[88.7767,21.7308],[88.7859,21.7359],[88.7839,21.7417],[88.7875,21.745]]],[[[88.9158,21.8258],[88.9028,21.8206],[88.8947,21.8128],[88.8856,21.8103],[88.8836,21.8022],[88.8981,21.7867],[88.9008,21.777],[88.8947,21.7553],[88.9056,21.7517],[88.9233,21.7881],[88.9178,21.7917],[88.9278,21.8],[88.9269,21.8042],[88.9372,21.8175],[88.935,21.8225],[88.92,21.8231],[88.9158,21.8258]]],[[[88.4849,21.8347],[88.4776,21.8347],[88.4706,21.8247],[88.4556,21.8186],[88.4497,21.8114],[88.4601,21.8006],[88.4858,21.7986],[88.5003,21.8125],[88.4978,21.8225],[88.4849,21.8347]]],[[[88.9414,21.8472],[88.935,21.845],[88.9328,21.8369],[88.9247,21.8353],[88.9272,21.8233],[88.9369,21.8225],[88.9389,21.8169],[88.9347,21.8142],[88.9292,21.8],[88.9197,21.7919],[88.9244,21.7875],[88.9197,21.775],[88.9256,21.7669],[88.9489,21.7642],[88.9597,21.7756],[88.9453,21.7794],[88.9389,21.7886],[88.9481,21.8047],[88.9542,21.8081],[88.9717,21.8053],[88.975,21.8228],[88.9536,21.8256],[88.9414,21.8472]]],[[[88.5922,21.85],[88.5812,21.839],[88.576,21.817],[88.585,21.802],[88.5972,21.7972],[88.6125,21.7978],[88.6094,21.8211],[88.6161,21.8308],[88.605,21.8356],[88.6006,21.8467],[88.5922,21.85]]],[[[88.3311,21.8607],[88.3151,21.8576],[88.3117,21.8539],[88.3154,21.8447],[88.3077,21.8303],[88.2846,21.8227],[88.2659,21.8138],[88.2603,21.8072],[88.2642,21.7939],[88.2821,21.7913],[88.3036,21.7608],[88.3097,21.7306],[88.3058,21.7176],[88.3171,21.7089],[88.332,21.7106],[88.345,21.7217],[88.3398,21.751],[88.3435,21.7603],[88.3572,21.7669],[88.3779,21.7686],[88.38,21.7873],[88.3614,21.796],[88.3607,21.8062],[88.352,21.8204],[88.3511,21.8552],[88.3311,21.8607]]],[[[88.8561,21.8653],[88.8392,21.8486],[88.8375,21.8358],[88.8414,21.8153],[88.8389,21.7919],[88.835,21.7817],[88.8619,21.7779],[88.8753,21.7687],[88.8794,21.7492],[88.9133,21.7278],[88.9219,21.7425],[88.9178,21.7472],[88.8992,21.7467],[88.8925,21.7514],[88.8911,21.7625],[88.8969,21.7817],[88.8858,21.7919],[88.8797,21.8078],[88.8803,21.8289],[88.875,21.8458],[88.8772,21.8517],[88.8556,21.8572],[88.8561,21.8653]]],[[[88.1369,21.875],[88.122,21.8657],[88.0723,21.7783],[88.0614,21.7344],[88.0442,21.7177],[88.0369,21.6739],[88.0417,21.6492],[88.0622,21.6381],[88.0814,21.6343],[88.0897,21.6294],[88.1156,21.6258],[88.1347,21.6294],[88.155,21.6528],[88.1558,21.6792],[88.1536,21.6925],[88.1644,21.7219],[88.1709,21.7451],[88.1711,21.7653],[88.1637,21.8002],[88.17,21.8172],[88.1572,21.8303],[88.1369,21.875]]],[[[88.7892,21.8786],[88.7839,21.8739],[88.7769,21.8653],[88.7658,21.8306],[88.7856,21.8256],[88.7944,21.8125],[88.795,21.7914],[88.8117,21.8094],[88.8211,21.825],[88.8219,21.8406],[88.8289,21.8633],[88.8225,21.8706],[88.8036,21.8669],[88.7989,21.8708],[88.7894,21.8633],[88.7861,21.8683],[88.7922,21.8731],[88.7892,21.8786]]],[[[88.9791,21.8935],[88.9693,21.8902],[88.9797,21.8694],[88.9654,21.8593],[88.9512,21.8417],[88.9562,21.8271],[88.9716,21.8274],[88.9798,21.8184],[88.9763,21.8043],[88.9675,21.7995],[88.9511,21.8002],[88.9434,21.7849],[88.9594,21.7828],[88.9734,21.776],[88.985,21.7878],[88.9919,21.8008],[88.9922,21.8117],[89.0085,21.8129],[89.0202,21.8178],[89.0281,21.8289],[89.031,21.8628],[89.0139,21.8768],[88.9791,21.8935]]],[[[88.6217,21.8978],[88.6144,21.8928],[88.6033,21.8758],[88.5947,21.8561],[88.6064,21.8464],[88.6097,21.8364],[88.6189,21.8336],[88.6203,21.8242],[88.6119,21.8175],[88.6222,21.7932],[88.6386,21.7847],[88.6431,21.7889],[88.6423,21.8064],[88.6494,21.8334],[88.6489,21.8536],[88.6528,21.8687],[88.6455,21.8713],[88.6317,21.8717],[88.6346,21.8767],[88.6272,21.8867],[88.627,21.8939],[88.6217,21.8978]]],[[[88.8169,21.9011],[88.8114,21.8964],[88.8078,21.8681],[88.8194,21.8725],[88.8308,21.8656],[88.8394,21.8775],[88.8408,21.8869],[88.8344,21.8953],[88.8169,21.9011]]],[[[88.5623,21.8975],[88.5483,21.9038],[88.5503,21.881],[88.5405,21.8704],[88.5425,21.8556],[88.5306,21.8492],[88.5339,21.8338],[88.545,21.8264],[88.5631,21.8309],[88.5728,21.8594],[88.5762,21.8843],[88.5705,21.9012],[88.5623,21.8975]]],[[[88.4465,21.9049],[88.4358,21.9017],[88.4198,21.9031],[88.4171,21.8873],[88.4003,21.8731],[88.4007,21.8568],[88.3925,21.8326],[88.4032,21.7976],[88.4183,21.8116],[88.424,21.8124],[88.4269,21.8103],[88.431,21.8003],[88.4427,21.8022],[88.4543,21.8218],[88.4669,21.8269],[88.4781,21.8377],[88.4885,21.8378],[88.4907,21.8503],[88.4838,21.8853],[88.4606,21.8936],[88.4465,21.9049]]],[[[88.7181,21.9072],[88.7125,21.8869],[88.6983,21.86],[88.6961,21.8422],[88.7036,21.8194],[88.7094,21.8103],[88.7194,21.8069],[88.7258,21.7944],[88.7369,21.7992],[88.7497,21.8164],[88.7508,21.8006],[88.7564,21.7814],[88.7639,21.7875],[88.7772,21.8217],[88.7656,21.8261],[88.7647,21.8378],[88.775,21.865],[88.7714,21.8764],[88.7575,21.8789],[88.7475,21.8967],[88.7267,21.8992],[88.7181,21.9072]]],[[[88.505,21.9125],[88.4886,21.9103],[88.4769,21.8983],[88.4903,21.8894],[88.4989,21.8961],[88.5086,21.9097],[88.505,21.9125]]],[[[88.64,21.9217],[88.6234,21.9014],[88.6286,21.8939],[88.6295,21.8844],[88.6359,21.8793],[88.6333,21.8722],[88.6528,21.8733],[88.6531,21.8808],[88.6669,21.9133],[88.64,21.9217]]],[[[88.1348,21.9267],[88.1217,21.9242],[88.1168,21.9136],[88.1294,21.8989],[88.1446,21.9153],[88.1348,21.9267]]],[[[88.8366,21.9179],[88.8353,21.9095],[88.8492,21.8961],[88.8542,21.8839],[88.8542,21.8697],[88.8611,21.8558],[88.8781,21.8539],[88.8825,21.8297],[88.8806,21.8203],[88.89,21.8122],[88.9033,21.8222],[88.9144,21.8275],[88.9228,21.8356],[88.9311,21.8378],[88.9328,21.8442],[88.9383,21.8489],[88.9386,21.8539],[88.9464,21.8417],[88.9481,21.8414],[88.955,21.8544],[88.9644,21.8631],[88.9767,21.8675],[88.9669,21.8869],[88.9716,21.8992],[88.945,21.91],[88.9146,21.9281],[88.905,21.9196],[88.8866,21.9145],[88.8726,21.9168],[88.8569,21.9107],[88.8366,21.9179]]],[[[88.7236,21.9319],[88.7169,21.9186],[88.7197,21.9086],[88.7292,21.8997],[88.7408,21.9006],[88.7506,21.8956],[88.7581,21.8803],[88.7719,21.8781],[88.7769,21.8695],[88.7864,21.8786],[88.7883,21.8794],[88.7925,21.8781],[88.7933,21.8728],[88.7872,21.8669],[88.7928,21.8672],[88.7967,21.8767],[88.8075,21.8836],[88.8086,21.8953],[88.8142,21.9028],[88.7994,21.9197],[88.7925,21.9172],[88.775,21.9245],[88.7544,21.9267],[88.7442,21.9192],[88.7322,21.9197],[88.7236,21.9319]]],[[[88.7454,21.9797],[88.7251,21.9785],[88.7224,21.9426],[88.7328,21.9253],[88.7617,21.9308],[88.7762,21.9278],[88.7888,21.9203],[88.7994,21.9259],[88.8049,21.9378],[88.7921,21.9394],[88.7872,21.9428],[88.7845,21.9517],[88.7758,21.9414],[88.7495,21.959],[88.7547,21.9747],[88.7454,21.9797]]],[[[88.66,22.0192],[88.6529,22.0191],[88.6467,22.0064],[88.6349,21.996],[88.6283,21.9675],[88.6324,21.9526],[88.6572,21.9541],[88.6782,21.9429],[88.6917,21.9561],[88.6924,21.9698],[88.7024,21.9857],[88.7158,22.0006],[88.6979,22.0056],[88.6743,22.0192],[88.66,22.0192]]],[[[88.1414,22.0264],[88.1256,22.0192],[88.0939,22.0114],[88.0775,22],[88.0703,21.9908],[88.0564,21.9605],[88.0477,21.9329],[88.0458,21.9156],[88.0567,21.9131],[88.0814,21.9317],[88.0875,21.9328],[88.0944,21.9494],[88.1222,21.9883],[88.1303,22.005],[88.1433,22.0206],[88.1414,22.0264]]],[[[88.8128,22.0194],[88.8014,22.0297],[88.7769,22.015],[88.7615,22.0145],[88.7597,21.9956],[88.7497,21.9819],[88.7569,21.9725],[88.7517,21.9589],[88.7764,21.9433],[88.7811,21.9514],[88.7872,21.955],[88.79,21.9519],[88.7892,21.9433],[88.8086,21.9389],[88.8248,21.9398],[88.8411,21.9247],[88.8566,21.9191],[88.8812,21.9228],[88.8975,21.9228],[88.9073,21.9295],[88.9058,21.9521],[88.9076,21.9694],[88.9024,21.9871],[88.9044,22.0069],[88.8997,22.0131],[88.8753,22.0122],[88.8669,22.0242],[88.8483,22.0175],[88.822,22.0217],[88.8128,22.0194]]],[[[88.7638,22.0517],[88.7517,22.0494],[88.7593,22.0353],[88.7617,22.0214],[88.7781,22.0197],[88.791,22.0294],[88.7796,22.0366],[88.7753,22.05],[88.7638,22.0517]]],[[[88.9028,22.0453],[88.8539,22.0433],[88.864,22.0287],[88.8709,22.0275],[88.877,22.0148],[88.8923,22.0148],[88.9017,22.0189],[88.9028,22.0453]]],[[[89.0162,22.0509],[89.0153,22.0559],[89.01,22.0526],[89.0078,22.0508],[89.005,22.0537],[89.0023,22.0592],[88.9861,22.0491],[88.9681,22.0155],[88.9769,22.0083],[88.9743,21.9946],[88.9897,21.9857],[89.0156,21.9835],[89.0181,21.9755],[89.0031,21.9595],[88.9995,21.9498],[89.019,21.9375],[89.0303,21.9264],[89.0633,21.9345],[89.0688,21.9477],[89.078,21.9864],[89.068,22.0136],[89.0481,22.0347],[89.0404,22.0492],[89.0162,22.0509]]],[[[88.8119,22.0608],[88.8057,22.0644],[88.8016,22.0576],[88.7979,22.0551],[88.792,22.0548],[88.7805,22.0375],[88.7954,22.0311],[88.8058,22.0333],[88.8128,22.0255],[88.8319,22.027],[88.831,22.0508],[88.819,22.061],[88.8119,22.0608]]],[[[88.8706,22.0789],[88.8544,22.079],[88.8379,22.0718],[88.8339,22.0638],[88.8286,22.0702],[88.8194,22.0625],[88.8334,22.0497],[88.8354,22.0261],[88.8439,22.022],[88.8596,22.0272],[88.8504,22.0427],[88.8606,22.0461],[88.8811,22.0456],[88.8886,22.0525],[88.8702,22.0631],[88.8706,22.0789]]],[[[88.9041,22.0842],[88.8972,22.0892],[88.8814,22.0839],[88.8707,22.087],[88.8717,22.0634],[88.8909,22.0604],[88.8928,22.0726],[88.9041,22.0842]]],[[[88.8035,22.0853],[88.7957,22.1091],[88.779,22.103],[88.7711,22.0863],[88.7578,22.0794],[88.7479,22.0593],[88.7808,22.0486],[88.7848,22.0591],[88.79,22.0606],[88.7922,22.0564],[88.7982,22.0565],[88.8022,22.0635],[88.8058,22.0658],[88.8177,22.0631],[88.8255,22.0707],[88.8363,22.0699],[88.8311,22.0827],[88.8272,22.0863],[88.815,22.0806],[88.8035,22.0853]]],[[[88.8179,22.123],[88.8059,22.1248],[88.7991,22.1119],[88.8055,22.0851],[88.8133,22.082],[88.8276,22.0876],[88.8328,22.0828],[88.8378,22.0732],[88.8512,22.0794],[88.8659,22.0815],[88.8669,22.0889],[88.8498,22.1031],[88.8472,22.1173],[88.8299,22.1247],[88.8179,22.123]]],[[[88.8651,22.167],[88.8481,22.1669],[88.8602,22.1484],[88.8572,22.1398],[88.835,22.1304],[88.8465,22.1213],[88.8537,22.1015],[88.8723,22.0878],[88.8834,22.0859],[88.8963,22.0912],[88.9081,22.087],[88.917,22.0912],[88.9227,22.109],[88.9023,22.1373],[88.8999,22.1481],[88.8861,22.1648],[88.8651,22.167]]],[[[88.95,22.1892],[88.9443,22.1816],[88.9378,22.1802],[88.9197,22.1611],[88.8975,22.1711],[88.8948,22.1628],[88.9053,22.1521],[88.9094,22.1336],[88.9231,22.1222],[88.9295,22.1115],[88.9307,22.0981],[88.9205,22.0859],[88.9084,22.0783],[88.9017,22.0639],[88.9111,22.0438],[88.9078,22.0348],[88.9161,22.0106],[88.9127,21.9944],[88.9197,21.9726],[88.9257,21.9627],[88.9315,21.9421],[88.9444,21.9298],[88.9688,21.9211],[88.9923,21.9069],[89.0151,21.9031],[89.0213,21.9217],[89.0092,21.9355],[88.9946,21.942],[88.9928,21.9574],[89.011,21.9734],[89.0062,21.9805],[88.9939,21.9703],[88.9877,21.9834],[88.9725,21.9878],[88.9755,22.0048],[88.9652,22.0174],[88.9771,22.0384],[88.9615,22.049],[88.9581,22.0602],[88.939,22.0618],[88.9342,22.0514],[88.9353,22.0258],[88.9461,22],[88.9311,22],[88.9239,22.0247],[88.922,22.0556],[88.9255,22.0658],[88.9361,22.0722],[88.9564,22.0736],[88.9697,22.0835],[88.9815,22.1135],[88.9861,22.135],[88.985,22.1481],[88.9666,22.1703],[88.9607,22.1894],[88.95,22.1892]]],[[[89.0019,22.1992],[88.9727,22.1934],[88.9774,22.1682],[88.9866,22.1594],[88.9966,22.1401],[88.9947,22.1226],[88.9839,22.0956],[88.9804,22.0793],[88.9628,22.0611],[88.9631,22.0497],[88.9784,22.0399],[88.9858,22.0571],[89.0017,22.0603],[89.0071,22.0529],[89.0096,22.0552],[89.0109,22.0599],[89.0143,22.0644],[89.0189,22.0514],[89.0389,22.0555],[89.0311,22.0939],[89.0353,22.1105],[89.049,22.1274],[89.0491,22.1329],[89.0224,22.1484],[89.0144,22.1644],[89.013,22.1958],[89.0019,22.1992]]],[[[88.6952,22.2086],[88.6856,22.1987],[88.6778,22.1836],[88.6529,22.1634],[88.6502,22.1466],[88.6378,22.1224],[88.6342,22.1062],[88.6522,22.0814],[88.6616,22.0522],[88.6634,22.0244],[88.6743,22.0233],[88.6956,22.0136],[88.7023,22.0073],[88.7204,22.0056],[88.7335,22.0109],[88.7402,22.0203],[88.7294,22.0383],[88.7017,22.0495],[88.6884,22.0598],[88.6828,22.0802],[88.689,22.0899],[88.7233,22.1133],[88.736,22.1327],[88.7539,22.145],[88.7664,22.1461],[88.7892,22.1694],[88.7689,22.18],[88.765,22.1922],[88.7405,22.1972],[88.7319,22.194],[88.6952,22.2086]]],[[[88.8447,22.1892],[88.8384,22.1946],[88.8361,22.2058],[88.8262,22.2047],[88.839,22.1793],[88.8405,22.1712],[88.8326,22.1645],[88.8128,22.1788],[88.8065,22.178],[88.7908,22.1601],[88.7657,22.1405],[88.7577,22.1413],[88.7467,22.1328],[88.7353,22.1051],[88.7025,22.078],[88.7047,22.065],[88.7259,22.0564],[88.7392,22.057],[88.7496,22.0811],[88.7691,22.092],[88.7719,22.1064],[88.7776,22.1112],[88.795,22.1144],[88.7984,22.125],[88.8103,22.1311],[88.8211,22.1267],[88.8279,22.1336],[88.8498,22.1427],[88.851,22.1564],[88.8434,22.1677],[88.852,22.1736],[88.8682,22.1748],[88.8641,22.1967],[88.8573,22.2052],[88.8447,22.1892]]],[[[88.9324,22.225],[88.9205,22.2307],[88.9164,22.2181],[88.9155,22.2062],[88.9092,22.1941],[88.9243,22.1792],[88.9315,22.177],[88.9443,22.184],[88.9445,22.1928],[88.961,22.1941],[88.9542,22.2216],[88.9324,22.225]]],[[[88.9848,22.3824],[88.9877,22.3931],[88.9742,22.3967],[88.9678,22.388],[88.9643,22.367],[88.9547,22.3611],[88.9561,22.3439],[88.952,22.3318],[88.9509,22.2981],[88.953,22.2764],[88.9472,22.2556],[88.9617,22.2422],[88.9682,22.215],[88.9863,22.2056],[88.9986,22.2109],[89.0186,22.2067],[89.0272,22.1873],[89.0235,22.1654],[89.0321,22.1555],[89.0506,22.1467],[89.0622,22.1284],[89.0752,22.1445],[89.0675,22.149],[89.0609,22.1668],[89.0691,22.1899],[89.0647,22.2011],[89.0404,22.2221],[89.0345,22.2336],[89.0335,22.2545],[89.0178,22.2511],[89.0114,22.2562],[89.0172,22.2688],[88.9964,22.2826],[88.9948,22.2947],[89.008,22.2992],[89.0224,22.2994],[89.0095,22.3148],[88.9971,22.3225],[88.9869,22.3222],[88.9836,22.3343],[88.9882,22.3649],[88.9829,22.3713],[88.9848,22.3824]]],[[[88.8619,22.3989],[88.8557,22.3948],[88.8608,22.3708],[88.8744,22.3635],[88.8809,22.354],[88.8932,22.3458],[88.903,22.3467],[88.8978,22.3642],[88.8838,22.372],[88.8748,22.3868],[88.8619,22.3989]]],[[[88.7814,22.5006],[88.7806,22.4942],[88.7915,22.4827],[88.8008,22.4611],[88.804,22.4445],[88.8162,22.4334],[88.8273,22.4468],[88.8123,22.4542],[88.8098,22.4812],[88.8002,22.4862],[88.7917,22.4989],[88.7814,22.5006]]],[[[88.8977,22.5489],[88.8852,22.55],[88.8672,22.5305],[88.8686,22.5252],[88.8663,22.5212],[88.8597,22.5183],[88.858,22.512],[88.8549,22.5091],[88.8457,22.5017],[88.8613,22.499],[88.8668,22.4859],[88.8588,22.4831],[88.8604,22.4685],[88.8568,22.4555],[88.8608,22.4472],[88.8547,22.436],[88.8615,22.4132],[88.8823,22.4032],[88.8767,22.3882],[88.8844,22.3761],[88.8978,22.3863],[88.9211,22.3992],[88.9157,22.4072],[88.9045,22.4117],[88.9028,22.4219],[88.908,22.4342],[88.9007,22.4446],[88.8975,22.4592],[88.8923,22.4659],[88.8963,22.4719],[88.8931,22.4867],[88.9006,22.4969],[88.9057,22.5205],[88.8977,22.5489]]],[[[88.9202,22.5653],[88.8961,22.5608],[88.9019,22.5464],[88.9042,22.5263],[88.9139,22.5147],[88.9056,22.4934],[88.8962,22.4835],[88.8988,22.4768],[88.8947,22.4661],[88.9032,22.4552],[88.9039,22.4462],[88.9189,22.4297],[88.9186,22.422],[88.9078,22.4158],[88.9261,22.4058],[88.9256,22.3875],[88.9159,22.3919],[88.8964,22.3798],[88.9,22.3713],[88.9073,22.3358],[88.9325,22.3112],[88.9433,22.3107],[88.9456,22.3314],[88.9508,22.344],[88.9486,22.3548],[88.9644,22.3739],[88.965,22.3903],[88.9703,22.395],[88.9631,22.4058],[88.9686,22.4128],[88.9817,22.4169],[88.9975,22.4286],[88.9892,22.4394],[88.995,22.4678],[88.9783,22.4825],[88.9714,22.4989],[88.9652,22.5341],[88.9559,22.5514],[88.9352,22.5558],[88.9202,22.5653]]],[[[89.602,25.9607],[89.598,25.9638],[89.5845,25.9476],[89.584,25.9347],[89.6126,25.9434],[89.6156,25.9518],[89.602,25.9607]]],[[[88.7989,26.2067],[88.8029,26.2133],[88.7994,26.2257],[88.7813,26.2383],[88.7653,26.2287],[88.7696,26.2091],[88.7804,26.2014],[88.7772,26.1765],[88.7641,26.174],[88.7642,26.1632],[88.778,26.1594],[88.7623,26.1482],[88.7695,26.1424],[88.7711,26.1313],[88.7892,26.1323],[88.794,26.1445],[88.7882,26.1741],[88.8022,26.1925],[88.7989,26.2067]]],[[[88.6898,26.247],[88.6803,26.2316],[88.6882,26.2131],[88.7117,26.2044],[88.7083,26.1817],[88.7296,26.1852],[88.7316,26.1945],[88.7226,26.1983],[88.7194,26.2116],[88.7114,26.2234],[88.6994,26.2253],[88.6898,26.247]]],[[[88.6615,26.2677],[88.652,26.2753],[88.6386,26.2633],[88.6479,26.2527],[88.6615,26.2677]]],[[[86.3894,19.9635],[86.3936,19.9769],[86.4104,19.9869],[86.4082,19.9949],[86.3843,19.9786],[86.3805,19.968],[86.3894,19.9635]]],[[[86.8074,20.3695],[86.8111,20.3738],[86.8096,20.3961],[86.8008,20.3904],[86.8074,20.3695]]],[[[86.7951,20.3963],[86.8119,20.4539],[86.8063,20.4831],[86.7955,20.4893],[86.7953,20.4748],[86.8007,20.4686],[86.8001,20.4435],[86.7906,20.4254],[86.7879,20.4052],[86.7951,20.3963]]],[[[86.8897,20.7867],[86.8952,20.7765],[86.9297,20.7743],[86.948,20.7755],[86.9458,20.7833],[86.9111,20.7826],[86.8897,20.7867]]]]},"properties":{"Source":"Survey of India State Map, Datameet"}}
]}