{"type":"FeatureCollection", "features": [
{"type":"Feature","geometry":{"type":"Polygon","coordinates":[[[78.85,19.76],[78.531,19.822],[78.402,19.837],[78.389,19.88],[78.315,19.913],[78.372,19.782],[78.35,19.714],[78.29,19.69],[78.316,19.605],[78.314,19.457],[78.229,19.435],[78.192,19.397],[78.188,19.243],[78.05,19.272],[77.953,19.342],[77.865,19.303],[77.849,19.115],[77.765,19.063],[77.771,18.983],[77.858,18.954],[77.903,18.869],[77.948,18.844],[78.034,18.881],[78.073,18.937],[78.238,19.004],[78.304,18.946],[78.37,18.987],[78.534,18.944],[78.687,19.027],[78.759,19.014],[78.826,19.056],[78.911,19.033],[78.976,19.073],[79.078,19.024],[79.112,18.954],[79.191,18.876],[79.245,18.873],[79.32,18.823],[79.389,18.871],[79.45,18.853],[79.519,18.793],[79.656,18.731],[79.683,18.688],[79.81,18.726],[79.851,18.81],[79.901,18.835],[79.946,18.863],[79.933,19.046],[79.865,19.107],[79.949,19.179],[79.927,19.23],[79.98,19.404],[79.918,19.495],[79.835,19.54],[79.792,19.596],[79.549,19.551],[79.477,19.5],[79.261,19.613],[79.243,19.529],[79.195,19.461],[79.109,19.53],[79.024,19.542],[78.983,19.581],[78.975,19.651],[78.864,19.658],[78.85,19.76]]]},"properties":{"DISTRICT":"Adilabad","ST_NM":"Andhra Pradesh"}},
{"type":"Feature","geometry":{"type":"Polygon","coordinates":[[[78.198,27.403],[78.137,27.365],[78.082,27.392],[77.99,27.284],[77.951,27.283],[77.847,27.288],[77.781,27.233],[77.648,27.241],[77.663,27.17],[77.553,27.11],[77.567,27.043],[77.665,27.017],[77.7,26.973],[77.49,26.898],[77.425,26.837],[77.456,26.741],[77.528,26.816],[77.616,26.829],[77.724,26.876],[77.773,26.932],[77.88,26.9],[78.051,26.91],[78.095,26.896],[78.148,26.951],[78.241,26.928],[78.218,26.83],[78.371,26.865],[78.394,26.822],[78.544,26.766],[78.611,26.75],[78.686,26.787],[78.779,26.758],[78.852,26.809],[78.749,26.914],[78.593,26.925],[78.452,26.984],[78.433,27.041],[78.364,27.079],[78.227,27.076],[78.203,27.13],[78.222,27.299],[78.286,27.313],[78.297,27.382],[78.198,27.403]]]},"properties":{"DISTRICT":"Agra","ST_NM":"Uttar Pradesh"}},
{"type":"Feature","geometry":{"type":"Polygon","coordinates":[[[72.339,23.106],[72.336,23.107],[72.286,23.074],[72.187,23.144],[72.178,23.274],[72.264,23.346],[72.298,23.413],[72.262,23.46],[72.21,23.431],[72.098,23.459],[72.053,23.444],[72,23.504],[71.959,23.393],[71.874,23.383],[71.875,23.279],[71.986,23.256],[71.99,23.216],[71.91,23.181],[71.901,23.11],[71.952,23.055],[72.013,23.059],[72.02,22.992],[71.983,22.856],[72.072,22.732],[72.063,22.599],[72.169,22.57],[72.161,22.479],[72.084,22.437],[72.031,22.506],[71.922,22.521],[71.923,22.449],[71.851,22.389],[71.734,22.361],[71.703,22.396],[71.62,22.381],[71.607,22.338],[71.656,22.216],[71.734,22.182],[71.758,22.133],[72.06,22.105],[72.172,21.995],[72.227,21.989],[72.229,21.993],[72.23,22.003],[72.26,21.973],[72.295,22.027],[72.311,22.112],[72.357,22.148],[72.333,22.193],[72.36,22.261],[72.36,22.268],[72.373,22.315],[72.394,22.345],[72.397,22.358],[72.385,22.371],[72.376,22.373],[72.362,22.375],[72.377,22.472],[72.44,22.504],[72.425,22.561],[72.508,22.615],[72.507,22.619],[72.55,22.672],[72.524,22.711],[72.524,22.798],[72.65,22.897],[72.792,22.908],[72.841,22.993],[72.765,23.093],[72.6,23.089],[72.527,23.147],[72.486,23.134],[72.468,23.06],[72.339,23.106]]]},"properties":{"DISTRICT":"Ahmadabad","ST_NM":"Gujarat"}},
{"type":"Feature","geometry":{"type":"Polygon","coordinates":[[[74.673,19.947],[74.32,19.985],[74.25,19.937],[74.365,19.871],[74.366,19.802],[74.319,19.767],[74.164,19.725],[74.121,19.644],[73.916,19.682],[73.901,19.741],[73.843,19.741],[73.78,19.636],[73.664,19.586],[73.62,19.587],[73.626,19.543],[73.7,19.505],[73.691,19.439],[73.782,19.386],[73.931,19.341],[74,19.358],[74.027,19.269],[74.085,19.231],[74.271,19.186],[74.211,19.125],[74.175,19.042],[74.294,18.903],[74.311,18.853],[74.386,18.808],[74.476,18.689],[74.476,18.648],[74.544,18.583],[74.58,18.473],[74.644,18.45],[74.727,18.48],[74.735,18.398],[74.784,18.406],[74.834,18.339],[75.093,18.434],[75.106,18.489],[75.24,18.543],[75.314,18.519],[75.346,18.562],[75.423,18.535],[75.452,18.589],[75.587,18.697],[75.504,18.723],[75.398,18.831],[75.327,18.798],[75.254,18.721],[75.174,18.736],[75.159,18.65],[74.967,18.825],[74.828,18.938],[74.916,19.04],[74.942,19.126],[75.061,19.099],[75.076,19.053],[75.209,19.034],[75.308,19.093],[75.41,19.079],[75.454,19.126],[75.445,19.217],[75.517,19.277],[75.535,19.375],[75.479,19.421],[75.366,19.397],[75.341,19.463],[75.194,19.593],[75.13,19.592],[74.97,19.646],[74.853,19.648],[74.787,19.717],[74.73,19.699],[74.72,19.777],[74.636,19.794],[74.673,19.947]]]},"properties":{"DISTRICT":"Ahmadnagar","ST_NM":"Maharashtra"}},
{"type":"Feature","geometry":{"type":"Polygon","coordinates":[[[93,24.4],[92.896,24.391],[92.861,24.314],[92.863,24.241],[92.903,24.222],[92.847,24.027],[92.724,23.975],[92.627,23.954],[92.661,23.832],[92.625,23.796],[92.652,23.714],[92.637,23.647],[92.675,23.623],[92.655,23.518],[92.673,23.383],[92.689,23.328],[92.781,23.3],[92.881,23.519],[92.948,23.514],[93.045,23.411],[93.057,23.556],[93.044,23.766],[93.15,23.81],[93.171,23.94],[93.207,24.048],[93.128,24.061],[92.985,24.126],[93.023,24.214],[93.034,24.315],[93,24.4]]]},"properties":{"DISTRICT":"Aizawl","ST_NM":"Mizoram"}},
{"type":"Feature","geometry":{"type":"MultiPolygon","coordinates":[[[[74.977,26.89],[74.983,26.941],[74.852,26.975],[74.781,26.799],[74.698,26.771],[74.665,26.711],[74.722,26.676],[74.674,26.594],[74.619,26.566],[74.593,26.629],[74.481,26.497],[74.375,26.489],[74.291,26.449],[74.304,26.329],[74.254,26.286],[74.377,26.206],[74.303,26.185],[74.288,26.121],[74.131,25.963],[74.16,25.929],[74.117,25.866],[74.184,25.848],[74.197,25.854],[74.258,25.867],[74.268,25.871],[74.232,25.934],[74.346,26.023],[74.389,25.962],[74.435,25.924],[74.618,25.904],[74.724,25.917],[74.802,25.87],[74.905,25.881],[75.017,25.856],[75.01,25.807],[75.109,25.693],[75.149,25.72],[75.261,25.698],[75.319,25.764],[75.34,25.811],[75.264,25.853],[75.251,25.937],[75.307,25.941],[75.355,26.019],[75.277,26.135],[75.246,26.078],[75.188,26.11],[75.113,26.285],[75.13,26.397],[75.17,26.462],[75.104,26.556],[75.068,26.651],[74.941,26.75],[74.917,26.837],[74.977,26.89]]],[[[74.056,25.829],[74.009,25.863],[73.944,25.831],[73.906,25.685],[73.949,25.651],[74.013,25.704],[74.017,25.747],[74.093,25.767],[74.056,25.829]]]]},"properties":{"DISTRICT":"Ajmer","ST_NM":"Rajasthan"}},
{"type":"Feature","geometry":{"type":"Polygon","coordinates":[[[77.616,20.76],[77.613,20.795],[77.529,20.848],[77.134,20.863],[77.173,21.023],[77.165,21.237],[77.006,21.207],[76.784,21.189],[76.785,20.929],[76.747,20.928],[76.771,20.787],[76.74,20.665],[76.789,20.592],[76.77,20.513],[76.717,20.514],[76.694,20.458],[76.727,20.407],[76.7,20.353],[76.822,20.28],[76.9,20.341],[76.98,20.372],[77.055,20.448],[77.132,20.4],[77.225,20.448],[77.296,20.42],[77.349,20.465],[77.34,20.576],[77.467,20.61],[77.455,20.656],[77.522,20.732],[77.616,20.76]]]},"properties":{"DISTRICT":"Akola","ST_NM":"Maharashtra"}},
{"type":"Feature","geometry":{"type":"Polygon","coordinates":[[[76.373,9.836],[76.355,9.882],[76.293,9.888],[76.28,9.789],[76.29,9.672],[76.337,9.422],[76.465,9.119],[76.487,9.085],[76.656,9.149],[76.664,9.267],[76.625,9.34],[76.564,9.349],[76.516,9.4],[76.466,9.559],[76.395,9.563],[76.403,9.684],[76.377,9.695],[76.373,9.836]]]},"properties":{"DISTRICT":"Alappuzha","ST_NM":"Kerala"}},
{"type":"Feature","geometry":{"type":"Polygon","coordinates":[[[78.486,28.124],[78.429,28.094],[78.352,28.149],[78.144,28.071],[78.05,28.13],[77.987,28.08],[77.92,28.094],[77.845,28.172],[77.676,28.103],[77.675,28.105],[77.674,28.108],[77.573,28.079],[77.479,28.078],[77.545,27.988],[77.528,27.926],[77.715,27.943],[77.762,27.904],[77.834,27.753],[77.794,27.684],[77.851,27.653],[77.898,27.584],[77.994,27.621],[78.015,27.752],[78.162,27.774],[78.26,27.677],[78.466,27.827],[78.479,27.808],[78.552,27.909],[78.621,28.039],[78.55,28.063],[78.486,28.124]]]},"properties":{"DISTRICT":"Aligarh","ST_NM":"Uttar Pradesh"}},
{"type":"Feature","geometry":{"type":"Polygon","coordinates":[[[74.378,22.636],[74.275,22.646],[74.21,22.565],[74.124,22.523],[74.063,22.549],[74.101,22.432],[74.234,22.437],[74.271,22.391],[74.195,22.341],[74.13,22.331],[74.068,22.359],[74.072,22.22],[74.119,22.211],[74.134,22.052],[74.096,22],[74.142,21.952],[74.201,21.924],[74.288,21.935],[74.385,22.018],[74.432,22.029],[74.503,22.044],[74.473,22.113],[74.528,22.237],[74.647,22.272],[74.632,22.362],[74.693,22.368],[74.718,22.531],[74.743,22.558],[74.66,22.6],[74.594,22.541],[74.504,22.577],[74.447,22.539],[74.378,22.636]]]},"properties":{"DISTRICT":"Alirajpur","ST_NM":"Madhya Pradesh"}},
{"type":"Feature","geometry":{"type":"Polygon","coordinates":[[[82.027,25.709],[82.013,25.746],[81.946,25.74],[81.918,25.714],[81.806,25.749],[81.755,25.734],[81.751,25.669],[81.614,25.593],[81.667,25.513],[81.802,25.469],[81.819,25.409],[81.762,25.342],[81.636,25.351],[81.615,25.339],[81.599,25.323],[81.593,25.32],[81.552,25.293],[81.55,25.29],[81.549,25.287],[81.554,25.271],[81.555,25.264],[81.556,25.258],[81.558,25.25],[81.564,25.239],[81.526,25.235],[81.522,25.222],[81.521,25.194],[81.527,25.194],[81.546,25.189],[81.542,25.185],[81.628,25.152],[81.599,25.12],[81.655,25.072],[81.8,25.007],[81.91,24.98],[81.911,24.881],[81.963,24.836],[82.013,24.848],[82.073,24.821],[82.09,24.819],[82.108,24.807],[82.169,24.891],[82.305,25.019],[82.327,25.076],[82.269,25.182],[82.205,25.19],[82.222,25.276],[82.302,25.308],[82.319,25.343],[82.308,25.369],[82.316,25.374],[82.313,25.386],[82.318,25.397],[82.311,25.461],[82.305,25.495],[82.318,25.521],[82.329,25.498],[82.339,25.512],[82.329,25.525],[82.327,25.53],[82.327,25.533],[82.329,25.534],[82.33,25.536],[82.331,25.537],[82.326,25.543],[82.229,25.588],[82.183,25.581],[82.121,25.643],[82.141,25.652],[82.143,25.667],[82.152,25.67],[82.156,25.677],[82.156,25.679],[82.156,25.682],[82.144,25.684],[82.124,25.681],[82.125,25.663],[82.119,25.659],[82.111,25.654],[82.063,25.659],[82.027,25.709]]]},"properties":{"DISTRICT":"Allahabad","ST_NM":"Uttar Pradesh"}},
{"type":"Feature","geometry":{"type":"Polygon","coordinates":[[[79.896,29.702],[79.748,29.69],[79.648,29.816],[79.495,29.888],[79.47,29.983],[79.43,29.937],[79.326,29.929],[79.228,29.978],[79.229,29.947],[79.083,29.885],[79.123,29.808],[79.122,29.708],[79.062,29.587],[79.037,29.585],[79.223,29.521],[79.309,29.599],[79.379,29.587],[79.449,29.52],[79.53,29.546],[79.664,29.54],[79.691,29.473],[79.744,29.431],[79.852,29.434],[79.887,29.482],[79.961,29.475],[80.072,29.521],[80.01,29.548],[79.956,29.679],[79.896,29.702]]]},"properties":{"DISTRICT":"Almora","ST_NM":"Uttarakhand"}},
{"type":"Feature","geometry":{"type":"Polygon","coordinates":[[[76.863,28.22],[76.8,28.152],[76.657,28.087],[76.669,28.014],[76.539,27.974],[76.547,28.034],[76.481,28.145],[76.368,28.139],[76.316,28.179],[76.364,28.124],[76.345,28.025],[76.259,28.066],[76.185,28.055],[76.162,27.988],[76.178,27.905],[76.231,27.836],[76.247,27.627],[76.203,27.622],[76.247,27.488],[76.234,27.418],[76.125,27.238],[76.185,27.185],[76.195,27.121],[76.281,27.18],[76.288,27.087],[76.364,27.056],[76.464,27.078],[76.621,27.177],[76.644,27.095],[76.708,27.116],[76.808,27.105],[76.872,27.231],[76.901,27.163],[76.965,27.146],[77.096,27.171],[77.046,27.217],[77.123,27.252],[77.141,27.346],[77.006,27.449],[77.049,27.548],[76.945,27.58],[76.979,27.652],[76.897,27.714],[76.935,27.829],[76.927,27.992],[76.971,28.139],[76.863,28.22]]]},"properties":{"DISTRICT":"Alwar","ST_NM":"Rajasthan"}},
{"type":"Feature","geometry":{"type":"Polygon","coordinates":[[[77.125,30.563],[76.955,30.473],[76.942,30.48],[76.94,30.491],[76.936,30.497],[76.93,30.5],[76.929,30.495],[76.903,30.433],[76.77,30.434],[76.751,30.356],[76.603,30.25],[76.651,30.202],[76.64,30.151],[76.686,30.185],[76.808,30.212],[76.96,30.192],[77.065,30.122],[77.065,30.123],[77.068,30.127],[77.075,30.197],[77.129,30.23],[77.185,30.306],[77.155,30.361],[77.17,30.442],[77.213,30.496],[77.213,30.502],[77.125,30.563]]]},"properties":{"DISTRICT":"Ambala","ST_NM":"Haryana"}},
{"type":"Feature","geometry":{"type":"Polygon","coordinates":[[[82.882,26.54],[82.814,26.574],[82.714,26.555],[82.665,26.605],[82.58,26.604],[82.479,26.652],[82.431,26.546],[82.339,26.577],[82.279,26.454],[82.221,26.407],[82.387,26.375],[82.403,26.327],[82.47,26.283],[82.582,26.257],[82.68,26.255],[82.735,26.247],[82.78,26.194],[82.86,26.167],[82.887,26.252],[82.885,26.383],[83.111,26.284],[83.135,26.385],[83.071,26.408],[83.025,26.474],[82.882,26.54]]]},"properties":{"DISTRICT":"Ambedkar Nagar","ST_NM":"Uttar Pradesh"}},
{"type":"Feature","geometry":{"type":"Polygon","coordinates":[[[77.616,20.76],[77.656,20.647],[77.653,20.564],[77.772,20.54],[77.817,20.585],[77.919,20.605],[77.971,20.587],[78.064,20.673],[78.159,20.659],[78.28,20.696],[78.311,20.735],[78.3,20.811],[78.238,20.896],[78.146,20.952],[78.143,21.14],[78.055,21.249],[78.105,21.355],[78.158,21.33],[78.251,21.329],[78.376,21.394],[78.446,21.403],[78.435,21.5],[78.418,21.576],[78.342,21.589],[78.22,21.552],[78.174,21.497],[78.068,21.437],[77.903,21.377],[77.797,21.389],[77.674,21.371],[77.562,21.396],[77.442,21.471],[77.427,21.54],[77.508,21.552],[77.571,21.528],[77.562,21.666],[77.5,21.747],[77.28,21.757],[77.21,21.692],[77.124,21.723],[77.065,21.713],[77.037,21.698],[77.021,21.688],[76.894,21.598],[76.798,21.595],[76.782,21.56],[76.794,21.488],[76.734,21.407],[76.628,21.328],[76.663,21.28],[76.724,21.289],[76.784,21.189],[77.006,21.207],[77.165,21.237],[77.173,21.023],[77.134,20.863],[77.529,20.848],[77.613,20.795],[77.616,20.76]]]},"properties":{"DISTRICT":"Amravati","ST_NM":"Maharashtra"}},
{"type":"Feature","geometry":{"type":"MultiPolygon","coordinates":[[[[71.392,21.978],[71.344,21.985],[71.307,22.042],[71.201,21.974],[71.059,21.903],[71.047,21.756],[70.977,21.73],[70.894,21.764],[70.826,21.743],[70.793,21.665],[70.862,21.601],[70.894,21.535],[70.831,21.492],[70.948,21.397],[70.869,21.374],[70.891,21.269],[70.826,21.262],[70.824,21.196],[71.004,21.168],[71.126,21.077],[71.198,20.977],[71.208,20.8],[71.323,20.846],[71.44,20.869],[71.51,20.944],[71.679,20.997],[71.64,21.032],[71.625,21.108],[71.521,21.174],[71.532,21.287],[71.629,21.336],[71.599,21.443],[71.531,21.442],[71.478,21.483],[71.578,21.632],[71.597,21.726],[71.491,21.802],[71.452,21.865],[71.464,21.924],[71.392,21.978]]],[[[70.858,20.754],[70.882,20.908],[70.861,20.961],[70.753,20.967],[70.727,20.995],[70.658,20.85],[70.64,20.767],[70.822,20.692],[70.869,20.706],[70.873,20.723],[70.858,20.742],[70.858,20.747],[70.862,20.75],[70.862,20.753],[70.861,20.753],[70.858,20.754]]]]},"properties":{"DISTRICT":"Amreli","ST_NM":"Gujarat"}},
{"type":"Feature","geometry":{"type":"Polygon","coordinates":[[[74.912,32.051],[74.815,31.963],[74.666,31.912],[74.57,31.831],[74.565,31.759],[74.486,31.722],[74.554,31.618],[74.62,31.567],[74.613,31.498],[74.739,31.565],[74.844,31.53],[74.901,31.541],[74.988,31.512],[75.057,31.543],[75.124,31.495],[75.163,31.512],[75.23,31.491],[75.252,31.502],[75.258,31.495],[75.264,31.494],[75.272,31.489],[75.28,31.483],[75.319,31.539],[75.405,31.594],[75.227,31.685],[75.203,31.728],[75.077,31.806],[74.969,31.834],[74.902,31.934],[74.937,32.013],[74.912,32.051]]]},"properties":{"DISTRICT":"Amritsar","ST_NM":"Punjab"}},
{"type":"Feature","geometry":{"type":"MultiPolygon","coordinates":[[[[72.362,22.375],[72.394,22.382],[72.412,22.358],[72.471,22.243],[72.507,22.231],[72.637,22.284],[72.692,22.237],[72.756,22.231],[72.855,22.272],[72.91,22.261],[72.915,22.278],[72.978,22.248],[73.063,22.313],[73.05,22.365],[73.163,22.59],[73.23,22.634],[73.204,22.681],[73.131,22.721],[73.005,22.715],[72.97,22.634],[72.874,22.581],[72.796,22.639],[72.69,22.626],[72.656,22.5],[72.574,22.507],[72.555,22.566],[72.534,22.569],[72.534,22.585],[72.513,22.612],[72.508,22.615],[72.425,22.561],[72.44,22.504],[72.377,22.472],[72.362,22.375]]],[[[72.357,22.148],[72.36,22.261],[72.333,22.193],[72.357,22.148]]]]},"properties":{"DISTRICT":"Anand","ST_NM":"Gujarat"}},
{"type":"Feature","geometry":{"type":"Polygon","coordinates":[[[78.144,14.945],[78.046,15],[77.965,15.103],[77.819,15.14],[77.794,15.104],[77.662,15.232],[77.582,15.188],[77.527,15.223],[77.366,15.221],[77.294,15.13],[77.197,15.158],[77.158,15.137],[77.114,15.034],[76.971,15.018],[76.881,15.034],[76.801,15.096],[76.761,14.988],[76.869,14.969],[76.838,14.79],[76.775,14.679],[76.765,14.602],[76.804,14.533],[76.869,14.48],[76.978,14.484],[76.888,14.396],[76.904,14.325],[76.948,14.311],[76.943,14.246],[77.01,14.238],[77.116,14.228],[77.118,14.294],[77.158,14.344],[77.202,14.321],[77.287,14.338],[77.286,14.283],[77.366,14.276],[77.401,14.336],[77.506,14.268],[77.517,14.179],[77.396,14.172],[77.402,14.11],[77.345,14.061],[77.39,14.014],[77.426,13.902],[77.355,13.904],[77.32,14.032],[77.285,14.014],[77.141,14.005],[77.127,14.049],[77.029,14.06],[77.025,14.179],[76.897,14.165],[76.952,14.092],[76.937,14.029],[77.042,13.932],[76.975,13.817],[77.041,13.776],[77.173,13.762],[77.168,13.822],[77.247,13.901],[77.314,13.864],[77.432,13.834],[77.47,13.751],[77.457,13.683],[77.622,13.768],[77.737,13.81],[77.836,13.869],[77.871,13.935],[77.92,13.905],[78.05,13.895],[78.115,13.862],[78.127,13.786],[78.23,13.78],[78.277,13.892],[78.388,13.941],[78.466,13.994],[78.443,14.023],[78.465,14.113],[78.41,14.208],[78.426,14.279],[78.246,14.315],[78.151,14.374],[77.997,14.501],[78.047,14.539],[78.117,14.694],[78.056,14.777],[78.117,14.856],[78.144,14.945]]]},"properties":{"DISTRICT":"Anantapur","ST_NM":"Andhra Pradesh"}},
{"type":"Feature","geometry":{"type":"Polygon","coordinates":[[[75.631,34.223],[75.456,34.169],[75.309,34.225],[75.256,34.17],[75.194,34.19],[75.149,34.084],[75.189,34.044],[75.191,33.917],[75.055,33.827],[75.131,33.72],[75.092,33.637],[75.153,33.579],[75.349,33.393],[75.417,33.358],[75.5,33.399],[75.574,33.519],[75.546,33.659],[75.481,33.816],[75.472,33.904],[75.506,33.966],[75.611,34.043],[75.612,34.133],[75.707,34.216],[75.631,34.223]]]},"properties":{"DISTRICT":"Anantnag","ST_NM":"Jammu & Kashmir"}},
{"type":"Feature","geometry":{"type":"Polygon","coordinates":[[[96.9,27.615],[96.991,27.662],[97.016,27.732],[97.16,27.814],[97.256,27.9],[97.378,27.909],[97.399,28.025],[97.331,28.154],[97.375,28.217],[97.225,28.292],[97.17,28.295],[97.127,28.349],[97.053,28.351],[96.998,28.309],[96.9,28.379],[96.776,28.368],[96.759,28.409],[96.666,28.46],[96.601,28.46],[96.512,28.413],[96.317,28.383],[96.308,28.374],[96.338,28.328],[96.299,28.267],[96.339,28.185],[96.331,28.131],[96.277,28.091],[96.375,27.997],[96.435,27.914],[96.514,27.905],[96.638,27.803],[96.623,27.698],[96.704,27.66],[96.9,27.615]]]},"properties":{"DISTRICT":"Anjaw","ST_NM":"Arunanchal Pradesh"}},
{"type":"Feature","geometry":{"type":"Polygon","coordinates":[[[85.395,21.185],[85.369,21.241],[85.278,21.293],[85.344,21.359],[85.275,21.427],[85.334,21.482],[85.251,21.676],[85.194,21.663],[85.151,21.594],[85.206,21.52],[85.157,21.46],[85.023,21.456],[84.996,21.415],[85.008,21.29],[84.963,21.299],[84.904,21.253],[84.95,21.176],[84.923,21.142],[84.823,21.173],[84.745,21.171],[84.686,21.149],[84.671,21.086],[84.572,21.066],[84.485,21.083],[84.407,20.979],[84.283,20.927],[84.268,20.889],[84.352,20.842],[84.357,20.782],[84.572,20.687],[84.638,20.625],[84.778,20.602],[84.794,20.581],[84.852,20.528],[84.898,20.58],[85.077,20.581],[85.13,20.615],[85.115,20.682],[85.199,20.783],[85.256,20.799],[85.233,21.071],[85.269,21.17],[85.395,21.185]]]},"properties":{"DISTRICT":"Anugul","ST_NM":"Odisha"}},
{"type":"Feature","geometry":{"type":"Polygon","coordinates":[[[81.203,23.279],[81.193,23.29],[81.139,23.242],[81.138,23.235],[81.125,23.216],[81.146,23.178],[81.256,23.082],[81.189,22.951],[81.204,22.909],[81.361,22.849],[81.406,22.851],[81.476,22.759],[81.597,22.757],[81.692,22.779],[81.73,22.676],[81.792,22.766],[81.777,22.873],[81.869,22.893],[81.948,22.957],[81.926,23.04],[81.946,23.077],[82.123,23.103],[82.159,23.141],[82.15,23.227],[82.195,23.321],[82.106,23.397],[82.031,23.383],[81.983,23.414],[81.981,23.416],[81.97,23.371],[81.872,23.297],[81.872,23.239],[81.789,23.259],[81.758,23.214],[81.602,23.193],[81.552,23.092],[81.442,23.057],[81.318,23.11],[81.333,23.147],[81.257,23.209],[81.203,23.279]]]},"properties":{"DISTRICT":"Anuppur","ST_NM":"Madhya Pradesh"}},
{"type":"Feature","geometry":{"type":"Polygon","coordinates":[[[87.648,26.393],[87.587,26.394],[87.479,26.44],[87.389,26.419],[87.341,26.348],[87.266,26.408],[87.158,26.406],[87.092,26.452],[87.038,26.561],[87.076,26.407],[87.046,26.336],[87.067,26.246],[87.111,26.18],[87.093,26.055],[87.082,25.96],[87.177,25.942],[87.268,25.984],[87.561,25.986],[87.678,26.111],[87.686,26.192],[87.657,26.306],[87.606,26.351],[87.648,26.393]]]},"properties":{"DISTRICT":"Araria","ST_NM":"Bihar"}},
{"type":"Feature","geometry":{"type":"Polygon","coordinates":[[[79.435,11.34],[79.37,11.419],[79.259,11.388],[79.258,11.388],[79.17,11.377],[79.132,11.333],[79.063,11.14],[79.009,11.057],[79.01,11.007],[78.966,10.948],[79.007,10.889],[79.084,10.923],[79.222,10.943],[79.413,11.08],[79.461,11.154],[79.505,11.203],[79.496,11.248],[79.498,11.257],[79.499,11.304],[79.437,11.34],[79.435,11.34]]]},"properties":{"DISTRICT":"Ariyalur","ST_NM":"Tamil Nadu"}},
{"type":"Feature","geometry":{"type":"Polygon","coordinates":[[[78.172,24.843],[78.164,24.839],[78.112,24.835],[78.09,24.847],[78.08,24.846],[78.049,24.856],[78.031,24.837],[77.97,24.874],[78.008,24.961],[77.906,24.999],[77.826,25],[77.748,24.867],[77.706,24.852],[77.621,24.908],[77.563,24.871],[77.52,24.827],[77.553,24.722],[77.489,24.65],[77.476,24.433],[77.591,24.379],[77.649,24.315],[77.716,24.302],[77.88,24.318],[77.888,24.277],[77.966,24.248],[78.072,24.256],[78.093,24.319],[78.267,24.449],[78.274,24.665],[78.232,24.772],[78.172,24.843]]]},"properties":{"DISTRICT":"Ashoknagar","ST_NM":"Madhya Pradesh"}},
{"type":"Feature","geometry":{"type":"Polygon","coordinates":[[[79.759,26.783],[79.611,26.892],[79.561,26.861],[79.463,26.903],[79.439,26.941],[79.337,26.938],[79.326,26.789],[79.339,26.735],[79.316,26.652],[79.259,26.619],[79.232,26.54],[79.288,26.482],[79.233,26.428],[79.293,26.442],[79.342,26.401],[79.436,26.431],[79.504,26.364],[79.563,26.409],[79.639,26.508],[79.642,26.606],[79.723,26.666],[79.717,26.749],[79.759,26.783]]]},"properties":{"DISTRICT":"Auraiya","ST_NM":"Uttar Pradesh"}},
{"type":"Feature","geometry":{"type":"Polygon","coordinates":[[[84.329,24.489],[84.393,24.561],[84.49,24.514],[84.547,24.527],[84.597,24.597],[84.604,24.656],[84.723,24.701],[84.733,24.795],[84.642,24.867],[84.705,24.904],[84.746,24.987],[84.735,25.045],[84.739,25.053],[84.739,25.055],[84.739,25.057],[84.741,25.067],[84.686,25.103],[84.513,25.108],[84.448,25.128],[84.425,25.079],[84.31,25.002],[84.09,24.77],[84,24.637],[84.054,24.611],[84.117,24.481],[84.18,24.541],[84.266,24.537],[84.329,24.489]]]},"properties":{"DISTRICT":"Aurangabad","ST_NM":"Bihar"}},
{"type":"Feature","geometry":{"type":"Polygon","coordinates":[[[75.479,19.421],[75.61,19.381],[75.656,19.554],[75.634,19.655],[75.628,19.776],[75.653,19.815],[75.654,19.91],[75.63,20.001],[75.593,20.028],[75.649,20.191],[75.752,20.373],[75.765,20.451],[75.831,20.473],[75.89,20.563],[75.821,20.562],[75.759,20.614],[75.662,20.629],[75.559,20.613],[75.49,20.531],[75.397,20.524],[75.391,20.58],[75.329,20.592],[75.255,20.57],[75.24,20.522],[75.163,20.475],[75.108,20.407],[75.126,20.357],[75.048,20.308],[75,20.337],[74.935,20.27],[74.924,20.154],[74.856,20.177],[74.816,20.244],[74.715,20.135],[74.738,20.082],[74.673,19.947],[74.636,19.794],[74.72,19.777],[74.73,19.699],[74.787,19.717],[74.853,19.648],[74.97,19.646],[75.13,19.592],[75.194,19.593],[75.341,19.463],[75.366,19.397],[75.479,19.421]]]},"properties":{"DISTRICT":"Aurangabad","ST_NM":"Maharashtra"}},
{"type":"Feature","geometry":{"type":"Polygon","coordinates":[[[82.68,26.255],[82.682,26.151],[82.681,26.107],[82.787,25.825],[82.825,25.771],[82.899,25.773],[82.946,25.704],[83.004,25.708],[83.067,25.651],[83.185,25.673],[83.221,25.759],[83.286,25.76],[83.346,25.814],[83.313,25.857],[83.327,26.022],[83.381,26.042],[83.41,26.168],[83.508,26.277],[83.441,26.271],[83.337,26.35],[83.231,26.393],[83.135,26.385],[83.111,26.284],[82.885,26.383],[82.887,26.252],[82.86,26.167],[82.78,26.194],[82.735,26.247],[82.68,26.255]]]},"properties":{"DISTRICT":"Azamgarh","ST_NM":"Uttar Pradesh"}},
{"type":"Feature","geometry":{"type":"Polygon","coordinates":[[[74.823,34.049],[74.787,34.068],[74.635,34.035],[74.536,33.991],[74.413,33.857],[74.394,33.826],[74.514,33.663],[74.555,33.692],[74.607,33.731],[74.78,33.804],[74.845,33.836],[74.92,33.917],[74.929,33.979],[74.891,34.049],[74.823,34.049]]]},"properties":{"DISTRICT":"Badgam","ST_NM":"Jammu & Kashmir"}},
{"type":"Feature","geometry":{"type":"Polygon","coordinates":[[[76.241,16.165],[76.064,16.21],[76.067,16.259],[76.014,16.302],[75.959,16.298],[75.643,16.44],[75.553,16.456],[75.435,16.437],[75.487,16.509],[75.49,16.6],[75.388,16.762],[75.364,16.714],[75.288,16.712],[75.267,16.636],[75.17,16.601],[75.158,16.53],[75.108,16.509],[75.008,16.538],[74.996,16.458],[75.034,16.337],[75.127,16.288],[75.232,16.26],[75.239,16.207],[75.291,16.17],[75.276,16.118],[75.416,16.109],[75.44,16],[75.426,15.921],[75.455,15.886],[75.54,15.832],[75.663,15.837],[75.746,15.813],[75.778,15.85],[75.846,15.838],[75.825,15.901],[75.903,15.923],[75.978,15.867],[75.976,15.982],[76.086,15.992],[76.06,15.905],[76.118,15.885],[76.228,15.939],[76.286,15.901],[76.328,15.931],[76.303,16.073],[76.246,16.111],[76.241,16.165]]]},"properties":{"DISTRICT":"Bagalkot","ST_NM":"Karnataka"}},
{"type":"Feature","geometry":{"type":"Polygon","coordinates":[[[79.896,29.702],[79.856,29.768],[79.907,29.798],[79.98,29.759],[80.035,29.784],[80.014,29.885],[80.157,29.899],[80.072,30.024],[80.119,30.224],[80.07,30.279],[79.994,30.314],[79.873,30.268],[79.766,30.138],[79.788,30.077],[79.776,30.003],[79.618,30.019],[79.47,29.983],[79.495,29.888],[79.648,29.816],[79.748,29.69],[79.896,29.702]]]},"properties":{"DISTRICT":"Bageshwar","ST_NM":"Uttarakhand"}},
{"type":"Feature","geometry":{"type":"Polygon","coordinates":[[[77.507,29.19],[77.411,29.245],[77.207,29.274],[77.153,29.296],[77.143,29.167],[77.135,29.096],[77.225,29.001],[77.197,28.862],[77.228,28.83],[77.308,28.791],[77.413,28.782],[77.413,28.791],[77.409,28.875],[77.462,28.92],[77.477,28.961],[77.46,29.067],[77.432,29.086],[77.507,29.19]]]},"properties":{"DISTRICT":"Baghpat","ST_NM":"Uttar Pradesh"}},
{"type":"Feature","geometry":{"type":"Polygon","coordinates":[[[81.75,27.948],[81.478,28.084],[81.429,28.171],[81.331,28.138],[81.32,28.202],[81.24,28.281],[81.215,28.358],[81.058,28.404],[81.038,28.294],[81.069,28.235],[81.187,28.109],[81.167,28.045],[81.28,27.943],[81.305,27.814],[81.303,27.681],[81.321,27.502],[81.412,27.337],[81.444,27.309],[81.448,27.134],[81.507,27.059],[81.608,27.141],[81.731,27.33],[81.713,27.402],[81.671,27.438],[81.767,27.559],[81.679,27.584],[81.675,27.685],[81.626,27.848],[81.699,27.929],[81.75,27.948]]]},"properties":{"DISTRICT":"Bahraich","ST_NM":"Uttar Pradesh"}},
{"type":"Feature","geometry":{"type":"Polygon","coordinates":[[[91.783,26.494],[91.785,26.496],[91.789,26.499],[91.746,26.59],[91.746,26.687],[91.708,26.811],[91.628,26.82],[91.482,26.791],[91.412,26.835],[91.34,26.779],[91.266,26.804],[91.093,26.818],[91.058,26.779],[90.959,26.783],[90.917,26.726],[90.903,26.64],[90.824,26.56],[90.832,26.556],[90.832,26.541],[90.855,26.525],[90.854,26.523],[90.857,26.522],[90.86,26.521],[90.862,26.52],[90.876,26.525],[90.867,26.544],[90.869,26.569],[90.906,26.588],[90.939,26.539],[91.048,26.559],[91.098,26.518],[91.148,26.571],[91.239,26.619],[91.311,26.574],[91.293,26.509],[91.293,26.508],[91.293,26.504],[91.405,26.53],[91.472,26.579],[91.499,26.531],[91.564,26.575],[91.57,26.573],[91.571,26.572],[91.711,26.461],[91.783,26.494]]]},"properties":{"DISTRICT":"Baksa","ST_NM":"Assam"}},
{"type":"Feature","geometry":{"type":"Polygon","coordinates":[[[81.048,22.24],[81,22.288],[80.916,22.278],[80.923,22.335],[80.796,22.393],[80.788,22.313],[80.706,22.273],[80.711,22.205],[80.447,22.248],[80.397,22.305],[80.302,22.338],[80.272,22.31],[80.1,22.34],[80.097,22.245],[80.036,22.186],[80.071,22.081],[79.929,22.062],[79.924,21.971],[79.801,21.858],[79.77,21.807],[79.692,21.799],[79.672,21.693],[79.608,21.676],[79.512,21.589],[79.543,21.543],[79.657,21.558],[79.739,21.602],[79.863,21.53],[79.922,21.524],[79.934,21.553],[80.07,21.554],[80.125,21.609],[80.195,21.634],[80.267,21.62],[80.377,21.521],[80.455,21.403],[80.526,21.39],[80.6,21.325],[80.663,21.331],[80.737,21.473],[80.714,21.672],[80.747,21.757],[80.819,21.764],[80.845,21.83],[80.84,21.947],[80.924,22.121],[81.006,22.061],[81.048,22.24]]]},"properties":{"DISTRICT":"Balaghat","ST_NM":"Madhya Pradesh"}},
{"type":"Feature","geometry":{"type":"Polygon","coordinates":[[[83.459,21.055],[83.325,21.055],[83.297,21.015],[83.413,20.896],[83.304,20.853],[83.221,20.928],[83.133,20.864],[82.993,20.849],[82.969,20.897],[82.891,20.91],[82.703,20.726],[82.743,20.623],[82.687,20.45],[82.814,20.295],[82.862,20.27],[82.825,20.166],[82.911,20.148],[82.932,20.179],[83.013,20.17],[83.091,20.199],[83.146,20.17],[83.226,20.205],[83.243,20.26],[83.344,20.317],[83.424,20.403],[83.491,20.416],[83.625,20.351],[83.63,20.369],[83.656,20.37],[83.649,20.386],[83.65,20.388],[83.653,20.389],[83.654,20.39],[83.66,20.404],[83.658,20.413],[83.663,20.418],[83.666,20.42],[83.666,20.423],[83.659,20.426],[83.658,20.432],[83.622,20.449],[83.585,20.486],[83.606,20.53],[83.596,20.604],[83.678,20.742],[83.599,20.801],[83.58,20.873],[83.621,20.904],[83.626,20.985],[83.509,20.983],[83.459,21.055]]]},"properties":{"DISTRICT":"Balangir","ST_NM":"Odisha"}},
{"type":"Feature","geometry":{"type":"Polygon","coordinates":[[[87.444,21.769],[87.285,21.804],[87.249,21.861],[87.239,21.959],[87.098,21.913],[87.099,21.865],[87.113,21.786],[87,21.594],[86.952,21.573],[86.813,21.607],[86.688,21.594],[86.641,21.534],[86.585,21.521],[86.535,21.428],[86.428,21.332],[86.362,21.3],[86.371,21.239],[86.438,21.221],[86.464,21.159],[86.562,21.148],[86.646,21.082],[86.677,21.168],[86.747,21.18],[86.773,21.224],[86.861,21.209],[86.947,21.352],[87.15,21.508],[87.238,21.537],[87.395,21.542],[87.49,21.603],[87.475,21.712],[87.444,21.769]]]},"properties":{"DISTRICT":"Baleshwar","ST_NM":"Odisha"}},
{"type":"Feature","geometry":{"type":"Polygon","coordinates":[[[84.058,26.097],[83.958,26.132],[83.899,26.127],[83.864,26.185],[83.811,26.191],[83.795,26.108],[83.682,26.071],[83.689,26.009],[83.773,26.002],[83.799,25.923],[83.733,25.856],[83.819,25.783],[83.955,25.748],[83.929,25.56],[84.085,25.636],[84.078,25.694],[84.176,25.72],[84.225,25.662],[84.327,25.67],[84.334,25.735],[84.39,25.733],[84.402,25.727],[84.525,25.676],[84.604,25.738],[84.629,25.791],[84.537,25.876],[84.459,25.888],[84.36,25.957],[84.3,25.946],[84.058,26.097]]]},"properties":{"DISTRICT":"Ballia","ST_NM":"Uttar Pradesh"}},
{"type":"Feature","geometry":{"type":"Polygon","coordinates":[[[82.741,27.502],[82.744,27.632],[82.691,27.716],[82.459,27.676],[82.388,27.714],[82.209,27.844],[82.145,27.767],[82.13,27.702],[82.036,27.57],[82.077,27.411],[82.116,27.37],[82.279,27.275],[82.217,27.179],[82.339,27.054],[82.412,27.078],[82.48,27.156],[82.44,27.173],[82.484,27.204],[82.514,27.218],[82.481,27.321],[82.599,27.421],[82.669,27.407],[82.761,27.432],[82.741,27.502]]]},"properties":{"DISTRICT":"Balrampur","ST_NM":"Uttar Pradesh"}},
{"type":"Feature","geometry":{"type":"Polygon","coordinates":[[[72.268,24.624],[72.18,24.612],[72.079,24.655],[72.046,24.708],[71.987,24.66],[71.777,24.672],[71.654,24.637],[71.609,24.675],[71.48,24.678],[71.372,24.626],[71.289,24.613],[71.294,24.518],[71.349,24.518],[71.33,24.395],[71.395,24.352],[71.306,24.304],[71.339,24.13],[71.316,23.982],[71.445,23.941],[71.443,23.983],[71.669,23.97],[71.717,23.926],[71.753,23.842],[71.972,23.892],[71.929,23.953],[71.963,23.993],[72.036,23.982],[72.098,24.048],[72.217,24.104],[72.231,24.065],[72.354,24.025],[72.478,23.93],[72.566,23.932],[72.628,23.991],[72.623,24.041],[72.735,24.084],[72.792,24.082],[72.865,24.016],[72.903,24.022],[73.03,24.281],[72.969,24.303],[72.961,24.351],[72.92,24.327],[72.864,24.366],[72.728,24.362],[72.654,24.457],[72.537,24.506],[72.459,24.409],[72.352,24.554],[72.335,24.625],[72.294,24.618],[72.268,24.624]]]},"properties":{"DISTRICT":"Banas Kantha","ST_NM":"Gujarat"}},
{"type":"Feature","geometry":{"type":"Polygon","coordinates":[[[81.022,25.544],[81.02,25.633],[80.948,25.621],[80.937,25.687],[80.863,25.676],[80.848,25.72],[80.72,25.681],[80.591,25.71],[80.523,25.777],[80.556,25.867],[80.389,25.911],[80.35,25.899],[80.353,25.87],[80.262,25.806],[80.347,25.717],[80.317,25.645],[80.215,25.554],[80.191,25.442],[80.121,25.407],[80.104,25.347],[80.197,25.402],[80.317,25.387],[80.32,25.278],[80.41,25.217],[80.432,25.17],[80.356,25.126],[80.353,25.054],[80.29,25.056],[80.275,25.026],[80.322,24.999],[80.402,25.068],[80.481,24.976],[80.514,25.04],[80.587,25.084],[80.603,25.151],[80.682,25.05],[80.723,25.064],[80.689,25.131],[80.767,25.205],[80.78,25.33],[80.864,25.374],[80.944,25.469],[81.027,25.504],[81.022,25.544]]]},"properties":{"DISTRICT":"Banda","ST_NM":"Uttar Pradesh"}},
{"type":"Feature","geometry":{"type":"Polygon","coordinates":[[[75.392,34.543],[75.305,34.515],[75.083,34.5],[74.988,34.529],[74.935,34.586],[74.682,34.77],[74.604,34.869],[74.568,34.804],[74.579,34.711],[74.531,34.646],[74.55,34.549],[74.504,34.479],[74.417,34.451],[74.366,34.354],[74.426,34.345],[74.515,34.4],[74.531,34.32],[74.648,34.352],[74.714,34.347],[74.753,34.339],[74.877,34.351],[74.953,34.455],[75.023,34.439],[75.151,34.361],[75.358,34.352],[75.4,34.423],[75.392,34.543]]]},"properties":{"DISTRICT":"Bandipore","ST_NM":"Jammu & Kashmir"}},
{"type":"Feature","geometry":{"type":"Polygon","coordinates":[[[77.387,13.5],[77.351,13.453],[77.34,13.33],[77.231,13.311],[77.189,13.272],[77.205,13.184],[77.224,13.149],[77.31,13.103],[77.331,12.973],[77.38,12.994],[77.405,13.113],[77.462,13.16],[77.48,13.221],[77.548,13.231],[77.729,13.188],[77.786,13.028],[77.767,12.938],[77.835,12.868],[77.869,12.867],[77.855,12.892],[77.903,13.099],[77.958,13.124],[77.966,13.243],[77.926,13.238],[77.811,13.261],[77.828,13.326],[77.754,13.361],[77.7,13.335],[77.663,13.379],[77.506,13.456],[77.387,13.5]]]},"properties":{"DISTRICT":"Bangalore Rural","ST_NM":"Karnataka"}},
{"type":"Feature","geometry":{"type":"Polygon","coordinates":[[[77.331,12.973],[77.349,12.867],[77.413,12.876],[77.467,12.809],[77.478,12.754],[77.618,12.706],[77.599,12.657],[77.678,12.66],[77.76,12.696],[77.835,12.868],[77.767,12.938],[77.786,13.028],[77.729,13.188],[77.548,13.231],[77.48,13.221],[77.462,13.16],[77.405,13.113],[77.38,12.994],[77.331,12.973]]]},"properties":{"DISTRICT":"Bangalore","ST_NM":"Karnataka"}},
{"type":"Feature","geometry":{"type":"Polygon","coordinates":[[[87.174,25.049],[87.124,25.094],[87.027,25.107],[86.693,25.113],[86.656,25.056],[86.643,24.975],[86.601,24.949],[86.503,24.979],[86.488,24.908],[86.536,24.863],[86.527,24.788],[86.552,24.713],[86.614,24.663],[86.616,24.608],[86.675,24.562],[86.798,24.616],[86.815,24.565],[86.917,24.54],[86.942,24.631],[87.05,24.625],[87.088,24.725],[87.083,24.809],[87.153,24.863],[87.174,25.049]]]},"properties":{"DISTRICT":"Banka","ST_NM":"Bihar"}},
{"type":"Feature","geometry":{"type":"Polygon","coordinates":[[[87.714,23.011],[87.764,23.08],[87.689,23.131],[87.561,23.309],[87.447,23.405],[87.255,23.516],[87.214,23.556],[87.125,23.576],[87.018,23.634],[86.899,23.64],[86.842,23.382],[86.784,23.342],[86.775,23.231],[86.716,23.121],[86.745,23.094],[86.692,22.93],[86.705,22.872],[86.612,22.799],[86.66,22.788],[86.847,22.685],[86.927,22.627],[86.951,22.67],[87.021,22.668],[87.088,22.738],[87.054,22.824],[87.168,22.881],[87.286,22.911],[87.36,22.952],[87.48,22.913],[87.525,22.93],[87.618,22.891],[87.646,22.988],[87.714,23.011]]]},"properties":{"DISTRICT":"Bankura","ST_NM":"West Bengal"}},
{"type":"Feature","geometry":{"type":"Polygon","coordinates":[[[74.773,23.54],[74.773,23.589],[74.672,23.666],[74.599,23.63],[74.52,23.637],[74.551,23.826],[74.48,23.924],[74.384,23.906],[74.239,23.814],[74.154,23.787],[74.121,23.711],[74.118,23.61],[74.032,23.544],[74.012,23.441],[73.959,23.38],[74.001,23.334],[74.012,23.332],[74.021,23.331],[74.046,23.293],[74.133,23.263],[74.124,23.177],[74.18,23.15],[74.247,23.176],[74.32,23.06],[74.389,23.11],[74.465,23.083],[74.534,23.099],[74.668,23.199],[74.74,23.227],[74.7,23.269],[74.631,23.261],[74.547,23.284],[74.532,23.32],[74.612,23.459],[74.773,23.54]]]},"properties":{"DISTRICT":"Banswara","ST_NM":"Rajasthan"}},
{"type":"Feature","geometry":{"type":"Polygon","coordinates":[[[81.412,27.337],[81.377,27.27],[81.321,27.273],[81.297,27.337],[81.184,27.246],[81.118,27.275],[81.077,27.228],[80.966,27.221],[80.929,27.159],[81.012,27.141],[81,27],[81.157,26.814],[81.219,26.706],[81.17,26.648],[81.166,26.593],[81.19,26.604],[81.316,26.539],[81.462,26.571],[81.542,26.521],[81.564,26.628],[81.561,26.641],[81.549,26.64],[81.545,26.642],[81.55,26.665],[81.581,26.682],[81.585,26.766],[81.616,26.869],[81.703,26.88],[81.718,26.902],[81.72,26.91],[81.719,26.92],[81.718,26.92],[81.655,27.004],[81.507,27.059],[81.448,27.134],[81.444,27.309],[81.412,27.337]]]},"properties":{"DISTRICT":"Bara Banki","ST_NM":"Uttar Pradesh"}},
{"type":"Feature","geometry":{"type":"Polygon","coordinates":[[[83.459,21.055],[83.493,21.042],[83.614,21.129],[83.718,21.121],[83.782,21.155],[83.852,21.106],[83.896,21.178],[83.913,21.246],[83.872,21.311],[83.887,21.439],[83.847,21.527],[83.8,21.566],[83.727,21.631],[83.705,21.689],[83.56,21.743],[83.49,21.643],[83.388,21.616],[83.349,21.488],[83.401,21.403],[83.382,21.343],[83.277,21.378],[83.2,21.143],[83.127,21.105],[82.987,21.161],[82.847,21.167],[82.643,21.152],[82.639,21.09],[82.694,21.022],[82.686,20.884],[82.703,20.726],[82.891,20.91],[82.969,20.897],[82.993,20.849],[83.133,20.864],[83.221,20.928],[83.304,20.853],[83.413,20.896],[83.297,21.015],[83.325,21.055],[83.459,21.055]]]},"properties":{"DISTRICT":"Bargarh","ST_NM":"Odisha"}},
{"type":"Feature","geometry":{"type":"Polygon","coordinates":[[[74.823,34.049],[74.72,34.148],[74.666,34.309],[74.714,34.347],[74.648,34.352],[74.531,34.32],[74.515,34.4],[74.426,34.345],[74.366,34.354],[74.02,34.285],[74.315,34.203],[74.329,34.145],[74.291,34.092],[74.32,33.956],[74.413,33.857],[74.536,33.991],[74.635,34.035],[74.787,34.068],[74.823,34.049]]]},"properties":{"DISTRICT":"Baramula","ST_NM":"Jammu & Kashmir"}},
{"type":"Feature","geometry":{"type":"Polygon","coordinates":[[[76.859,25.325],[76.775,25.307],[76.607,25.384],[76.579,25.432],[76.562,25.414],[76.331,25.374],[76.288,25.247],[76.254,25.238],[76.218,25.084],[76.324,24.959],[76.421,24.977],[76.575,24.858],[76.557,24.804],[76.49,24.822],[76.443,24.783],[76.477,24.669],[76.531,24.662],[76.537,24.514],[76.636,24.414],[76.706,24.408],[76.757,24.448],[76.845,24.438],[76.819,24.53],[76.923,24.531],[76.965,24.456],[77.055,24.522],[77.064,24.638],[77.024,24.71],[76.851,24.765],[76.807,24.822],[76.9,24.835],[76.954,24.868],[76.877,24.95],[76.874,25.006],[76.989,25.073],[77.082,25.053],[77.175,25.109],[77.268,25.114],[77.308,25.079],[77.392,25.117],[77.412,25.221],[77.311,25.431],[77.159,25.308],[77.081,25.335],[77.03,25.296],[76.964,25.292],[76.859,25.325]]]},"properties":{"DISTRICT":"Baran","ST_NM":"Rajasthan"}},
{"type":"Feature","geometry":{"type":"Polygon","coordinates":[[[87.714,23.011],[87.794,22.941],[87.893,22.938],[88.013,22.963],[88.052,23.039],[88.15,23.077],[88.171,23.15],[88.348,23.132],[88.42,23.212],[88.331,23.312],[88.344,23.424],[88.392,23.497],[88.362,23.543],[88.296,23.559],[88.266,23.616],[88.157,23.627],[88.146,23.685],[88.198,23.765],[88.037,23.763],[87.966,23.803],[87.916,23.66],[87.956,23.624],[87.908,23.54],[87.808,23.56],[87.719,23.618],[87.593,23.595],[87.446,23.615],[87.417,23.684],[87.266,23.75],[87.164,23.746],[87.09,23.807],[86.969,23.867],[86.901,23.882],[86.85,23.824],[86.798,23.833],[86.822,23.778],[86.801,23.695],[86.899,23.64],[87.018,23.634],[87.125,23.576],[87.214,23.556],[87.255,23.516],[87.447,23.405],[87.561,23.309],[87.689,23.131],[87.764,23.08],[87.714,23.011]]]},"properties":{"DISTRICT":"Barddhaman","ST_NM":"West Bengal"}},
{"type":"Feature","geometry":{"type":"Polygon","coordinates":[[[79.643,28.853],[79.545,28.884],[79.423,28.85],[79.407,28.879],[79.388,28.757],[79.304,28.719],[79.239,28.639],[79.222,28.572],[79.14,28.49],[79.078,28.483],[79,28.385],[79.051,28.374],[79.118,28.204],[79.196,28.175],[79.336,28.154],[79.424,28.169],[79.499,28.108],[79.498,28.02],[79.586,28.091],[79.685,28.263],[79.678,28.306],[79.744,28.466],[79.685,28.529],[79.676,28.583],[79.6,28.616],[79.629,28.709],[79.673,28.743],[79.643,28.853]]]},"properties":{"DISTRICT":"Bareilly","ST_NM":"Uttar Pradesh"}},
{"type":"Feature","geometry":{"type":"Polygon","coordinates":[[[72.073,26.349],[71.895,26.3],[71.628,26.42],[71.578,26.508],[71.417,26.486],[71.325,26.426],[71.289,26.467],[71.222,26.447],[71.142,26.312],[71.077,26.325],[71.048,26.284],[70.954,26.249],[71.051,26.142],[70.944,26.079],[70.877,26.128],[70.752,26.149],[70.716,26.212],[70.431,26.181],[70.367,26.148],[70.254,26.161],[70.136,26.153],[70.086,26.088],[70.099,25.935],[70.169,25.83],[70.235,25.777],[70.276,25.709],[70.391,25.674],[70.524,25.685],[70.594,25.712],[70.673,25.669],[70.665,25.398],[70.75,25.283],[70.886,25.151],[70.936,24.941],[71.098,24.687],[71.188,24.648],[71.263,24.748],[71.254,24.795],[71.33,24.851],[71.341,24.934],[71.474,24.999],[71.556,24.985],[71.628,25.034],[71.679,24.987],[71.737,25.069],[71.793,25.084],[71.85,25.207],[71.935,25.284],[71.921,25.345],[72.033,25.476],[72.216,25.406],[72.317,25.387],[72.356,25.454],[72.463,25.454],[72.586,25.602],[72.72,25.609],[72.722,25.689],[72.778,25.802],[72.834,25.863],[72.806,25.853],[72.619,25.978],[72.685,26.029],[72.688,26.186],[72.596,26.28],[72.492,26.299],[72.427,26.286],[72.409,26.239],[72.34,26.244],[72.255,26.21],[72.073,26.349]]]},"properties":{"DISTRICT":"Barmer","ST_NM":"Rajasthan"}},
{"type":"Feature","geometry":{"type":"Polygon","coordinates":[[[75.656,30.635],[75.655,30.634],[75.551,30.633],[75.408,30.582],[75.364,30.514],[75.293,30.51],[75.258,30.465],[75.301,30.424],[75.322,30.333],[75.378,30.235],[75.372,30.2],[75.464,30.196],[75.501,30.15],[75.566,30.148],[75.579,30.143],[75.561,30.199],[75.726,30.279],[75.663,30.301],[75.657,30.544],[75.686,30.608],[75.665,30.613],[75.668,30.623],[75.662,30.631],[75.656,30.635]]]},"properties":{"DISTRICT":"Barnala","ST_NM":"Punjab"}},
{"type":"Feature","geometry":{"type":"Polygon","coordinates":[[[90.854,26.523],[90.853,26.522],[90.82,26.476],[90.864,26.375],[90.656,26.241],[90.695,26.153],[90.872,26.098],[90.939,26.094],[91.237,26.182],[91.222,26.216],[91.281,26.354],[91.238,26.392],[91.241,26.455],[91.269,26.487],[91.29,26.502],[91.291,26.507],[91.292,26.508],[91.293,26.508],[91.293,26.509],[91.311,26.574],[91.239,26.619],[91.148,26.571],[91.098,26.518],[91.048,26.559],[90.939,26.539],[90.906,26.588],[90.869,26.569],[90.867,26.544],[90.876,26.525],[90.862,26.52],[90.86,26.521],[90.857,26.522],[90.854,26.523]]]},"properties":{"DISTRICT":"Barpeta","ST_NM":"Assam"}},
{"type":"Feature","geometry":{"type":"Polygon","coordinates":[[[74.432,22.029],[74.448,21.966],[74.524,21.907],[74.5,21.805],[74.509,21.722],[74.586,21.663],[74.772,21.614],[74.859,21.63],[75.056,21.563],[75.105,21.467],[75.206,21.414],[75.383,21.383],[75.467,21.392],[75.547,21.37],[75.619,21.391],[75.584,21.475],[75.502,21.488],[75.462,21.543],[75.501,21.617],[75.44,21.676],[75.34,21.666],[75.307,21.64],[75.209,21.729],[75.264,21.745],[75.31,21.839],[75.359,21.986],[75.42,22.028],[75.397,22.091],[75.319,22.134],[75.199,22.105],[74.789,22.078],[74.607,22.024],[74.503,22.044],[74.432,22.029]]]},"properties":{"DISTRICT":"Barwani","ST_NM":"Madhya Pradesh"}},
{"type":"Feature","geometry":{"type":"Polygon","coordinates":[[[81.356,19.325],[81.358,19.323],[81.354,19.225],[81.45,19.189],[81.502,19.204],[81.493,19.084],[81.523,19.016],[81.471,19.004],[81.479,18.942],[81.662,18.798],[81.756,18.811],[81.773,18.756],[81.849,18.737],[81.943,18.768],[81.969,18.693],[82.093,18.739],[82.099,18.763],[82.154,18.78],[82.179,18.898],[82.248,18.917],[82.217,19.085],[82.176,19.14],[82.18,19.149],[82.18,19.154],[82.173,19.157],[82.172,19.161],[82.176,19.163],[82.183,19.159],[82.185,19.161],[82.187,19.165],[82.181,19.19],[82.164,19.203],[82.169,19.214],[82.16,19.271],[82.188,19.338],[82.178,19.435],[82.127,19.429],[82.1,19.515],[82.054,19.544],[82.045,19.709],[82.06,19.796],[81.988,19.8],[81.968,19.859],[81.866,19.904],[81.845,19.954],[81.881,20.05],[81.817,20.169],[81.68,20.129],[81.589,20.194],[81.448,20.146],[81.402,20.114],[81.39,20.046],[81.293,20.017],[81.331,19.935],[81.401,19.883],[81.392,19.834],[81.394,19.833],[81.372,19.803],[81.379,19.725],[81.428,19.718],[81.483,19.661],[81.432,19.475],[81.474,19.471],[81.469,19.375],[81.39,19.361],[81.356,19.325]]]},"properties":{"DISTRICT":"Bastar","ST_NM":"Chhattisgarh"}},
{"type":"Feature","geometry":{"type":"Polygon","coordinates":[[[82.882,26.54],[82.884,26.571],[82.98,26.731],[82.84,26.842],[82.866,26.939],[82.915,26.959],[82.905,27.021],[82.759,27.105],[82.631,27.124],[82.568,27.075],[82.591,27.002],[82.487,26.905],[82.329,26.956],[82.244,26.934],[82.225,26.807],[82.241,26.748],[82.318,26.723],[82.382,26.658],[82.479,26.652],[82.58,26.604],[82.665,26.605],[82.714,26.555],[82.814,26.574],[82.882,26.54]]]},"properties":{"DISTRICT":"Basti","ST_NM":"Uttar Pradesh"}},
{"type":"Feature","geometry":{"type":"Polygon","coordinates":[[[75.293,30.51],[75.11,30.52],[75.008,30.488],[75.042,30.377],[74.932,30.368],[74.822,30.393],[74.726,30.308],[74.683,30.102],[74.707,29.97],[74.811,29.992],[74.934,29.94],[75,29.855],[75.076,29.877],[75.112,29.801],[75.189,29.835],[75.184,29.968],[75.279,30],[75.261,30.099],[75.346,30.13],[75.372,30.2],[75.378,30.235],[75.322,30.333],[75.301,30.424],[75.258,30.465],[75.293,30.51]]]},"properties":{"DISTRICT":"Bathinda","ST_NM":"Punjab"}},
{"type":"Feature","geometry":{"type":"Polygon","coordinates":[[[84.268,20.889],[84.218,20.902],[84.113,20.846],[83.852,20.823],[83.763,20.775],[83.759,20.716],[83.689,20.561],[83.606,20.53],[83.585,20.486],[83.622,20.449],[83.658,20.432],[83.659,20.426],[83.666,20.423],[83.67,20.425],[83.675,20.429],[83.68,20.429],[83.686,20.42],[83.69,20.416],[83.695,20.416],[83.71,20.425],[83.715,20.43],[83.722,20.435],[83.729,20.433],[83.736,20.426],[83.746,20.422],[83.751,20.424],[83.751,20.428],[83.755,20.428],[83.761,20.425],[83.77,20.414],[83.779,20.412],[83.783,20.413],[83.783,20.425],[83.788,20.443],[83.794,20.435],[83.81,20.432],[83.806,20.511],[83.858,20.572],[83.873,20.579],[83.881,20.58],[83.895,20.58],[83.912,20.578],[83.915,20.58],[83.913,20.587],[83.916,20.599],[83.92,20.606],[83.918,20.609],[83.917,20.616],[83.92,20.617],[83.928,20.607],[83.938,20.603],[83.934,20.589],[83.943,20.583],[83.95,20.581],[83.973,20.586],[83.979,20.585],[83.986,20.581],[83.996,20.572],[84.007,20.57],[84.014,20.571],[84.016,20.571],[84.033,20.58],[84.036,20.585],[84.045,20.59],[84.056,20.596],[84.074,20.598],[84.085,20.592],[84.097,20.598],[84.104,20.599],[84.118,20.588],[84.135,20.59],[84.146,20.584],[84.148,20.585],[84.153,20.589],[84.155,20.593],[84.169,20.601],[84.178,20.605],[84.189,20.591],[84.222,20.587],[84.23,20.59],[84.236,20.595],[84.256,20.605],[84.278,20.674],[84.295,20.689],[84.304,20.693],[84.319,20.694],[84.334,20.689],[84.343,20.675],[84.36,20.669],[84.398,20.527],[84.513,20.398],[84.489,20.339],[84.546,20.322],[84.547,20.244],[84.587,20.174],[84.559,20.161],[84.564,20.146],[84.564,20.141],[84.564,20.146],[84.559,20.161],[84.587,20.174],[84.585,20.191],[84.547,20.244],[84.546,20.322],[84.489,20.339],[84.513,20.398],[84.692,20.442],[84.7,20.499],[84.794,20.581],[84.778,20.602],[84.638,20.625],[84.572,20.687],[84.357,20.782],[84.352,20.842],[84.268,20.889]]]},"properties":{"DISTRICT":"Bauda","ST_NM":"Odisha"}},
{"type":"Feature","geometry":{"type":"Polygon","coordinates":[[[86.293,25.64],[86.194,25.663],[86.152,25.765],[86.018,25.706],[86.026,25.603],[85.946,25.653],[85.843,25.645],[85.843,25.576],[85.775,25.588],[85.736,25.527],[85.805,25.547],[85.886,25.502],[85.873,25.441],[85.967,25.404],[86.064,25.334],[86.134,25.274],[86.206,25.25],[86.299,25.297],[86.315,25.335],[86.509,25.428],[86.424,25.498],[86.296,25.527],[86.293,25.64]]]},"properties":{"DISTRICT":"Begusarai","ST_NM":"Bihar"}},
{"type":"Feature","geometry":{"type":"Polygon","coordinates":[[[75.388,16.762],[75.395,16.861],[75.335,16.868],[75.343,16.954],[75.282,16.955],[75.28,16.876],[75.227,16.843],[75.091,16.923],[75,16.947],[74.908,16.857],[74.912,16.787],[74.693,16.717],[74.689,16.617],[74.569,16.554],[74.546,16.635],[74.49,16.629],[74.27,16.522],[74.332,16.454],[74.317,16.355],[74.342,16.293],[74.503,16.225],[74.483,16.089],[74.429,15.953],[74.364,15.878],[74.381,15.849],[74.345,15.766],[74.286,15.741],[74.211,15.781],[74.128,15.724],[74.119,15.652],[74.249,15.656],[74.248,15.568],[74.277,15.522],[74.34,15.519],[74.48,15.396],[74.534,15.419],[74.614,15.359],[74.743,15.411],[74.813,15.503],[74.798,15.546],[74.842,15.607],[74.967,15.651],[75.098,15.627],[75.107,15.672],[75.279,15.689],[75.314,15.731],[75.304,15.811],[75.365,15.805],[75.455,15.886],[75.426,15.921],[75.44,16],[75.416,16.109],[75.276,16.118],[75.291,16.17],[75.239,16.207],[75.232,16.26],[75.127,16.288],[75.034,16.337],[74.996,16.458],[75.008,16.538],[75.108,16.509],[75.158,16.53],[75.17,16.601],[75.267,16.636],[75.288,16.712],[75.364,16.714],[75.388,16.762]]]},"properties":{"DISTRICT":"Belgaum","ST_NM":"Karnataka"}},
{"type":"Feature","geometry":{"type":"Polygon","coordinates":[[[77.158,15.137],[77.153,15.291],[77.042,15.364],[77.032,15.44],[77.031,15.634],[77.086,15.658],[77.051,15.73],[77.068,15.828],[77.028,15.834],[76.928,15.735],[76.919,15.7],[76.834,15.616],[76.814,15.547],[76.781,15.493],[76.703,15.485],[76.491,15.342],[76.363,15.325],[76.249,15.191],[76.188,15.235],[76.102,15.167],[75.95,15.137],[75.886,15.097],[75.744,14.944],[75.702,14.948],[75.666,14.808],[75.757,14.738],[75.837,14.806],[75.804,14.874],[75.887,14.87],[75.972,14.907],[76.052,14.918],[76.075,14.868],[76.203,14.751],[76.187,14.701],[76.324,14.692],[76.377,14.664],[76.425,14.581],[76.508,14.564],[76.6,14.622],[76.612,14.687],[76.702,14.816],[76.679,14.892],[76.718,14.973],[76.761,14.988],[76.801,15.096],[76.881,15.034],[76.971,15.018],[77.114,15.034],[77.158,15.137]]]},"properties":{"DISTRICT":"Bellary","ST_NM":"Karnataka"}},
{"type":"Feature","geometry":{"type":"Polygon","coordinates":[[[78.342,21.589],[78.458,21.718],[78.47,21.815],[78.547,21.867],[78.52,21.93],[78.28,22.089],[78.252,22.327],[78.273,22.402],[78.186,22.397],[78.036,22.33],[77.862,22.346],[77.68,22.322],[77.544,22.355],[77.443,22.219],[77.356,22.249],[77.416,22.175],[77.467,22.167],[77.455,22.085],[77.395,21.997],[77.276,21.964],[77.219,21.905],[77.163,21.849],[77.17,21.808],[77.079,21.77],[77.065,21.713],[77.124,21.723],[77.21,21.692],[77.28,21.757],[77.5,21.747],[77.562,21.666],[77.571,21.528],[77.508,21.552],[77.427,21.54],[77.442,21.471],[77.562,21.396],[77.674,21.371],[77.797,21.389],[77.903,21.377],[78.068,21.437],[78.174,21.497],[78.22,21.552],[78.342,21.589]]]},"properties":{"DISTRICT":"Betul","ST_NM":"Madhya Pradesh"}},
{"type":"Feature","geometry":{"type":"Polygon","coordinates":[[[86.371,21.239],[86.34,21.18],[86.276,21.151],[86.315,21.057],[86.29,21.018],[86.282,20.906],[86.359,20.853],[86.458,20.845],[86.517,20.871],[86.597,20.857],[86.625,20.797],[86.753,20.773],[86.798,20.739],[86.872,20.794],[86.974,20.793],[86.979,20.86],[86.875,21.044],[86.843,21.157],[86.861,21.209],[86.773,21.224],[86.747,21.18],[86.677,21.168],[86.646,21.082],[86.562,21.148],[86.464,21.159],[86.438,21.221],[86.371,21.239]]]},"properties":{"DISTRICT":"Bhadrak","ST_NM":"Odisha"}},
{"type":"Feature","geometry":{"type":"Polygon","coordinates":[[[87.174,25.049],[87.217,25.09],[87.297,25.09],[87.33,25.224],[87.398,25.228],[87.478,25.195],[87.479,25.241],[87.544,25.297],[87.553,25.331],[87.544,25.331],[87.517,25.352],[87.504,25.35],[87.489,25.367],[87.457,25.359],[87.34,25.415],[87.278,25.37],[87.222,25.39],[87.232,25.451],[87.111,25.433],[87.103,25.514],[87.073,25.469],[86.912,25.492],[86.824,25.444],[86.86,25.368],[86.731,25.254],[86.736,25.184],[86.693,25.113],[87.027,25.107],[87.124,25.094],[87.174,25.049]]]},"properties":{"DISTRICT":"Bhagalpur","ST_NM":"Bihar"}},
{"type":"Feature","geometry":{"type":"Polygon","coordinates":[[[79.543,21.543],[79.486,21.502],[79.483,21.427],[79.576,21.283],[79.552,21.157],[79.514,21.121],[79.613,21.038],[79.66,20.969],[79.509,20.704],[79.693,20.669],[79.753,20.686],[79.879,20.685],[79.933,20.667],[79.965,20.69],[79.926,20.766],[79.87,20.78],[79.865,20.876],[79.948,20.926],[79.953,21.013],[80.048,21.003],[80.087,21.048],[80.084,21.143],[80.05,21.21],[79.942,21.252],[79.848,21.245],[79.803,21.379],[79.883,21.424],[79.922,21.524],[79.863,21.53],[79.739,21.602],[79.657,21.558],[79.543,21.543]]]},"properties":{"DISTRICT":"Bhandara","ST_NM":"Maharashtra"}},
{"type":"Feature","geometry":{"type":"Polygon","coordinates":[[[77.648,27.241],[77.506,27.376],[77.44,27.394],[77.438,27.456],[77.349,27.519],[77.351,27.647],[77.313,27.782],[77.285,27.801],[77.243,27.78],[77.158,27.807],[77.11,27.78],[77.047,27.815],[76.979,27.652],[76.945,27.58],[77.049,27.548],[77.006,27.449],[77.141,27.346],[77.123,27.252],[77.046,27.217],[77.096,27.171],[76.965,27.146],[77.01,27.027],[77.018,26.928],[77.063,26.889],[77.078,26.859],[77.084,26.86],[77.1,26.862],[77.229,26.794],[77.358,26.795],[77.349,26.711],[77.456,26.741],[77.425,26.837],[77.49,26.898],[77.7,26.973],[77.665,27.017],[77.567,27.043],[77.553,27.11],[77.663,27.17],[77.648,27.241]]]},"properties":{"DISTRICT":"Bharatpur","ST_NM":"Rajasthan"}},
{"type":"Feature","geometry":{"type":"Polygon","coordinates":[[[72.658,21.471],[72.687,21.447],[72.739,21.47],[72.787,21.423],[72.854,21.45],[72.91,21.43],[72.943,21.511],[73.039,21.524],[73.121,21.482],[73.451,21.523],[73.484,21.61],[73.489,21.703],[73.411,21.71],[73.368,21.801],[73.312,21.826],[73.3,21.889],[73.21,21.82],[73.069,21.923],[72.981,22.047],[72.907,22.067],[72.868,22.156],[72.865,22.226],[72.8,22.239],[72.758,22.174],[72.614,22.217],[72.547,22.15],[72.507,21.994],[72.517,21.879],[72.612,21.861],[72.552,21.792],[72.518,21.706],[72.597,21.681],[72.711,21.678],[72.608,21.583],[72.674,21.52],[72.658,21.471]]]},"properties":{"DISTRICT":"Bharuch","ST_NM":"Gujarat"}},
{"type":"Feature","geometry":{"type":"Polygon","coordinates":[[[71.607,22.338],[71.53,22.343],[71.433,22.261],[71.479,22.184],[71.504,22.053],[71.392,21.978],[71.464,21.924],[71.452,21.865],[71.491,21.802],[71.597,21.726],[71.578,21.632],[71.478,21.483],[71.531,21.442],[71.599,21.443],[71.629,21.336],[71.532,21.287],[71.521,21.174],[71.625,21.108],[71.64,21.032],[71.679,20.997],[71.761,21.02],[71.797,21.058],[72.048,21.161],[72.115,21.202],[72.082,21.246],[72.121,21.325],[72.235,21.457],[72.268,21.572],[72.306,21.627],[72.26,21.723],[72.256,21.89],[72.227,21.989],[72.172,21.995],[72.06,22.105],[71.758,22.133],[71.734,22.182],[71.656,22.216],[71.607,22.338]]]},"properties":{"DISTRICT":"Bhavnagar","ST_NM":"Gujarat"}},
{"type":"Feature","geometry":{"type":"Polygon","coordinates":[[[74.389,25.962],[74.346,25.903],[74.268,25.871],[74.258,25.867],[74.197,25.854],[74.184,25.848],[74.196,25.739],[74.098,25.716],[74.117,25.636],[74.066,25.58],[74.098,25.515],[74.045,25.499],[74.022,25.432],[74.027,25.272],[74.123,25.242],[74.08,25.149],[74.165,25.127],[74.189,25.06],[74.259,25.065],[74.415,25.202],[74.497,25.206],[74.613,25.143],[74.658,25.183],[74.749,25.187],[74.837,25.146],[74.869,25.177],[74.974,25.105],[75.035,25.126],[75.205,25.089],[75.197,25.034],[75.313,25.042],[75.353,25.021],[75.453,25.026],[75.408,25.104],[75.447,25.14],[75.441,25.275],[75.345,25.323],[75.308,25.42],[75.374,25.502],[75.361,25.534],[75.435,25.621],[75.424,25.686],[75.464,25.718],[75.391,25.759],[75.319,25.764],[75.261,25.698],[75.149,25.72],[75.109,25.693],[75.01,25.807],[75.017,25.856],[74.905,25.881],[74.802,25.87],[74.724,25.917],[74.618,25.904],[74.435,25.924],[74.389,25.962]]]},"properties":{"DISTRICT":"Bhilwara","ST_NM":"Rajasthan"}},
{"type":"Feature","geometry":{"type":"Polygon","coordinates":[[[78.544,26.766],[78.502,26.672],[78.351,26.56],[78.215,26.529],[78.256,26.443],[78.264,26.338],[78.332,26.347],[78.494,26.264],[78.629,26.157],[78.698,26.215],[78.792,26.226],[78.824,26.126],[78.775,26.015],[78.783,25.965],[78.884,25.91],[78.935,25.95],[78.952,26.031],[79.011,26.076],[79.009,26.149],[79.066,26.278],[79.125,26.348],[79.089,26.4],[79.135,26.439],[79.007,26.545],[78.993,26.68],[78.874,26.699],[78.779,26.758],[78.686,26.787],[78.611,26.75],[78.544,26.766]]]},"properties":{"DISTRICT":"Bhind","ST_NM":"Madhya Pradesh"}},
{"type":"Feature","geometry":{"type":"Polygon","coordinates":[[[76.22,28.981],[75.987,29.078],[75.858,28.962],[75.832,28.913],[75.68,28.913],[75.625,28.977],[75.525,28.979],[75.478,28.935],[75.507,28.784],[75.539,28.729],[75.564,28.611],[75.618,28.602],[75.672,28.517],[75.787,28.454],[75.811,28.41],[75.898,28.39],[75.904,28.4],[75.9,28.417],[75.906,28.43],[76,28.44],[76.079,28.394],[76.117,28.451],[76.187,28.443],[76.196,28.442],[76.22,28.467],[76.259,28.436],[76.275,28.448],[76.277,28.448],[76.292,28.449],[76.33,28.501],[76.344,28.602],[76.466,28.604],[76.409,28.666],[76.407,28.682],[76.406,28.681],[76.406,28.751],[76.333,28.806],[76.36,28.866],[76.3,28.905],[76.237,28.901],[76.22,28.981]]]},"properties":{"DISTRICT":"Bhiwani","ST_NM":"Haryana"}},
{"type":"Feature","geometry":{"type":"Polygon","coordinates":[[[84.39,25.733],[84.376,25.717],[84.364,25.699],[84.362,25.684],[84.329,25.655],[84.352,25.608],[84.332,25.517],[84.363,25.472],[84.323,25.432],[84.295,25.389],[84.285,25.362],[84.275,25.36],[84.279,25.353],[84.336,25.298],[84.321,25.215],[84.466,25.161],[84.532,25.209],[84.628,25.235],[84.705,25.315],[84.778,25.447],[84.771,25.537],[84.819,25.575],[84.854,25.695],[84.631,25.706],[84.604,25.738],[84.525,25.676],[84.402,25.727],[84.39,25.733]]]},"properties":{"DISTRICT":"Bhojpur","ST_NM":"Bihar"}},
{"type":"Feature","geometry":{"type":"Polygon","coordinates":[[[77.319,23.894],[77.228,23.896],[77.222,23.821],[77.17,23.687],[77.276,23.61],[77.298,23.432],[77.183,23.311],[77.19,23.242],[77.241,23.194],[77.286,23.104],[77.383,23.089],[77.506,23.106],[77.568,23.145],[77.626,23.329],[77.492,23.427],[77.522,23.518],[77.509,23.573],[77.58,23.653],[77.651,23.698],[77.574,23.769],[77.471,23.76],[77.418,23.805],[77.375,23.884],[77.319,23.894]]]},"properties":{"DISTRICT":"Bhopal","ST_NM":"Madhya Pradesh"}},
{"type":"Feature","geometry":{"type":"Polygon","coordinates":[[[75.587,18.697],[75.783,18.662],[75.825,18.671],[75.994,18.62],[76.052,18.575],[76.099,18.588],[76.254,18.577],[76.277,18.557],[76.424,18.553],[76.468,18.496],[76.609,18.455],[76.676,18.482],[76.706,18.547],[76.634,18.551],[76.727,18.749],[76.676,18.761],[76.667,18.819],[76.585,18.883],[76.584,18.945],[76.511,18.927],[76.479,18.956],[76.439,19.088],[76.361,19.156],[76.365,19.234],[76.312,19.261],[76.227,19.241],[76.209,19.278],[76.098,19.307],[76.039,19.286],[76.013,19.336],[75.938,19.292],[75.922,19.374],[75.688,19.355],[75.61,19.381],[75.479,19.421],[75.535,19.375],[75.517,19.277],[75.445,19.217],[75.454,19.126],[75.41,19.079],[75.308,19.093],[75.209,19.034],[75.076,19.053],[75.061,19.099],[74.942,19.126],[74.916,19.04],[74.828,18.938],[74.967,18.825],[75.159,18.65],[75.174,18.736],[75.254,18.721],[75.327,18.798],[75.398,18.831],[75.504,18.723],[75.587,18.697]]]},"properties":{"DISTRICT":"Bid","ST_NM":"Maharashtra"}},
{"type":"Feature","geometry":{"type":"Polygon","coordinates":[[[77.554,18.293],[77.469,18.262],[77.411,18.301],[77.404,18.399],[77.316,18.441],[77.267,18.42],[77.243,18.41],[77.209,18.279],[77.142,18.209],[77.06,18.154],[76.956,18.186],[76.954,18.039],[76.92,18.035],[76.915,17.939],[76.883,17.895],[76.776,17.879],[76.742,17.9],[76.79,17.828],[76.741,17.781],[76.692,17.682],[76.771,17.647],[76.929,17.635],[76.995,17.695],[77.191,17.616],[77.277,17.627],[77.301,17.598],[77.444,17.584],[77.461,17.701],[77.543,17.728],[77.508,17.785],[77.53,17.829],[77.62,17.905],[77.657,17.972],[77.61,18.02],[77.601,18.154],[77.574,18.191],[77.603,18.275],[77.554,18.293]]]},"properties":{"DISTRICT":"Bidar","ST_NM":"Karnataka"}},
{"type":"Feature","geometry":{"type":"Polygon","coordinates":[[[80.834,19.352],[80.757,19.291],[80.611,19.316],[80.567,19.401],[80.478,19.333],[80.453,19.274],[80.396,19.247],[80.388,19.185],[80.275,18.991],[80.271,18.945],[80.343,18.86],[80.354,18.815],[80.248,18.753],[80.275,18.722],[80.344,18.595],[80.389,18.598],[80.496,18.632],[80.64,18.524],[80.731,18.374],[80.731,18.367],[80.792,18.249],[80.743,18.178],[80.87,18.139],[80.982,18.174],[80.982,18.165],[81.032,18.156],[81.09,18.217],[81.052,18.264],[81.042,18.34],[80.937,18.363],[81.028,18.524],[81.074,18.546],[81.154,18.53],[81.171,18.59],[81.163,18.691],[81.2,18.749],[81.189,18.816],[81.234,18.967],[81.206,19.188],[81.146,19.183],[81.128,19.213],[81.132,19.247],[81.131,19.251],[81.128,19.257],[81.119,19.263],[81.03,19.232],[81.014,19.23],[80.994,19.227],[80.99,19.228],[80.955,19.317],[80.834,19.352]]]},"properties":{"DISTRICT":"Bijapur","ST_NM":"Chhattisgarh"}},
{"type":"Feature","geometry":{"type":"Polygon","coordinates":[[[76.241,16.165],[76.329,16.191],[76.348,16.274],[76.302,16.283],[76.334,16.424],[76.437,16.435],[76.405,16.648],[76.46,16.711],[76.435,16.763],[76.372,16.767],[76.375,16.859],[76.438,16.867],[76.43,17.099],[76.364,17.117],[76.366,17.176],[76.244,17.149],[76.125,17.245],[76.073,17.334],[75.931,17.326],[75.894,17.407],[75.821,17.421],[75.81,17.371],[75.634,17.479],[75.604,17.305],[75.656,17.272],[75.63,17.162],[75.673,17.115],[75.667,16.985],[75.644,16.953],[75.569,16.965],[75.491,16.947],[75.466,16.987],[75.343,16.954],[75.335,16.868],[75.395,16.861],[75.388,16.762],[75.49,16.6],[75.487,16.509],[75.435,16.437],[75.553,16.456],[75.643,16.44],[75.959,16.298],[76.014,16.302],[76.067,16.259],[76.064,16.21],[76.241,16.165]]]},"properties":{"DISTRICT":"Bijapur","ST_NM":"Karnataka"}},
{"type":"Feature","geometry":{"type":"Polygon","coordinates":[[[78.908,29.45],[78.706,29.503],[78.589,29.575],[78.524,29.645],[78.5,29.736],[78.344,29.79],[78.244,29.698],[78.178,29.674],[78,29.54],[77.994,29.493],[78.065,29.402],[78.137,29.253],[78.136,29.165],[78.106,29.083],[78.207,29.05],[78.415,29.039],[78.525,29.07],[78.602,29.084],[78.664,29.144],[78.707,29.267],[78.771,29.281],[78.738,29.324],[78.841,29.362],[78.908,29.45]]]},"properties":{"DISTRICT":"Bijnor","ST_NM":"Uttar Pradesh"}},
{"type":"Feature","geometry":{"type":"Polygon","coordinates":[[[74.041,29.004],[74.042,29.01],[74.042,29.012],[74.026,28.933],[73.877,28.941],[73.799,29.007],[73.624,29.037],[73.57,28.997],[73.487,29.012],[73.427,28.992],[73.345,29.006],[73.28,28.94],[73.228,28.93],[73.205,28.853],[73.116,28.767],[73.011,28.714],[72.934,28.729],[72.765,28.8],[72.648,28.903],[72.407,28.783],[72.312,28.686],[72.205,28.39],[72.129,28.309],[71.999,28.214],[71.932,28.128],[71.898,27.963],[71.947,27.913],[72.032,27.949],[72.146,27.873],[72.156,27.78],[72.094,27.736],[72.22,27.674],[72.3,27.708],[72.343,27.692],[72.284,27.549],[72.327,27.514],[72.502,27.584],[72.604,27.607],[72.671,27.543],[72.836,27.58],[72.831,27.466],[72.988,27.384],[73.042,27.41],[73.145,27.39],[73.163,27.295],[73.284,27.255],[73.351,27.197],[73.375,27.26],[73.504,27.333],[73.506,27.434],[73.54,27.494],[73.612,27.489],[73.657,27.564],[73.704,27.519],[73.79,27.501],[73.878,27.539],[73.869,27.779],[73.996,27.804],[74.064,27.73],[74.099,27.782],[74.228,27.817],[74.242,27.999],[74.297,28.052],[74.299,28.146],[74.359,28.209],[74.325,28.255],[74.236,28.251],[74.191,28.328],[74.065,28.335],[74.061,28.529],[74.108,28.589],[74.1,28.679],[74.194,28.711],[74.161,28.777],[74.12,28.847],[74.112,28.94],[74.041,29.004]]]},"properties":{"DISTRICT":"Bikaner","ST_NM":"Rajasthan"}},
{"type":"Feature","geometry":{"type":"Polygon","coordinates":[[[81.73,22.676],[81.649,22.607],[81.616,22.536],[81.523,22.536],[81.487,22.493],[81.492,22.411],[81.548,22.349],[81.551,22.27],[81.515,22.139],[81.504,22.013],[81.506,22.008],[81.553,22.006],[81.73,21.943],[81.807,21.942],[81.899,21.874],[81.943,21.815],[82.038,21.884],[82.126,21.834],[82.19,21.836],[82.193,21.773],[82.291,21.751],[82.332,21.712],[82.44,21.738],[82.441,21.739],[82.383,21.763],[82.382,21.768],[82.37,21.81],[82.367,21.818],[82.364,21.824],[82.36,21.839],[82.329,21.868],[82.325,21.872],[82.337,22.103],[82.428,22.138],[82.456,22.176],[82.467,22.181],[82.46,22.196],[82.46,22.199],[82.462,22.213],[82.463,22.214],[82.46,22.216],[82.356,22.324],[82.286,22.287],[82.143,22.33],[82.183,22.407],[82.146,22.451],[82.178,22.556],[82.235,22.592],[82.244,22.656],[82.178,22.665],[82.154,22.739],[82.159,22.85],[82.224,22.94],[82.181,22.968],[82.178,23.04],[82.123,23.103],[81.946,23.077],[81.926,23.04],[81.948,22.957],[81.869,22.893],[81.777,22.873],[81.792,22.766],[81.73,22.676]]]},"properties":{"DISTRICT":"Bilaspur","ST_NM":"Chhattisgarh"}},
{"type":"Feature","geometry":{"type":"Polygon","coordinates":[[[76.73,31.585],[76.622,31.573],[76.614,31.419],[76.459,31.486],[76.472,31.424],[76.396,31.408],[76.442,31.322],[76.649,31.21],[76.733,31.24],[76.838,31.232],[76.928,31.302],[76.876,31.354],[76.881,31.412],[76.804,31.423],[76.798,31.476],[76.741,31.518],[76.73,31.585]]]},"properties":{"DISTRICT":"Bilaspur","ST_NM":"Himachal Pradesh"}},
{"type":"Feature","geometry":{"type":"Polygon","coordinates":[[[87.966,23.803],[87.895,23.836],[87.855,23.886],[87.876,24.016],[87.91,24.099],[87.901,24.146],[88.024,24.243],[88.015,24.314],[87.963,24.34],[87.979,24.415],[87.951,24.516],[87.892,24.564],[87.801,24.564],[87.803,24.384],[87.741,24.29],[87.647,24.251],[87.695,24.151],[87.585,24.163],[87.575,24.089],[87.502,24.117],[87.506,24.024],[87.444,23.98],[87.338,24.033],[87.238,24.026],[87.297,23.957],[87.298,23.892],[87.228,23.859],[87.141,23.87],[87.09,23.807],[87.164,23.746],[87.266,23.75],[87.417,23.684],[87.446,23.615],[87.593,23.595],[87.719,23.618],[87.808,23.56],[87.908,23.54],[87.956,23.624],[87.916,23.66],[87.966,23.803]]]},"properties":{"DISTRICT":"Birbhum","ST_NM":"West Bengal"}},
{"type":"Feature","geometry":{"type":"Polygon","coordinates":[[[93.876,24.552],[93.806,24.622],[93.774,24.737],[93.725,24.592],[93.732,24.499],[93.708,24.444],[93.809,24.389],[93.843,24.353],[93.852,24.309],[93.88,24.286],[93.854,24.311],[93.849,24.412],[93.884,24.488],[93.876,24.552]]]},"properties":{"DISTRICT":"Bishnupur","ST_NM":"Manipur"}},
{"type":"Feature","geometry":{"type":"Polygon","coordinates":[[[85.92,23.956],[85.839,23.83],[85.753,23.929],[85.647,23.933],[85.594,23.847],[85.622,23.779],[85.615,23.622],[85.665,23.611],[85.774,23.657],[85.816,23.563],[85.884,23.478],[85.944,23.457],[86.047,23.492],[86.043,23.585],[86.145,23.572],[86.161,23.506],[86.231,23.438],[86.358,23.466],[86.364,23.545],[86.445,23.622],[86.372,23.702],[86.214,23.709],[86.119,23.894],[85.957,23.901],[85.92,23.956]]]},"properties":{"DISTRICT":"Bokaro","ST_NM":"Jharkhand"}},
{"type":"Feature","geometry":{"type":"Polygon","coordinates":[[[90.854,26.523],[90.804,26.535],[90.723,26.481],[90.643,26.527],[90.552,26.434],[90.48,26.456],[90.41,26.434],[90.41,26.433],[90.429,26.36],[90.436,26.354],[90.474,26.272],[90.379,26.181],[90.656,26.241],[90.864,26.375],[90.82,26.476],[90.853,26.522],[90.854,26.523]]]},"properties":{"DISTRICT":"Bongaigaon","ST_NM":"Assam"}},
{"type":"Feature","geometry":{"type":"Polygon","coordinates":[[[78.621,28.039],[78.672,28.035],[78.728,27.961],[78.818,27.952],[78.965,27.851],[79.123,27.847],[79.212,27.739],[79.209,27.707],[79.35,27.652],[79.357,27.79],[79.46,27.849],[79.498,28.02],[79.499,28.108],[79.424,28.169],[79.336,28.154],[79.196,28.175],[79.118,28.204],[79.051,28.374],[79,28.385],[78.92,28.479],[78.871,28.481],[78.755,28.376],[78.639,28.333],[78.525,28.358],[78.494,28.415],[78.415,28.463],[78.38,28.468],[78.291,28.403],[78.322,28.289],[78.375,28.262],[78.411,28.197],[78.486,28.124],[78.55,28.063],[78.621,28.039]]]},"properties":{"DISTRICT":"Budaun","ST_NM":"Uttar Pradesh"}},
{"type":"Feature","geometry":{"type":"Polygon","coordinates":[[[78.209,28.615],[78.181,28.616],[78.169,28.617],[78.149,28.63],[78.128,28.622],[77.968,28.714],[77.902,28.659],[77.801,28.615],[77.716,28.552],[77.713,28.553],[77.689,28.552],[77.661,28.491],[77.658,28.487],[77.653,28.485],[77.649,28.485],[77.647,28.483],[77.639,28.478],[77.643,28.409],[77.697,28.348],[77.683,28.249],[77.75,28.174],[77.675,28.105],[77.676,28.103],[77.845,28.172],[77.92,28.094],[77.987,28.08],[78.05,28.13],[78.144,28.071],[78.352,28.149],[78.429,28.094],[78.486,28.124],[78.411,28.197],[78.375,28.262],[78.322,28.289],[78.291,28.403],[78.305,28.459],[78.22,28.5],[78.216,28.6],[78.209,28.615]]]},"properties":{"DISTRICT":"Bulandshahr","ST_NM":"Uttar Pradesh"}},
{"type":"Feature","geometry":{"type":"Polygon","coordinates":[[[76.784,21.189],[76.724,21.289],[76.663,21.28],[76.625,21.191],[76.492,21.196],[76.454,21.113],[76.384,21.078],[76.383,20.978],[76.281,20.958],[76.226,21.012],[76.159,21],[76.092,20.943],[76.115,20.893],[75.998,20.778],[76.011,20.643],[76.04,20.555],[75.944,20.504],[75.954,20.39],[75.927,20.323],[76.031,20.288],[76.083,20.365],[76.161,20.298],[76.097,20.097],[76.025,20.023],[76.043,19.95],[76.1,19.856],[76.175,19.849],[76.353,19.894],[76.368,19.926],[76.493,19.917],[76.533,19.85],[76.647,19.866],[76.612,19.89],[76.66,19.976],[76.671,20.126],[76.759,20.131],[76.822,20.28],[76.7,20.353],[76.727,20.407],[76.694,20.458],[76.717,20.514],[76.77,20.513],[76.789,20.592],[76.74,20.665],[76.771,20.787],[76.747,20.928],[76.785,20.929],[76.784,21.189]]]},"properties":{"DISTRICT":"Buldana","ST_NM":"Maharashtra"}},
{"type":"Feature","geometry":{"type":"Polygon","coordinates":[[[75.453,25.026],[75.614,25.017],[75.624,24.996],[75.696,25.03],[75.758,25.111],[75.736,25.166],[75.794,25.258],[75.902,25.234],[75.981,25.24],[76.025,25.314],[76.113,25.329],[76.209,25.484],[76.275,25.511],[76.301,25.632],[76.288,25.69],[76.191,25.705],[76.157,25.762],[76.061,25.86],[75.894,25.869],[75.773,25.822],[75.761,25.756],[75.695,25.76],[75.632,25.709],[75.564,25.697],[75.511,25.736],[75.464,25.718],[75.424,25.686],[75.435,25.621],[75.361,25.534],[75.374,25.502],[75.308,25.42],[75.345,25.323],[75.441,25.275],[75.447,25.14],[75.408,25.104],[75.453,25.026]]]},"properties":{"DISTRICT":"Bundi","ST_NM":"Rajasthan"}},
{"type":"Feature","geometry":{"type":"Polygon","coordinates":[[[76.782,21.56],[76.618,21.573],[76.507,21.563],[76.44,21.594],[76.361,21.568],[76.249,21.581],[76.157,21.549],[76.079,21.572],[75.963,21.548],[76.005,21.481],[75.992,21.374],[76.099,21.372],[76.16,21.257],[76.184,21.088],[76.384,21.078],[76.454,21.113],[76.492,21.196],[76.625,21.191],[76.663,21.28],[76.628,21.328],[76.734,21.407],[76.794,21.488],[76.782,21.56]]]},"properties":{"DISTRICT":"Burhanpur","ST_NM":"Madhya Pradesh"}},
{"type":"Feature","geometry":{"type":"Polygon","coordinates":[[[83.929,25.56],[83.77,25.386],[83.815,25.36],[83.832,25.346],[83.9,25.293],[83.906,25.294],[83.99,25.264],[84.06,25.307],[84.046,25.374],[84.275,25.36],[84.285,25.362],[84.295,25.389],[84.323,25.432],[84.363,25.472],[84.332,25.517],[84.352,25.608],[84.329,25.655],[84.362,25.684],[84.364,25.699],[84.376,25.717],[84.39,25.733],[84.334,25.735],[84.327,25.67],[84.225,25.662],[84.176,25.72],[84.078,25.694],[84.085,25.636],[83.929,25.56]]]},"properties":{"DISTRICT":"Buxar","ST_NM":"Bihar"}},
{"type":"Feature","geometry":{"type":"Polygon","coordinates":[[[93,24.4],[93.031,24.426],[93.052,24.541],[93.106,24.58],[93.088,24.706],[93.112,24.799],[93.192,24.803],[93.214,24.858],[93.252,24.972],[93.171,24.997],[93.072,24.997],[93.019,25.095],[92.841,25.053],[92.757,25.139],[92.702,25.109],[92.543,25.097],[92.485,25.106],[92.438,25.032],[92.499,24.874],[92.589,24.862],[92.68,24.813],[92.656,24.736],[92.67,24.591],[92.764,24.567],[92.765,24.518],[92.803,24.419],[92.896,24.391],[93,24.4]]]},"properties":{"DISTRICT":"Cachar","ST_NM":"Assam"}},
{"type":"Feature","geometry":{"type":"Polygon","coordinates":[[[77.26,28.623],[77.253,28.654],[77.186,28.658],[77.183,28.648],[77.187,28.626],[77.26,28.623]]]},"properties":{"DISTRICT":"Central","ST_NM":"NCT of Delhi"}},
{"type":"Feature","geometry":{"type":"Polygon","coordinates":[[[76.748,33.179],[76.645,33.162],[76.565,33.209],[76.487,33.18],[76.402,33.183],[76.292,33.104],[76.255,33.032],[76.111,33.003],[76.034,32.918],[75.951,32.884],[75.884,32.931],[75.825,32.93],[75.825,32.854],[75.929,32.757],[75.94,32.644],[75.889,32.576],[75.871,32.499],[75.927,32.409],[76.02,32.338],[76.017,32.291],[76.181,32.245],[76.16,32.318],[76.223,32.396],[76.295,32.34],[76.356,32.327],[76.425,32.264],[76.59,32.221],[76.673,32.179],[76.773,32.227],[76.787,32.406],[76.865,32.461],[76.866,32.533],[76.649,32.58],[76.594,32.642],[76.426,32.688],[76.377,32.82],[76.547,32.813],[76.612,32.854],[76.685,32.854],[76.763,32.93],[76.773,33.01],[76.738,33.075],[76.748,33.179]]]},"properties":{"DISTRICT":"Chamba","ST_NM":"Himachal Pradesh"}},
{"type":"Feature","geometry":{"type":"Polygon","coordinates":[[[79.47,29.983],[79.618,30.019],[79.776,30.003],[79.788,30.077],[79.766,30.138],[79.873,30.268],[79.994,30.314],[80.037,30.44],[79.997,30.538],[80.042,30.601],[79.981,30.705],[80.102,30.786],[80.059,30.838],[79.93,30.887],[79.867,30.975],[79.753,31.001],[79.605,30.937],[79.548,30.968],[79.517,31.034],[79.331,31.028],[79.23,30.808],[79.291,30.752],[79.281,30.727],[79.279,30.726],[79.29,30.723],[79.296,30.72],[79.3,30.717],[79.308,30.675],[79.357,30.628],[79.264,30.568],[79.169,30.437],[79.159,30.332],[79.08,30.22],[79.142,30.166],[79.136,30.122],[79.203,30.066],[79.228,29.978],[79.326,29.929],[79.43,29.937],[79.47,29.983]]]},"properties":{"DISTRICT":"Chamoli","ST_NM":"Uttarakhand"}},
{"type":"Feature","geometry":{"type":"Polygon","coordinates":[[[79.852,29.434],[79.858,29.314],[79.925,29.209],[79.879,29.158],[79.971,29.121],[79.97,29.053],[80.163,29.114],[80.272,29.143],[80.253,29.217],[80.298,29.235],[80.317,29.323],[80.247,29.443],[80.146,29.473],[80.072,29.521],[79.961,29.475],[79.887,29.482],[79.852,29.434]]]},"properties":{"DISTRICT":"Champawat","ST_NM":"Uttarakhand"}},
{"type":"Feature","geometry":{"type":"Polygon","coordinates":[[[93.045,23.411],[93.047,23.315],[93.015,23.274],[93.051,23.213],[93.165,23.179],[93.197,23.055],[93.251,23.003],[93.3,23.005],[93.356,23.074],[93.392,23.22],[93.377,23.329],[93.405,23.504],[93.431,23.578],[93.397,23.82],[93.397,23.926],[93.336,23.979],[93.336,24.05],[93.207,24.048],[93.171,23.94],[93.15,23.81],[93.044,23.766],[93.057,23.556],[93.045,23.411]]]},"properties":{"DISTRICT":"Champhai","ST_NM":"Mizoram"}},
{"type":"Feature","geometry":{"type":"Polygon","coordinates":[[[77.323,12.307],[77.166,12.309],[77.113,12.242],[77.134,12.209],[76.987,12.14],[76.947,12.098],[76.875,12.116],[76.872,12.056],[76.824,12.01],[76.584,11.982],[76.577,11.921],[76.492,11.821],[76.415,11.76],[76.431,11.666],[76.512,11.705],[76.562,11.62],[76.617,11.608],[76.761,11.614],[76.847,11.582],[76.839,11.657],[76.909,11.791],[77.014,11.811],[77.086,11.732],[77.113,11.771],[77.252,11.811],[77.442,11.781],[77.501,11.939],[77.676,11.949],[77.701,12.019],[77.778,12.119],[77.751,12.153],[77.737,12.177],[77.615,12.204],[77.522,12.193],[77.473,12.245],[77.436,12.282],[77.323,12.307]]]},"properties":{"DISTRICT":"Chamrajnagar","ST_NM":"Karnataka"}},
{"type":"Feature","geometry":{"type":"Polygon","coordinates":[[[83.543,25.313],[83.505,25.406],[83.414,25.487],[83.34,25.463],[83.289,25.504],[83.18,25.51],[83.131,25.444],[83.191,25.419],[83.176,25.353],[83.09,25.33],[83.034,25.241],[83.128,25.187],[83.123,25.056],[83.065,25.065],[83.067,24.929],[83.108,24.817],[83.103,24.768],[83.187,24.715],[83.289,24.729],[83.395,24.783],[83.328,25.014],[83.358,25.197],[83.418,25.247],[83.469,25.25],[83.543,25.313]]]},"properties":{"DISTRICT":"Chandauli","ST_NM":"Uttar Pradesh"}},
{"type":"Feature","geometry":{"type":"Polygon","coordinates":[[[94.203,24.626],[94.15,24.618],[94.089,24.518],[93.986,24.468],[93.963,24.405],[93.88,24.286],[93.88,24.225],[93.781,24.138],[93.744,24.004],[93.806,23.928],[93.894,23.95],[94.015,23.928],[94.159,23.847],[94.167,23.923],[94.243,24.038],[94.26,24.162],[94.405,24.425],[94.407,24.483],[94.286,24.601],[94.203,24.626]]]},"properties":{"DISTRICT":"Chandel","ST_NM":"Manipur"}},
{"type":"Feature","geometry":{"type":"Polygon","coordinates":[[[76.841,30.76],[76.773,30.795],[76.704,30.756],[76.728,30.71],[76.833,30.682],[76.841,30.76]]]},"properties":{"DISTRICT":"Chandigarh","ST_NM":"Chandigarh"}},
{"type":"Feature","geometry":{"type":"Polygon","coordinates":[[[79.792,19.596],[79.787,19.717],[79.744,19.823],[79.806,19.9],[79.781,20],[79.849,20.032],[79.871,19.984],[79.951,19.985],[79.992,20.045],[79.965,20.121],[79.914,20.141],[79.992,20.238],[79.945,20.294],[79.974,20.361],[79.941,20.447],[79.928,20.552],[79.933,20.667],[79.879,20.685],[79.753,20.686],[79.693,20.669],[79.509,20.704],[79.407,20.656],[79.376,20.677],[79.322,20.583],[79.225,20.582],[79.131,20.454],[79.024,20.478],[78.951,20.428],[78.899,20.437],[78.819,20.387],[78.802,20.298],[78.827,20.247],[78.922,20.237],[78.955,20.168],[79.071,20.064],[79.115,19.988],[79.095,19.915],[79.133,19.863],[79.029,19.801],[78.959,19.803],[78.952,19.753],[78.85,19.76],[78.864,19.658],[78.975,19.651],[78.983,19.581],[79.024,19.542],[79.109,19.53],[79.195,19.461],[79.243,19.529],[79.261,19.613],[79.477,19.5],[79.549,19.551],[79.792,19.596]]]},"properties":{"DISTRICT":"Chandrapur","ST_NM":"Maharashtra"}},
{"type":"Feature","geometry":{"type":"Polygon","coordinates":[[[96.704,27.66],[96.644,27.627],[96.57,27.656],[96.523,27.636],[96.376,27.645],[96.293,27.555],[96.129,27.619],[96.002,27.559],[95.882,27.547],[95.883,27.437],[95.974,27.43],[96.015,27.368],[95.963,27.31],[95.685,27.251],[95.637,27.23],[95.672,27.178],[95.632,27.026],[95.685,26.984],[95.681,26.898],[95.755,26.901],[95.76,26.957],[95.815,27.015],[95.877,27.013],[95.957,27.061],[96.036,27.189],[96.234,27.277],[96.433,27.302],[96.53,27.289],[96.62,27.364],[96.802,27.345],[96.884,27.258],[96.865,27.19],[96.983,27.156],[97.061,27.101],[97.17,27.126],[97.093,27.238],[97.002,27.32],[96.965,27.406],[96.911,27.453],[96.937,27.521],[96.9,27.615],[96.704,27.66]]]},"properties":{"DISTRICT":"Changlang","ST_NM":"Arunanchal Pradesh"}},
{"type":"Feature","geometry":{"type":"Polygon","coordinates":[[[85.088,24.381],[85.039,24.425],[84.976,24.376],[84.911,24.372],[84.827,24.525],[84.686,24.456],[84.666,24.394],[84.58,24.412],[84.501,24.287],[84.473,24.21],[84.528,24.191],[84.575,24.07],[84.586,23.986],[84.632,23.981],[84.71,24.039],[84.759,23.967],[84.923,23.951],[84.95,23.874],[84.941,23.727],[84.964,23.714],[85.018,23.687],[85.036,23.69],[85.054,23.714],[85.037,23.987],[85.188,23.949],[85.251,24.03],[85.241,24.078],[85.175,24.109],[85.14,24.21],[85.16,24.241],[85.29,24.21],[85.293,24.211],[85.343,24.313],[85.299,24.346],[85.11,24.34],[85.088,24.381]]]},"properties":{"DISTRICT":"Chatra","ST_NM":"Jharkhand"}},
{"type":"Feature","geometry":{"type":"Polygon","coordinates":[[[80.273,12.995],[80.303,13.141],[80.228,13.126],[80.204,13.028],[80.273,12.995]]]},"properties":{"DISTRICT":"Chennai","ST_NM":"Tamil Nadu"}},
{"type":"Feature","geometry":{"type":"Polygon","coordinates":[[[80.29,25.056],[80.356,25.126],[80.432,25.17],[80.41,25.217],[80.32,25.278],[80.317,25.387],[80.197,25.402],[80.104,25.347],[80.029,25.339],[80.005,25.266],[79.853,25.232],[79.868,25.152],[79.835,25.096],[79.747,25.138],[79.674,25.123],[79.558,25.165],[79.497,25.078],[79.397,25.116],[79.391,25.166],[79.442,25.237],[79.341,25.328],[79.284,25.322],[79.286,25.206],[79.321,25.146],[79.348,24.892],[79.308,24.791],[79.297,24.675],[79.208,24.648],[79.181,24.61],[79.092,24.63],[79.016,24.513],[78.989,24.443],[78.994,24.419],[79.073,24.403],[79.168,24.43],[79.239,24.416],[79.233,24.339],[79.173,24.277],[79.05,24.223],[79.076,24.129],[79.146,24.101],[79.225,24.14],[79.327,24.146],[79.387,24.238],[79.411,24.348],[79.478,24.388],[79.757,24.413],[79.797,24.373],[79.884,24.374],[79.868,24.507],[79.888,24.57],[79.844,24.597],[79.897,24.693],[79.96,24.657],[79.998,24.723],[80.093,24.823],[80.035,24.922],[80.15,24.936],[80.275,25.026],[80.29,25.056]]]},"properties":{"DISTRICT":"Chhatarpur","ST_NM":"Madhya Pradesh"}},
{"type":"Feature","geometry":{"type":"Polygon","coordinates":[[[78.435,21.5],[78.514,21.527],[78.626,21.476],[78.729,21.463],[78.766,21.488],[78.937,21.486],[78.918,21.562],[78.98,21.616],[79.11,21.608],[79.154,21.659],[79.222,21.649],[79.234,21.721],[79.277,21.773],[79.277,21.831],[79.409,22.04],[79.343,22.159],[79.364,22.264],[79.288,22.323],[79.342,22.483],[79.326,22.616],[79.245,22.721],[79.241,22.799],[79.045,22.759],[79.011,22.629],[78.945,22.627],[78.917,22.668],[78.841,22.683],[78.784,22.629],[78.69,22.654],[78.68,22.699],[78.618,22.655],[78.523,22.664],[78.501,22.593],[78.548,22.532],[78.554,22.454],[78.483,22.384],[78.321,22.424],[78.273,22.402],[78.252,22.327],[78.28,22.089],[78.52,21.93],[78.547,21.867],[78.47,21.815],[78.458,21.718],[78.342,21.589],[78.418,21.576],[78.435,21.5]]]},"properties":{"DISTRICT":"Chhindwara","ST_NM":"Madhya Pradesh"}},
{"type":"Feature","geometry":{"type":"Polygon","coordinates":[[[77.457,13.683],[77.384,13.66],[77.363,13.613],[77.387,13.5],[77.506,13.456],[77.663,13.379],[77.7,13.335],[77.754,13.361],[77.828,13.326],[77.811,13.261],[77.926,13.238],[77.989,13.307],[78.024,13.288],[78.118,13.299],[78.129,13.4],[78.208,13.481],[78.2,13.566],[78.203,13.625],[78.155,13.659],[78.089,13.659],[78.127,13.786],[78.115,13.862],[78.05,13.895],[77.92,13.905],[77.871,13.935],[77.836,13.869],[77.737,13.81],[77.622,13.768],[77.457,13.683]]]},"properties":{"DISTRICT":"Chikkaballapura","ST_NM":"Karnataka"}},
{"type":"Feature","geometry":{"type":"Polygon","coordinates":[[[76.354,13.578],[76.28,13.605],[76.221,13.711],[76.152,13.73],[76.099,13.864],[76.034,13.896],[75.944,13.813],[75.88,13.81],[75.825,13.817],[75.733,13.769],[75.609,13.761],[75.536,13.731],[75.489,13.76],[75.395,13.7],[75.407,13.632],[75.342,13.587],[75.244,13.606],[75.224,13.528],[75.14,13.463],[75.151,13.421],[75.113,13.358],[75.176,13.202],[75.2,13.179],[75.254,13.129],[75.311,13.132],[75.377,13.181],[75.526,13.048],[75.516,12.981],[75.557,12.915],[75.598,12.944],[75.646,13.032],[75.74,13.031],[75.73,13.181],[75.836,13.25],[76.044,13.272],[76.056,13.379],[76.141,13.407],[76.162,13.47],[76.231,13.467],[76.364,13.546],[76.354,13.578]]]},"properties":{"DISTRICT":"Chikmagalur","ST_NM":"Karnataka"}},
{"type":"Feature","geometry":{"type":"Polygon","coordinates":[[[90.959,26.783],[90.705,26.768],[90.565,26.801],[90.425,26.899],[90.421,26.711],[90.355,26.608],[90.396,26.478],[90.4,26.476],[90.409,26.435],[90.41,26.434],[90.48,26.456],[90.552,26.434],[90.643,26.527],[90.723,26.481],[90.804,26.535],[90.854,26.523],[90.855,26.525],[90.832,26.541],[90.832,26.556],[90.824,26.56],[90.903,26.64],[90.917,26.726],[90.959,26.783]]]},"properties":{"DISTRICT":"Chirang","ST_NM":"Assam"}},
{"type":"Feature","geometry":{"type":"Polygon","coordinates":[[[77.025,14.179],[77.01,14.238],[76.943,14.246],[76.948,14.311],[76.904,14.325],[76.888,14.396],[76.978,14.484],[76.869,14.48],[76.804,14.533],[76.765,14.602],[76.775,14.679],[76.838,14.79],[76.869,14.969],[76.761,14.988],[76.718,14.973],[76.679,14.892],[76.702,14.816],[76.612,14.687],[76.6,14.622],[76.508,14.564],[76.46,14.501],[76.46,14.451],[76.384,14.42],[76.279,14.406],[76.205,14.457],[76.152,14.406],[76.157,14.32],[76.132,14.255],[76.062,14.22],[76.034,13.896],[76.099,13.864],[76.152,13.73],[76.221,13.711],[76.28,13.605],[76.354,13.578],[76.411,13.579],[76.512,13.629],[76.573,13.713],[76.66,13.721],[76.767,13.836],[76.723,13.895],[76.815,13.916],[76.892,14.047],[76.952,14.092],[76.897,14.165],[77.025,14.179]]]},"properties":{"DISTRICT":"Chitradurga","ST_NM":"Karnataka"}},
{"type":"Feature","geometry":{"type":"Polygon","coordinates":[[[81.55,25.29],[81.46,25.259],[81.389,25.272],[81.387,25.335],[81.25,25.355],[81.151,25.397],[81.193,25.452],[81.191,25.488],[81.022,25.544],[81.027,25.504],[80.944,25.469],[80.864,25.374],[80.78,25.33],[80.767,25.205],[80.689,25.131],[80.723,25.064],[80.759,25.138],[80.827,25.127],[80.879,25.067],[80.865,24.932],[81.085,24.949],[81.125,24.898],[81.27,25.065],[81.277,25.162],[81.358,25.164],[81.492,25.072],[81.5,25.145],[81.542,25.185],[81.546,25.189],[81.527,25.194],[81.521,25.194],[81.522,25.222],[81.526,25.235],[81.564,25.239],[81.558,25.25],[81.556,25.258],[81.555,25.264],[81.554,25.271],[81.549,25.287],[81.55,25.29]]]},"properties":{"DISTRICT":"Chitrakoot","ST_NM":"Uttar Pradesh"}},
{"type":"Feature","geometry":{"type":"MultiPolygon","coordinates":[[[[74.259,25.065],[74.271,24.992],[74.2,24.979],[74.188,24.93],[74.122,24.852],[74.119,24.739],[74.173,24.716],[74.224,24.616],[74.279,24.565],[74.209,24.461],[74.334,24.493],[74.366,24.41],[74.353,24.337],[74.387,24.311],[74.398,24.303],[74.415,24.292],[74.417,24.245],[74.468,24.222],[74.521,24.315],[74.543,24.479],[74.611,24.475],[74.673,24.488],[74.691,24.492],[74.707,24.501],[74.714,24.506],[74.713,24.506],[74.777,24.683],[74.82,24.762],[74.874,24.666],[74.945,24.659],[75.001,24.705],[75.014,24.79],[74.86,24.81],[74.828,24.896],[74.869,24.934],[74.946,24.875],[75.045,24.856],[75.121,24.885],[75.122,24.972],[75.197,25.034],[75.205,25.089],[75.035,25.126],[74.974,25.105],[74.869,25.177],[74.837,25.146],[74.749,25.187],[74.658,25.183],[74.613,25.143],[74.497,25.206],[74.415,25.202],[74.259,25.065]]],[[[75.353,25.021],[75.303,24.812],[75.244,24.857],[75.194,24.785],[75.23,24.731],[75.454,24.689],[75.551,24.712],[75.616,24.684],[75.745,24.756],[75.789,24.761],[75.822,24.867],[75.761,24.876],[75.624,24.996],[75.614,25.017],[75.453,25.026],[75.353,25.021]]]]},"properties":{"DISTRICT":"Chittaurgarh","ST_NM":"Rajasthan"}},
{"type":"Feature","geometry":{"type":"Polygon","coordinates":[[[78.127,13.786],[78.089,13.659],[78.155,13.659],[78.203,13.625],[78.2,13.566],[78.39,13.591],[78.381,13.401],[78.365,13.365],[78.512,13.287],[78.578,13.282],[78.564,13.2],[78.52,13.13],[78.516,13.063],[78.463,13.042],[78.469,12.974],[78.356,12.938],[78.314,12.857],[78.252,12.857],[78.232,12.763],[78.239,12.699],[78.38,12.622],[78.409,12.624],[78.469,12.673],[78.564,12.708],[78.636,12.925],[78.632,12.985],[78.812,13.086],[78.958,13.075],[78.994,13.088],[79.165,13.019],[79.239,13.146],[79.286,13.133],[79.433,13.197],[79.429,13.334],[79.548,13.323],[79.578,13.262],[79.681,13.294],[79.684,13.248],[79.813,13.317],[79.938,13.349],[79.974,13.464],[80.042,13.537],[80.047,13.575],[79.961,13.666],[79.949,13.708],[79.872,13.708],[79.847,13.854],[79.772,13.849],[79.682,13.923],[79.635,13.843],[79.589,13.919],[79.444,13.889],[79.46,13.801],[79.419,13.761],[79.311,13.723],[79.227,13.757],[79.213,13.814],[79.151,13.86],[79.028,13.888],[78.883,13.897],[78.8,13.879],[78.588,13.911],[78.599,13.958],[78.546,13.99],[78.466,13.994],[78.388,13.941],[78.277,13.892],[78.23,13.78],[78.127,13.786]]]},"properties":{"DISTRICT":"Chittoor","ST_NM":"Andhra Pradesh"}},
{"type":"Feature","geometry":{"type":"Polygon","coordinates":[[[93.207,24.048],[93.336,24.05],[93.414,24.075],[93.47,23.966],[93.607,23.969],[93.614,24.006],[93.744,24.004],[93.781,24.138],[93.88,24.225],[93.88,24.286],[93.852,24.309],[93.843,24.353],[93.809,24.389],[93.708,24.444],[93.732,24.499],[93.725,24.592],[93.7,24.612],[93.571,24.591],[93.493,24.55],[93.348,24.574],[93.288,24.566],[93.235,24.51],[93.191,24.55],[93.106,24.58],[93.052,24.541],[93.031,24.426],[93,24.4],[93.034,24.315],[93.023,24.214],[92.985,24.126],[93.128,24.061],[93.207,24.048]]]},"properties":{"DISTRICT":"Churachandpur","ST_NM":"Manipur"}},
{"type":"Feature","geometry":{"type":"Polygon","coordinates":[[[75.478,28.935],[75.359,28.964],[75.22,28.857],[75.101,28.873],[74.999,28.915],[74.919,28.898],[74.899,28.935],[74.811,28.932],[74.742,28.855],[74.694,28.838],[74.49,28.82],[74.419,28.885],[74.278,28.8],[74.196,28.809],[74.161,28.777],[74.194,28.711],[74.1,28.679],[74.108,28.589],[74.061,28.529],[74.065,28.335],[74.191,28.328],[74.236,28.251],[74.325,28.255],[74.359,28.209],[74.299,28.146],[74.297,28.052],[74.242,27.999],[74.228,27.817],[74.099,27.782],[74.064,27.73],[73.996,27.804],[73.869,27.779],[73.878,27.539],[73.902,27.496],[74.03,27.535],[74.082,27.479],[74.205,27.424],[74.206,27.506],[74.257,27.602],[74.344,27.679],[74.442,27.692],[74.496,27.666],[74.681,27.667],[74.741,27.764],[74.817,27.8],[74.781,27.956],[74.808,28.058],[74.893,28.192],[75.03,28.198],[75.05,28.253],[75.149,28.292],[75.152,28.379],[75.218,28.39],[75.279,28.45],[75.383,28.338],[75.502,28.337],[75.572,28.378],[75.616,28.505],[75.672,28.517],[75.618,28.602],[75.564,28.611],[75.539,28.729],[75.507,28.784],[75.478,28.935]]]},"properties":{"DISTRICT":"Churu","ST_NM":"Rajasthan"}},
{"type":"Feature","geometry":{"type":"Polygon","coordinates":[[[77.14,11.335],[77.049,11.4],[76.964,11.383],[76.851,11.338],[76.707,11.239],[76.696,11.165],[76.751,11.118],[76.658,10.937],[76.743,10.889],[76.829,10.87],[76.909,10.779],[76.884,10.638],[76.842,10.593],[76.83,10.447],[76.839,10.338],[76.832,10.303],[76.905,10.251],[76.995,10.228],[77.095,10.308],[77.055,10.417],[77.081,10.57],[77.151,10.583],[77.174,10.63],[77.138,10.741],[77.165,10.8],[77.241,10.775],[77.289,10.849],[77.175,10.923],[77.153,10.989],[77.163,11.065],[77.213,11.125],[77.142,11.214],[77.165,11.272],[77.144,11.334],[77.14,11.335]]]},"properties":{"DISTRICT":"Coimbatore","ST_NM":"Tamil Nadu"}},
{"type":"Feature","geometry":{"type":"MultiPolygon","coordinates":[[[[79.695,11.885],[79.693,11.884],[79.688,11.884],[79.69,11.882],[79.69,11.867],[79.695,11.859],[79.696,11.843],[79.703,11.831],[79.689,11.828],[79.691,11.82],[79.687,11.821],[79.683,11.812],[79.688,11.812],[79.691,11.807],[79.675,11.806],[79.636,11.8],[79.587,11.841],[79.456,11.87],[79.433,11.733],[79.383,11.679],[79.297,11.634],[79.211,11.634],[79.185,11.586],[79.018,11.604],[78.923,11.565],[78.876,11.505],[78.965,11.401],[79.108,11.401],[79.17,11.377],[79.258,11.388],[79.259,11.388],[79.37,11.419],[79.435,11.34],[79.437,11.34],[79.499,11.304],[79.498,11.257],[79.496,11.248],[79.505,11.203],[79.461,11.154],[79.525,11.182],[79.599,11.217],[79.644,11.283],[79.814,11.421],[79.763,11.538],[79.759,11.613],[79.793,11.756],[79.784,11.784],[79.781,11.78],[79.763,11.79],[79.762,11.79],[79.757,11.778],[79.714,11.794],[79.723,11.802],[79.725,11.805],[79.727,11.809],[79.732,11.824],[79.73,11.838],[79.755,11.838],[79.764,11.831],[79.796,11.827],[79.793,11.833],[79.798,11.837],[79.781,11.848],[79.776,11.838],[79.773,11.837],[79.767,11.839],[79.763,11.847],[79.766,11.85],[79.769,11.857],[79.766,11.873],[79.759,11.874],[79.759,11.868],[79.754,11.849],[79.743,11.847],[79.722,11.861],[79.719,11.853],[79.713,11.867],[79.709,11.868],[79.706,11.888],[79.695,11.885]]],[[[79.774,11.903],[79.772,11.887],[79.78,11.878],[79.78,11.868],[79.79,11.876],[79.798,11.897],[79.79,11.895],[79.784,11.898],[79.774,11.903]]]]},"properties":{"DISTRICT":"Cuddalore","ST_NM":"Tamil Nadu"}},
{"type":"Feature","geometry":{"type":"Polygon","coordinates":[[[78.466,13.994],[78.546,13.99],[78.599,13.958],[78.588,13.911],[78.8,13.879],[78.883,13.897],[79.028,13.888],[79.151,13.86],[79.213,13.814],[79.227,13.757],[79.311,13.723],[79.419,13.761],[79.46,13.801],[79.444,13.889],[79.459,13.945],[79.434,14.019],[79.442,14.121],[79.414,14.296],[79.29,14.485],[79.236,14.588],[79.183,14.614],[79.177,14.714],[79.072,14.971],[79.076,15.055],[79.068,15.176],[78.962,15.18],[78.823,15.208],[78.77,15.186],[78.763,15.038],[78.719,14.965],[78.636,14.923],[78.552,14.933],[78.515,14.968],[78.529,15.032],[78.43,15.034],[78.413,14.964],[78.296,15.073],[78.227,14.948],[78.144,14.945],[78.117,14.856],[78.056,14.777],[78.117,14.694],[78.047,14.539],[77.997,14.501],[78.151,14.374],[78.246,14.315],[78.426,14.279],[78.41,14.208],[78.465,14.113],[78.443,14.023],[78.466,13.994]]]},"properties":{"DISTRICT":"Y.s.r.","ST_NM":"Andhra Pradesh"}},
{"type":"Feature","geometry":{"type":"Polygon","coordinates":[[[84.852,20.528],[84.946,20.492],[85.16,20.378],[85.342,20.357],[85.335,20.28],[85.45,20.263],[85.525,20.304],[85.627,20.292],[85.716,20.399],[85.802,20.434],[85.827,20.393],[85.802,20.325],[85.917,20.346],[85.934,20.273],[86.008,20.224],[86.083,20.106],[86.154,20.042],[86.189,20.053],[86.157,20.094],[86.156,20.211],[86.079,20.246],[86.015,20.381],[86.137,20.357],[86.255,20.367],[86.28,20.425],[86.284,20.584],[86.189,20.624],[86.048,20.599],[85.958,20.684],[85.912,20.698],[85.888,20.659],[85.719,20.636],[85.659,20.55],[85.59,20.512],[85.512,20.535],[85.458,20.485],[85.252,20.518],[85.196,20.583],[85.13,20.615],[85.077,20.581],[84.898,20.58],[84.852,20.528]]]},"properties":{"DISTRICT":"Cuttack","ST_NM":"Odisha"}},
{"type":"Feature","geometry":{"type":"Polygon","coordinates":[[[73.207,20.122],[73.171,20.203],[73.11,20.159],[73.092,20.229],[73.167,20.312],[73.045,20.326],[73.036,20.293],[72.935,20.294],[72.96,20.213],[72.994,20.118],[73.153,20.073],[73.207,20.122]]]},"properties":{"DISTRICT":"Dadra & Nagar Haveli","ST_NM":"Dadara & Nagar Havelli"}},
{"type":"Feature","geometry":{"type":"Polygon","coordinates":[[[81.356,19.325],[81.238,19.323],[81.222,19.288],[81.128,19.257],[81.131,19.251],[81.132,19.247],[81.128,19.213],[81.146,19.183],[81.206,19.188],[81.234,18.967],[81.189,18.816],[81.2,18.749],[81.163,18.691],[81.171,18.59],[81.154,18.53],[81.074,18.546],[81.028,18.524],[80.937,18.363],[81.042,18.34],[81.052,18.264],[81.09,18.217],[81.032,18.156],[80.982,18.165],[80.957,18.13],[81.013,17.845],[81.082,17.794],[81.168,17.86],[81.263,17.82],[81.394,17.814],[81.404,17.895],[81.485,17.981],[81.482,18.036],[81.531,18.164],[81.536,18.266],[81.666,18.346],[81.753,18.353],[81.77,18.418],[81.955,18.566],[81.969,18.693],[81.943,18.768],[81.849,18.737],[81.773,18.756],[81.756,18.811],[81.662,18.798],[81.479,18.942],[81.471,19.004],[81.523,19.016],[81.493,19.084],[81.502,19.204],[81.45,19.189],[81.354,19.225],[81.358,19.323],[81.356,19.325]]]},"properties":{"DISTRICT":"Dakshin Bastar Dantewada","ST_NM":"Chhattisgarh"}},
{"type":"Feature","geometry":{"type":"Polygon","coordinates":[[[88.185,25.286],[88.192,25.275],[88.22,25.307],[88.431,25.303],[88.464,25.263],[88.444,25.197],[88.487,25.214],[88.568,25.175],[88.687,25.21],[88.809,25.174],[88.848,25.21],[88.92,25.166],[89.005,25.3],[88.889,25.327],[88.847,25.366],[88.836,25.481],[88.769,25.497],[88.648,25.483],[88.554,25.516],[88.461,25.593],[88.33,25.55],[88.256,25.487],[88.267,25.425],[88.185,25.286]]]},"properties":{"DISTRICT":"Dakshin Dinajpur","ST_NM":"West Bengal"}},
{"type":"Feature","geometry":{"type":"Polygon","coordinates":[[[75.2,13.179],[75.13,13.135],[75.077,13.045],[75.014,12.984],[74.886,13.044],[74.89,13.096],[74.831,13.126],[74.788,13.097],[74.783,13.031],[74.807,12.895],[74.863,12.758],[75.005,12.79],[75.003,12.718],[75.048,12.664],[75.113,12.68],[75.202,12.63],[75.215,12.578],[75.272,12.558],[75.306,12.502],[75.417,12.502],[75.618,12.51],[75.673,12.555],[75.649,12.666],[75.673,12.7],[75.614,12.798],[75.623,12.857],[75.557,12.915],[75.516,12.981],[75.526,13.048],[75.377,13.181],[75.311,13.132],[75.254,13.129],[75.2,13.179]]]},"properties":{"DISTRICT":"Dakshina Kannada","ST_NM":"Karnataka"}},
{"type":"Feature","geometry":{"type":"Polygon","coordinates":[[[72.802,20.374],[72.881,20.37],[72.896,20.421],[72.845,20.475],[72.802,20.374]]]},"properties":{"DISTRICT":"Daman","ST_NM":"Daman & Diu"}},
{"type":"Feature","geometry":{"type":"Polygon","coordinates":[[[79.146,24.101],[79.182,24.008],[79.076,23.931],[79.113,23.88],[79.285,23.745],[79.298,23.573],[79.332,23.526],[79.286,23.477],[79.183,23.431],[79.193,23.363],[79.236,23.339],[79.19,23.22],[79.242,23.25],[79.301,23.228],[79.372,23.164],[79.512,23.265],[79.54,23.261],[79.695,23.356],[79.738,23.424],[79.851,23.505],[79.931,23.604],[79.952,23.664],[79.828,23.697],[79.82,23.74],[79.866,23.829],[79.839,23.933],[79.845,24.022],[79.762,24.073],[79.813,24.159],[79.859,24.299],[79.797,24.373],[79.757,24.413],[79.478,24.388],[79.411,24.348],[79.387,24.238],[79.327,24.146],[79.225,24.14],[79.146,24.101]]]},"properties":{"DISTRICT":"Damoh","ST_NM":"Madhya Pradesh"}},
{"type":"Feature","geometry":{"type":"Polygon","coordinates":[[[85.769,26.436],[85.71,26.446],[85.705,26.307],[85.727,26.201],[85.715,26.09],[85.719,26.047],[85.867,26.022],[85.874,25.985],[85.982,25.937],[86.04,25.947],[86.11,25.894],[86.212,25.888],[86.267,25.908],[86.311,25.867],[86.369,25.938],[86.377,26.044],[86.322,26.098],[86.322,26.158],[86.164,26.228],[86.056,26.213],[86.003,26.267],[85.914,26.307],[85.881,26.277],[85.815,26.317],[85.825,26.382],[85.769,26.436]]]},"properties":{"DISTRICT":"Darbhanga","ST_NM":"Bihar"}},
{"type":"Feature","geometry":{"type":"Polygon","coordinates":[[[88.759,27.148],[88.599,27.194],[88.528,27.178],[88.539,27.154],[88.439,27.081],[88.286,27.13],[88.096,27.138],[88.066,27.213],[88.017,27.216],[87.993,27.108],[88.046,27.038],[88.135,26.981],[88.172,26.868],[88.187,26.718],[88.112,26.539],[88.243,26.449],[88.345,26.497],[88.417,26.63],[88.405,26.673],[88.448,26.835],[88.669,26.926],[88.768,26.924],[88.818,26.99],[88.879,26.964],[88.877,27.109],[88.759,27.148]]]},"properties":{"DISTRICT":"Darjiling","ST_NM":"West Bengal"}},
{"type":"Feature","geometry":{"type":"Polygon","coordinates":[[[91.783,26.494],[91.781,26.491],[91.783,26.411],[91.821,26.379],[91.755,26.205],[91.762,26.2],[91.892,26.219],[91.956,26.254],[92.051,26.281],[92.086,26.337],[92.181,26.423],[92.223,26.417],[92.346,26.502],[92.364,26.586],[92.355,26.585],[92.27,26.592],[92.189,26.669],[92.076,26.629],[92.028,26.56],[91.936,26.574],[91.789,26.499],[91.785,26.496],[91.783,26.494]]]},"properties":{"DISTRICT":"Darrang","ST_NM":"Assam"}},
{"type":"Feature","geometry":{"type":"Polygon","coordinates":[[[75.392,34.543],[75.816,34.643],[76.047,34.674],[76.121,34.709],[76.252,34.831],[76.308,34.862],[76.375,34.833],[76.539,34.825],[76.847,34.833],[77.069,34.88],[77.109,34.962],[77.094,35.044],[77.045,35.074],[77.065,35.14],[77.249,35.135],[77.337,35.223],[77.481,35.478],[77.378,35.478],[77.378,35.55],[77.472,35.521],[77.438,35.641],[77.358,35.718],[77.225,35.715],[77.12,35.796],[77.033,35.776],[76.935,35.784],[76.804,35.85],[76.723,35.953],[76.801,36.049],[76.726,36.078],[76.697,36.136],[76.482,36.211],[76.432,36.308],[76.352,36.36],[76.255,36.348],[76.173,36.39],[76.069,36.478],[75.923,36.502],[75.748,36.588],[75.616,36.762],[75.479,36.807],[75.448,36.88],[75.345,37.003],[75.265,37.052],[75.136,36.957],[75.019,36.976],[74.914,36.909],[74.834,37.025],[74.728,37.026],[74.709,37.078],[74.534,36.986],[74.429,36.99],[74.261,36.887],[74.174,36.904],[74.146,36.847],[74.052,36.807],[73.879,36.894],[73.711,36.913],[73.727,36.833],[73.864,36.788],[73.901,36.707],[73.725,36.71],[73.701,36.685],[73.436,36.745],[73.315,36.706],[73.085,36.682],[73.112,36.61],[73.062,36.538],[72.877,36.438],[72.89,36.398],[72.779,36.31],[72.664,36.264],[72.597,36.264],[72.552,36.181],[72.574,36.151],[72.532,36.072],[72.596,36.027],[72.534,35.917],[72.691,35.833],[72.723,35.854],[72.902,35.882],[72.929,35.846],[73.038,35.855],[73.079,35.886],[73.153,35.843],[73.139,35.719],[73.273,35.63],[73.37,35.604],[73.407,35.564],[73.482,35.577],[73.558,35.556],[73.639,35.571],[73.786,35.524],[73.796,35.462],[73.739,35.428],[73.7,35.358],[73.727,35.278],[73.778,35.244],[73.917,35.212],[74.045,35.146],[74.102,35.146],[74.066,35.049],[74.074,34.941],[74.03,34.878],[73.897,34.822],[73.774,34.797],[73.67,34.69],[73.69,34.644],[73.619,34.586],[73.448,34.574],[73.4,34.359],[73.426,34.349],[73.493,34.22],[73.489,34.145],[73.515,34.007],[73.586,33.899],[73.558,33.784],[73.591,33.754],[73.563,33.676],[73.62,33.578],[73.559,33.368],[73.606,33.252],[73.658,33.205],[73.632,33.087],[73.689,33.088],[73.806,32.971],[73.823,33.006],[73.958,32.987],[74.055,32.912],[74.178,32.883],[74.3,32.824],[74.384,32.758],[74.451,32.784],[74.522,32.889],[74.494,32.946],[74.591,32.996],[74.542,33.063],[74.401,33.071],[74.355,33.108],[74.217,33.146],[74.173,33.205],[74.129,33.375],[74.074,33.437],[74.082,33.522],[73.921,33.562],[73.881,33.65],[73.884,33.743],[73.945,33.837],[74.149,33.928],[74.162,34.01],[74.32,33.956],[74.291,34.092],[74.329,34.145],[74.315,34.203],[74.02,34.285],[73.994,34.295],[73.916,34.436],[73.91,34.498],[73.977,34.561],[74.175,34.609],[74.359,34.712],[74.368,34.755],[74.467,34.818],[74.604,34.869],[74.682,34.77],[74.935,34.586],[74.988,34.529],[75.083,34.5],[75.305,34.515],[75.392,34.543]]]},"properties":{"DISTRICT":"Data Not Available","ST_NM":"Jammu & Kashmir"}},
{"type":"Feature","geometry":{"type":"Polygon","coordinates":[[[78.629,26.157],[78.642,26.084],[78.583,26.005],[78.488,25.963],[78.467,25.904],[78.318,25.817],[78.281,25.781],[78.26,25.719],[78.283,25.701],[78.298,25.699],[78.301,25.7],[78.305,25.705],[78.308,25.704],[78.31,25.698],[78.31,25.688],[78.311,25.682],[78.322,25.673],[78.344,25.66],[78.389,25.607],[78.41,25.598],[78.414,25.57],[78.444,25.595],[78.468,25.584],[78.468,25.579],[78.466,25.57],[78.464,25.564],[78.461,25.564],[78.459,25.567],[78.457,25.573],[78.453,25.572],[78.444,25.559],[78.467,25.559],[78.488,25.575],[78.589,25.559],[78.629,25.577],[78.712,25.682],[78.716,25.733],[78.628,25.9],[78.727,25.945],[78.775,26.015],[78.824,26.126],[78.792,26.226],[78.698,26.215],[78.629,26.157]]]},"properties":{"DISTRICT":"Datia","ST_NM":"Madhya Pradesh"}},
{"type":"Feature","geometry":{"type":"Polygon","coordinates":[[[75.757,14.738],[75.74,14.685],[75.812,14.651],[75.819,14.562],[75.796,14.509],[75.688,14.49],[75.642,14.43],[75.623,14.337],[75.58,14.276],[75.536,14.277],[75.529,14.21],[75.479,14.215],[75.4,14.114],[75.516,14.096],[75.586,14.057],[75.814,14.098],[75.827,13.972],[75.88,13.81],[75.944,13.813],[76.034,13.896],[76.062,14.22],[76.132,14.255],[76.157,14.32],[76.152,14.406],[76.205,14.457],[76.279,14.406],[76.384,14.42],[76.46,14.451],[76.46,14.501],[76.508,14.564],[76.425,14.581],[76.377,14.664],[76.324,14.692],[76.187,14.701],[76.203,14.751],[76.075,14.868],[76.052,14.918],[75.972,14.907],[75.887,14.87],[75.804,14.874],[75.837,14.806],[75.757,14.738]]]},"properties":{"DISTRICT":"Davanagere","ST_NM":"Karnataka"}},
{"type":"Feature","geometry":{"type":"Polygon","coordinates":[[[85.151,21.594],[85.037,21.607],[85.028,21.672],[84.96,21.683],[84.866,21.652],[84.749,21.681],[84.68,21.735],[84.628,21.695],[84.513,21.683],[84.491,21.638],[84.512,21.559],[84.482,21.424],[84.538,21.381],[84.574,21.262],[84.717,21.315],[84.766,21.272],[84.728,21.224],[84.745,21.171],[84.823,21.173],[84.923,21.142],[84.95,21.176],[84.904,21.253],[84.963,21.299],[85.008,21.29],[84.996,21.415],[85.023,21.456],[85.157,21.46],[85.206,21.52],[85.151,21.594]]]},"properties":{"DISTRICT":"Debagarh","ST_NM":"Odisha"}},
{"type":"Feature","geometry":{"type":"Polygon","coordinates":[[[78.016,30.613],[78.089,30.719],[77.989,30.849],[78.022,30.912],[77.971,30.975],[77.929,30.969],[77.917,30.962],[77.909,30.954],[77.841,30.934],[77.818,30.936],[77.805,30.921],[77.798,30.867],[77.702,30.764],[77.789,30.636],[77.746,30.602],[77.819,30.556],[77.813,30.506],[77.576,30.4],[77.649,30.405],[77.724,30.334],[77.945,30.242],[78.007,30.172],[78.095,30.017],[78.194,29.945],[78.229,30.017],[78.312,30.113],[78.256,30.142],[78.247,30.204],[78.299,30.244],[78.27,30.304],[78.188,30.303],[78.142,30.366],[78.229,30.437],[78.102,30.48],[77.987,30.466],[78.016,30.613]]]},"properties":{"DISTRICT":"Dehradun","ST_NM":"Uttarakhand"}},
{"type":"Feature","geometry":{"type":"Polygon","coordinates":[[[86.616,24.608],[86.53,24.537],[86.458,24.37],[86.518,24.223],[86.489,24.152],[86.576,24.14],[86.658,24.134],[86.944,24.045],[86.979,24.109],[86.934,24.144],[87.045,24.262],[87.025,24.326],[86.962,24.317],[86.887,24.447],[86.917,24.54],[86.815,24.565],[86.798,24.616],[86.675,24.562],[86.616,24.608]]]},"properties":{"DISTRICT":"Deoghar","ST_NM":"Jharkhand"}},
{"type":"Feature","geometry":{"type":"Polygon","coordinates":[[[84.058,26.097],[84.011,26.188],[84.166,26.259],[84.18,26.372],[84.071,26.388],[84.025,26.439],[83.911,26.448],[83.916,26.504],[84.058,26.548],[83.97,26.623],[83.961,26.671],[83.875,26.748],[83.632,26.657],[83.602,26.515],[83.501,26.494],[83.482,26.457],[83.625,26.322],[83.635,26.223],[83.742,26.262],[83.811,26.191],[83.864,26.185],[83.899,26.127],[83.958,26.132],[84.058,26.097]]]},"properties":{"DISTRICT":"Deoria","ST_NM":"Uttar Pradesh"}},
{"type":"Feature","geometry":{"type":"Polygon","coordinates":[[[76.113,23.241],[76.127,23.176],[76.06,23.139],[76.103,23.092],[76.077,23.049],[76.004,23.207],[75.992,23.28],[75.929,23.273],[75.954,23.181],[75.934,23.135],[75.99,23.087],[75.955,23.023],[75.9,23],[76.033,22.844],[76.104,22.701],[76.191,22.69],[76.246,22.644],[76.09,22.587],[76.087,22.547],[76.102,22.476],[76.238,22.393],[76.214,22.33],[76.253,22.293],[76.344,22.305],[76.448,22.347],[76.511,22.415],[76.606,22.408],[76.686,22.302],[76.744,22.297],[76.782,22.347],[76.79,22.429],[76.897,22.485],[77.029,22.5],[77.124,22.559],[77.088,22.654],[77.041,22.672],[77,22.868],[76.827,22.868],[76.789,22.834],[76.626,22.798],[76.581,22.773],[76.52,22.818],[76.521,22.862],[76.452,22.929],[76.462,23.071],[76.538,23.129],[76.509,23.179],[76.409,23.217],[76.158,23.222],[76.113,23.241]]]},"properties":{"DISTRICT":"Dewas","ST_NM":"Madhya Pradesh"}},
{"type":"Feature","geometry":{"type":"Polygon","coordinates":[[[91.913,24.14],[91.849,24.206],[91.75,24.245],[91.761,24.139],[91.755,23.956],[91.778,23.911],[91.779,23.691],[91.805,23.524],[91.867,23.408],[91.946,23.439],[91.979,23.482],[91.94,23.664],[92.081,23.649],[92.171,23.738],[92.158,23.848],[92.053,24.099],[91.969,24.072],[91.913,24.14]]]},"properties":{"DISTRICT":"Dhalai","ST_NM":"Tripura"}},
{"type":"Feature","geometry":{"type":"Polygon","coordinates":[[[81.881,20.05],[81.941,20.103],[82.018,20.049],[82.094,20.102],[82.175,20.259],[82.108,20.289],[82.083,20.413],[82.021,20.529],[81.997,20.64],[82.013,20.675],[81.927,20.749],[81.924,20.819],[81.838,20.94],[81.752,21.01],[81.66,20.998],[81.613,21.024],[81.592,20.942],[81.547,20.93],[81.478,20.858],[81.496,20.602],[81.412,20.552],[81.431,20.516],[81.621,20.515],[81.737,20.482],[81.737,20.428],[81.798,20.329],[81.778,20.233],[81.817,20.169],[81.881,20.05]]]},"properties":{"DISTRICT":"Dhamtari","ST_NM":"Chhattisgarh"}},
{"type":"Feature","geometry":{"type":"Polygon","coordinates":[[[86.798,23.833],[86.766,23.878],[86.58,23.999],[86.471,24.018],[86.349,24.055],[86.28,23.933],[86.137,23.936],[86.119,23.894],[86.214,23.709],[86.372,23.702],[86.445,23.622],[86.534,23.631],[86.717,23.699],[86.801,23.695],[86.822,23.778],[86.798,23.833]]]},"properties":{"DISTRICT":"Dhanbad","ST_NM":"Jharkhand"}},
{"type":"Feature","geometry":{"type":"Polygon","coordinates":[[[74.503,22.044],[74.607,22.024],[74.789,22.078],[75.199,22.105],[75.319,22.134],[75.505,22.158],[75.536,22.226],[75.497,22.336],[75.559,22.375],[75.593,22.556],[75.679,22.581],[75.661,22.636],[75.527,22.632],[75.509,22.731],[75.437,22.773],[75.438,22.869],[75.332,22.839],[75.302,23.129],[75.241,23.136],[75.235,23.088],[75.009,23.111],[75.008,22.941],[74.953,22.807],[74.903,22.757],[74.765,22.747],[74.796,22.657],[74.782,22.579],[74.743,22.558],[74.718,22.531],[74.693,22.368],[74.632,22.362],[74.647,22.272],[74.528,22.237],[74.473,22.113],[74.503,22.044]]]},"properties":{"DISTRICT":"Dhar","ST_NM":"Madhya Pradesh"}},
{"type":"Feature","geometry":{"type":"Polygon","coordinates":[[[77.676,11.949],[77.847,11.893],[77.867,11.913],[77.974,11.893],[78.146,11.962],[78.235,11.975],[78.256,11.935],[78.454,11.824],[78.543,11.8],[78.627,11.864],[78.724,11.915],[78.718,11.98],[78.706,12.027],[78.741,12.134],[78.667,12.113],[78.635,12.175],[78.522,12.172],[78.379,12.193],[78.334,12.261],[78.276,12.259],[78.232,12.313],[78.145,12.371],[78.118,12.443],[78.021,12.456],[77.992,12.506],[77.902,12.499],[77.974,12.407],[77.94,12.331],[77.876,12.322],[77.864,12.257],[77.819,12.228],[77.793,12.154],[77.751,12.153],[77.778,12.119],[77.701,12.019],[77.676,11.949]]]},"properties":{"DISTRICT":"Dharmapuri","ST_NM":"Tamil Nadu"}},
{"type":"Feature","geometry":{"type":"Polygon","coordinates":[[[74.743,15.411],[74.821,15.384],[74.826,15.343],[74.899,15.299],[74.909,15.251],[74.829,15.133],[74.94,15.066],[75.081,15.073],[75.142,15.1],[75.254,15.106],[75.338,15.159],[75.343,15.065],[75.42,15.062],[75.435,15.106],[75.402,15.174],[75.435,15.198],[75.415,15.301],[75.493,15.372],[75.486,15.531],[75.532,15.538],[75.556,15.647],[75.489,15.702],[75.414,15.656],[75.279,15.689],[75.107,15.672],[75.098,15.627],[74.967,15.651],[74.842,15.607],[74.798,15.546],[74.813,15.503],[74.743,15.411]]]},"properties":{"DISTRICT":"Dharwad","ST_NM":"Karnataka"}},
{"type":"Feature","geometry":{"type":"Polygon","coordinates":[[[77.456,26.741],[77.349,26.711],[77.388,26.633],[77.358,26.594],[77.227,26.531],[77.263,26.429],[77.311,26.44],[77.373,26.366],[77.435,26.401],[77.53,26.409],[77.679,26.504],[77.821,26.549],[78,26.697],[78.096,26.681],[78.104,26.784],[78.188,26.795],[78.218,26.83],[78.241,26.928],[78.148,26.951],[78.095,26.896],[78.051,26.91],[77.88,26.9],[77.773,26.932],[77.724,26.876],[77.616,26.829],[77.528,26.816],[77.456,26.741]]]},"properties":{"DISTRICT":"Dhaulpur","ST_NM":"Rajasthan"}},
{"type":"Feature","geometry":{"type":"Polygon","coordinates":[[[94.581,27.214],[94.58,27.215],[94.607,27.325],[94.667,27.349],[94.701,27.423],[94.949,27.609],[94.986,27.651],[95.108,27.662],[95.208,27.708],[95.278,27.682],[95.402,27.725],[95.46,27.774],[95.518,27.877],[95.386,27.837],[95.318,27.867],[94.886,27.738],[94.868,27.742],[94.851,27.707],[94.745,27.66],[94.686,27.66],[94.502,27.574],[94.423,27.598],[94.37,27.573],[94.214,27.608],[94.262,27.52],[94.322,27.423],[94.337,27.328],[94.463,27.305],[94.503,27.327],[94.521,27.263],[94.556,27.222],[94.571,27.214],[94.579,27.214],[94.581,27.214]]]},"properties":{"DISTRICT":"Dhemaji","ST_NM":"Assam"}},
{"type":"Feature","geometry":{"type":"Polygon","coordinates":[[[85.13,20.615],[85.196,20.583],[85.252,20.518],[85.458,20.485],[85.512,20.535],[85.59,20.512],[85.659,20.55],[85.719,20.636],[85.888,20.659],[85.912,20.698],[85.986,20.735],[86.021,20.809],[85.9,20.856],[85.92,20.927],[85.825,20.94],[85.758,20.991],[85.688,21.131],[85.729,21.143],[85.684,21.185],[85.6,21.137],[85.549,21.166],[85.502,21.114],[85.395,21.185],[85.269,21.17],[85.233,21.071],[85.256,20.799],[85.199,20.783],[85.115,20.682],[85.13,20.615]]]},"properties":{"DISTRICT":"Dhenkanal","ST_NM":"Odisha"}},
{"type":"Feature","geometry":{"type":"Polygon","coordinates":[[[90.429,26.36],[90.417,26.345],[90.411,26.341],[90.377,26.319],[90.344,26.37],[90.283,26.32],[90.211,26.362],[90.109,26.329],[90.135,26.196],[90.044,26.131],[89.884,26.137],[89.855,26.259],[89.896,26.325],[89.893,26.359],[89.883,26.373],[89.868,26.375],[89.862,26.38],[89.86,26.382],[89.722,26.259],[89.723,26.166],[89.753,26.153],[89.788,26.053],[89.872,25.976],[89.84,25.878],[89.828,25.742],[89.883,25.615],[89.856,25.477],[89.89,25.558],[90.006,25.584],[89.898,25.727],[89.959,25.775],[90.115,25.954],[90.123,25.961],[90.193,26.025],[90.166,26.086],[90.252,26.177],[90.379,26.181],[90.474,26.272],[90.436,26.354],[90.429,26.36]]]},"properties":{"DISTRICT":"Dhubri","ST_NM":"Assam"}},
{"type":"Feature","geometry":{"type":"Polygon","coordinates":[[[74.772,21.614],[74.752,21.476],[74.699,21.47],[74.686,21.403],[74.573,21.403],[74.521,21.429],[74.479,21.353],[74.492,21.24],[74.43,21.263],[74.343,21.229],[74.272,21.249],[74.182,21.21],[74.12,21.214],[73.951,21.086],[73.96,21.044],[73.851,20.997],[73.89,20.932],[73.939,20.839],[74.048,20.836],[74.126,20.865],[74.388,20.835],[74.422,20.805],[74.548,20.827],[74.622,20.798],[74.651,20.695],[74.806,20.657],[74.815,20.634],[74.929,20.657],[74.991,20.736],[74.97,20.877],[74.914,20.927],[74.921,21.011],[74.858,21.063],[74.893,21.151],[74.963,21.192],[75.033,21.192],[75.104,21.236],[75.14,21.294],[75.126,21.339],[75.161,21.403],[75.206,21.414],[75.105,21.467],[75.056,21.563],[74.859,21.63],[74.772,21.614]]]},"properties":{"DISTRICT":"Dhule","ST_NM":"Maharashtra"}},
{"type":"Feature","geometry":{"type":"Polygon","coordinates":[[[96.435,28.588],[96.498,28.639],[96.473,28.68],[96.589,28.717],[96.611,28.793],[96.541,28.88],[96.525,28.961],[96.439,29.034],[96.35,29.029],[96.232,28.926],[96.154,29.05],[96.222,29.135],[96.35,29.168],[96.397,29.253],[96.239,29.241],[96.188,29.307],[96.155,29.397],[96.086,29.461],[95.962,29.381],[95.886,29.39],[95.783,29.355],[95.591,29.216],[95.55,29.214],[95.459,29.035],[95.307,29.061],[95.272,29.048],[95.247,29],[95.303,28.956],[95.334,28.834],[95.393,28.741],[95.358,28.701],[95.379,28.605],[95.423,28.635],[95.493,28.593],[95.7,28.526],[95.732,28.534],[95.828,28.474],[95.881,28.52],[95.777,28.574],[95.873,28.627],[95.855,28.721],[96.009,28.695],[96.116,28.782],[96.186,28.802],[96.326,28.785],[96.304,28.662],[96.435,28.588]]]},"properties":{"DISTRICT":"Dibang Valley","ST_NM":"Arunanchal Pradesh"}},
{"type":"Feature","geometry":{"type":"Polygon","coordinates":[[[94.581,27.214],[94.582,27.21],[94.571,27.178],[94.596,27.145],[94.647,27.247],[94.754,27.269],[94.779,27.239],[94.766,27.128],[94.849,27.108],[94.97,27.229],[94.981,27.15],[95.163,27.131],[95.289,27.197],[95.359,27.168],[95.372,27.105],[95.458,27.129],[95.491,27.243],[95.441,27.363],[95.271,27.405],[95.222,27.458],[95.303,27.583],[95.278,27.682],[95.208,27.708],[95.108,27.662],[94.986,27.651],[94.949,27.609],[94.701,27.423],[94.667,27.349],[94.607,27.325],[94.58,27.215],[94.581,27.214]]]},"properties":{"DISTRICT":"Dibrugarh","ST_NM":"Assam"}},
{"type":"Feature","geometry":{"type":"Polygon","coordinates":[[[78.198,10.547],[78.134,10.573],[78.173,10.802],[78.034,10.78],[77.98,10.638],[77.831,10.632],[77.809,10.679],[77.73,10.63],[77.656,10.674],[77.597,10.675],[77.51,10.605],[77.482,10.649],[77.418,10.625],[77.369,10.536],[77.385,10.449],[77.325,10.45],[77.315,10.355],[77.35,10.276],[77.289,10.23],[77.268,10.121],[77.394,10.159],[77.465,10.128],[77.612,10.212],[77.701,10.19],[77.717,10.129],[77.711,10.02],[77.764,10.055],[77.92,10.083],[78.03,10.179],[78.122,10.189],[78.16,10.111],[78.26,10.086],[78.266,10.175],[78.329,10.226],[78.334,10.3],[78.281,10.37],[78.315,10.438],[78.208,10.472],[78.198,10.547]]]},"properties":{"DISTRICT":"Dindigul","ST_NM":"Tamil Nadu"}},
{"type":"Feature","geometry":{"type":"Polygon","coordinates":[[[81.125,23.216],[81.068,23.194],[80.938,23.289],[80.872,23.237],[80.717,23.28],[80.757,23.344],[80.702,23.371],[80.574,23.352],[80.569,23.271],[80.5,23.204],[80.529,23.082],[80.528,23.08],[80.584,23],[80.591,22.858],[80.77,22.813],[80.872,22.849],[80.871,22.758],[80.928,22.754],[80.925,22.681],[80.956,22.64],[80.936,22.573],[81.083,22.61],[81.159,22.554],[81.194,22.489],[81.2,22.473],[81.231,22.451],[81.33,22.524],[81.484,22.492],[81.487,22.493],[81.523,22.536],[81.616,22.536],[81.649,22.607],[81.73,22.676],[81.692,22.779],[81.597,22.757],[81.476,22.759],[81.406,22.851],[81.361,22.849],[81.204,22.909],[81.189,22.951],[81.256,23.082],[81.146,23.178],[81.125,23.216]]]},"properties":{"DISTRICT":"Dindori","ST_NM":"Madhya Pradesh"}},
{"type":"Feature","geometry":{"type":"Polygon","coordinates":[[[70.924,20.739],[70.882,20.729],[70.899,20.699],[70.918,20.71],[70.977,20.703],[70.965,20.728],[70.96,20.736],[70.938,20.733],[70.932,20.736],[70.929,20.736],[70.924,20.739]]]},"properties":{"DISTRICT":"Diu","ST_NM":"Daman & Diu"}},
{"type":"Feature","geometry":{"type":"Polygon","coordinates":[[[75.417,33.358],[75.319,33.297],[75.333,33.219],[75.301,33.185],[75.292,33.097],[75.442,33.031],[75.473,32.999],[75.667,32.934],[75.752,32.865],[75.825,32.854],[75.825,32.93],[75.884,32.931],[75.951,32.884],[76.034,32.918],[76.111,33.003],[76.045,33.098],[75.943,33.057],[75.795,33.064],[75.825,33.152],[75.725,33.215],[75.629,33.222],[75.529,33.378],[75.5,33.399],[75.417,33.358]]]},"properties":{"DISTRICT":"Doda","ST_NM":"Jammu & Kashmir"}},
{"type":"Feature","geometry":{"type":"Polygon","coordinates":[[[74.378,22.636],[74.4,22.729],[74.463,22.813],[74.461,22.911],[74.379,22.908],[74.368,22.978],[74.32,23.06],[74.247,23.176],[74.18,23.15],[74.124,23.177],[74.133,23.263],[74.046,23.293],[74.021,23.331],[74.012,23.332],[74.012,23.331],[74.003,23.314],[74.001,23.309],[73.998,23.283],[73.986,23.155],[74.023,23.093],[73.919,23.084],[73.882,22.867],[73.849,22.814],[73.848,22.743],[73.802,22.668],[73.858,22.556],[73.811,22.547],[73.815,22.546],[73.908,22.508],[74.02,22.571],[74.063,22.549],[74.124,22.523],[74.21,22.565],[74.275,22.646],[74.378,22.636]]]},"properties":{"DISTRICT":"Dohad","ST_NM":"Gujarat"}},
{"type":"Feature","geometry":{"type":"Polygon","coordinates":[[[86.917,24.54],[86.887,24.447],[86.962,24.317],[87.025,24.326],[87.045,24.262],[86.934,24.144],[86.979,24.109],[87.03,24.143],[87.17,24.032],[87.238,24.026],[87.338,24.033],[87.444,23.98],[87.506,24.024],[87.502,24.117],[87.575,24.089],[87.585,24.163],[87.695,24.151],[87.647,24.251],[87.584,24.258],[87.574,24.505],[87.5,24.525],[87.406,24.506],[87.314,24.597],[87.219,24.588],[87.071,24.642],[87.05,24.625],[86.942,24.631],[86.917,24.54]]]},"properties":{"DISTRICT":"Dumka","ST_NM":"Jharkhand"}},
{"type":"Feature","geometry":{"type":"Polygon","coordinates":[[[74.384,23.906],[74.326,23.936],[74.325,23.937],[74.314,23.945],[74.275,23.936],[74.259,23.93],[74.175,23.97],[73.918,23.983],[73.858,23.936],[73.671,23.939],[73.592,23.965],[73.518,23.931],[73.469,23.847],[73.366,23.814],[73.567,23.652],[73.657,23.622],[73.629,23.451],[73.824,23.445],[73.891,23.335],[73.959,23.38],[74.012,23.441],[74.032,23.544],[74.118,23.61],[74.121,23.711],[74.154,23.787],[74.239,23.814],[74.384,23.906]]]},"properties":{"DISTRICT":"Dungarpur","ST_NM":"Rajasthan"}},
{"type":"Feature","geometry":{"type":"Polygon","coordinates":[[[81.504,22.013],[81.485,22.019],[81.459,21.916],[81.338,21.839],[81.298,21.768],[81.176,21.703],[81.177,21.597],[81.142,21.557],[81.196,21.514],[81.173,21.437],[81.193,21.391],[81.164,21.237],[81.216,21.172],[81.161,21.101],[81.12,21.007],[80.958,20.99],[80.966,20.913],[80.938,20.781],[80.826,20.764],[80.814,20.696],[80.989,20.61],[80.944,20.508],[80.946,20.441],[81,20.459],[81.154,20.378],[81.223,20.417],[81.316,20.55],[81.412,20.552],[81.496,20.602],[81.478,20.858],[81.547,20.93],[81.592,20.942],[81.613,21.024],[81.584,21.072],[81.603,21.206],[81.547,21.245],[81.536,21.298],[81.639,21.404],[81.632,21.506],[81.699,21.617],[81.664,21.646],[81.726,21.711],[81.7,21.75],[81.808,21.77],[81.849,21.758],[81.943,21.815],[81.899,21.874],[81.807,21.942],[81.73,21.943],[81.553,22.006],[81.506,22.008],[81.504,22.013]]]},"properties":{"DISTRICT":"Durg","ST_NM":"Chhattisgarh"}},
{"type":"Feature","geometry":{"type":"Polygon","coordinates":[[[93.968,25.906],[93.78,25.842],[93.798,25.905],[93.773,25.962],[93.688,25.905],[93.706,25.849],[93.573,25.753],[93.544,25.699],[93.605,25.663],[93.824,25.696],[93.935,25.646],[93.917,25.684],[93.974,25.736],[93.992,25.793],[93.968,25.906]]]},"properties":{"DISTRICT":"Dimapur","ST_NM":"Nagaland"}},
{"type":"Feature","geometry":{"type":"Polygon","coordinates":[[[77.26,28.623],[77.265,28.607],[77.305,28.577],[77.346,28.603],[77.328,28.674],[77.251,28.662],[77.253,28.654],[77.26,28.623]]]},"properties":{"DISTRICT":"East","ST_NM":"NCT of Delhi"}},
{"type":"Feature","geometry":{"type":"Polygon","coordinates":[[[88.759,27.148],[88.808,27.247],[88.906,27.275],[88.864,27.387],[88.813,27.414],[88.721,27.416],[88.618,27.387],[88.489,27.378],[88.45,27.261],[88.528,27.178],[88.599,27.194],[88.759,27.148]]]},"properties":{"DISTRICT":"East","ST_NM":"Sikkim"}},
{"type":"Feature","geometry":{"type":"Polygon","coordinates":[[[90.115,25.954],[90.185,25.901],[90.228,25.925],[90.426,25.953],[90.385,25.867],[90.41,25.75],[90.445,25.696],[90.406,25.551],[90.323,25.465],[90.479,25.453],[90.647,25.416],[90.705,25.507],[90.769,25.554],[90.911,25.64],[90.985,25.744],[91.004,25.822],[91.032,25.887],[90.886,25.951],[90.744,25.915],[90.717,25.952],[90.633,25.937],[90.538,25.958],[90.481,26.015],[90.432,25.989],[90.369,26.01],[90.328,25.974],[90.217,25.954],[90.123,25.961],[90.115,25.954]]]},"properties":{"DISTRICT":"East Garo Hills","ST_NM":"Meghalaya"}},
{"type":"Feature","geometry":{"type":"Polygon","coordinates":[[[82.55,17.248],[82.523,17.292],[82.554,17.392],[82.604,17.463],[82.56,17.52],[82.457,17.513],[82.412,17.473],[82.335,17.511],[82.337,17.59],[82.217,17.638],[82.163,17.615],[82.128,17.654],[82.003,17.636],[82.031,17.687],[81.97,17.744],[81.868,17.754],[81.978,17.842],[82.031,17.937],[81.982,18.014],[81.81,17.944],[81.767,17.901],[81.803,17.852],[81.683,17.775],[81.632,17.771],[81.512,17.598],[81.507,17.498],[81.567,17.452],[81.659,17.322],[81.648,17.253],[81.673,17.145],[81.726,17.07],[81.729,16.937],[81.749,16.813],[81.799,16.706],[81.868,16.616],[81.853,16.525],[81.752,16.436],[81.706,16.439],[81.72,16.328],[81.968,16.396],[82.183,16.503],[82.298,16.57],[82.351,16.724],[82.365,16.826],[82.249,16.897],[82.301,17.024],[82.55,17.248]],[[82.206,16.747],[82.23,16.729],[82.312,16.734],[82.263,16.701],[82.225,16.721],[82.206,16.747]]]},"properties":{"DISTRICT":"East Godavari","ST_NM":"Andhra Pradesh"}},
{"type":"Feature","geometry":{"type":"Polygon","coordinates":[[[93.242,27.614],[93.202,27.678],[93.24,27.796],[93.178,27.821],[92.97,27.826],[92.934,27.919],[92.738,27.977],[92.674,27.899],[92.61,27.877],[92.565,27.82],[92.472,27.814],[92.464,27.782],[92.519,27.734],[92.542,27.619],[92.598,27.63],[92.613,27.555],[92.682,27.537],[92.794,27.554],[92.851,27.289],[92.893,27.281],[92.903,27.208],[92.819,27.177],[92.753,27.195],[92.611,27.14],[92.593,27.079],[92.642,27.017],[92.772,27.031],[92.875,27.006],[92.92,26.962],[93.022,26.915],[93.269,26.954],[93.393,26.957],[93.343,27.001],[93.316,27.079],[93.216,27.116],[93.298,27.163],[93.23,27.251],[93.298,27.29],[93.293,27.329],[93.375,27.371],[93.302,27.526],[93.333,27.554],[93.242,27.614]]]},"properties":{"DISTRICT":"East Kameng","ST_NM":"Arunanchal Pradesh"}},
{"type":"Feature","geometry":{"type":"Polygon","coordinates":[[[92.02,25.187],[91.989,25.275],[92.051,25.319],[92.116,25.307],[92.099,25.492],[92.136,25.641],[91.811,25.643],[91.784,25.589],[91.699,25.542],[91.657,25.551],[91.545,25.511],[91.559,25.452],[91.528,25.344],[91.547,25.279],[91.406,25.263],[91.357,25.229],[91.391,25.17],[91.496,25.134],[91.606,25.173],[91.645,25.124],[91.75,25.171],[92.02,25.187]]]},"properties":{"DISTRICT":"East Khasi Hills","ST_NM":"Meghalaya"}},
{"type":"Feature","geometry":{"type":"Polygon","coordinates":[[[77.065,21.713],[77.079,21.77],[77.17,21.808],[77.163,21.849],[77.219,21.905],[77.137,21.993],[77,21.981],[76.977,22.007],[76.858,22.032],[76.828,22.162],[76.847,22.244],[76.895,22.299],[76.782,22.347],[76.744,22.297],[76.686,22.302],[76.606,22.408],[76.511,22.415],[76.448,22.347],[76.344,22.305],[76.253,22.293],[76.214,22.33],[76.183,22.272],[76.109,22.251],[76.033,22.197],[76.131,22.17],[76.234,22.073],[76.147,21.979],[76.171,21.885],[76.104,21.847],[76.119,21.72],[76.074,21.661],[76.079,21.572],[76.157,21.549],[76.249,21.581],[76.361,21.568],[76.44,21.594],[76.507,21.563],[76.618,21.573],[76.782,21.56],[76.798,21.595],[76.894,21.598],[77.021,21.688],[77.037,21.698],[77.065,21.713]]]},"properties":{"DISTRICT":"East Nimar","ST_NM":"Madhya Pradesh"}},
{"type":"Feature","geometry":{"type":"Polygon","coordinates":[[[95.518,27.877],[95.502,27.946],[95.562,28.035],[95.567,28.255],[95.385,28.31],[95.345,28.244],[95.227,28.152],[95.11,28.263],[95.114,28.462],[95.088,28.526],[94.992,28.529],[94.823,28.568],[94.762,28.534],[94.767,28.423],[94.873,28.413],[94.938,28.244],[94.884,28],[94.96,27.98],[94.868,27.742],[94.886,27.738],[95.318,27.867],[95.386,27.837],[95.518,27.877]]]},"properties":{"DISTRICT":"East Siang","ST_NM":"Arunanchal Pradesh"}},
{"type":"Feature","geometry":{"type":"Polygon","coordinates":[[[76.373,9.836],[76.418,9.822],[76.515,9.85],[76.561,9.816],[76.633,9.856],[76.638,9.918],[76.691,9.922],[76.795,10.042],[76.643,10.161],[76.689,10.267],[76.579,10.302],[76.418,10.296],[76.315,10.18],[76.261,10.2],[76.169,10.184],[76.202,10.049],[76.243,9.969],[76.28,9.789],[76.293,9.888],[76.355,9.882],[76.373,9.836]]]},"properties":{"DISTRICT":"Ernakulam","ST_NM":"Kerala"}},
{"type":"Feature","geometry":{"type":"Polygon","coordinates":[[[76.847,11.582],[76.941,11.576],[77.007,11.544],[76.964,11.383],[77.049,11.4],[77.14,11.335],[77.144,11.334],[77.15,11.333],[77.267,11.317],[77.332,11.255],[77.364,11.316],[77.45,11.308],[77.51,11.181],[77.518,11.105],[77.631,11.12],[77.778,11.051],[77.866,11.021],[77.932,11.067],[77.889,11.082],[77.862,11.244],[77.808,11.265],[77.683,11.419],[77.696,11.458],[77.734,11.511],[77.739,11.602],[77.703,11.631],[77.693,11.716],[77.723,11.792],[77.669,11.821],[77.676,11.949],[77.501,11.939],[77.442,11.781],[77.252,11.811],[77.113,11.771],[77.086,11.732],[77.014,11.811],[76.909,11.791],[76.839,11.657],[76.847,11.582]]]},"properties":{"DISTRICT":"Erode","ST_NM":"Tamil Nadu"}},
{"type":"Feature","geometry":{"type":"Polygon","coordinates":[[[79.178,27.584],[79.169,27.576],[79.16,27.57],[79.149,27.569],[79.126,27.555],[79.102,27.557],[78.983,27.598],[78.929,27.559],[78.808,27.608],[78.698,27.686],[78.676,27.735],[78.53,27.769],[78.536,27.754],[78.526,27.75],[78.524,27.746],[78.518,27.743],[78.515,27.74],[78.519,27.734],[78.506,27.624],[78.387,27.566],[78.334,27.583],[78.22,27.513],[78.18,27.433],[78.198,27.403],[78.297,27.382],[78.286,27.313],[78.466,27.421],[78.545,27.442],[78.607,27.51],[78.662,27.49],[78.646,27.42],[78.734,27.336],[78.836,27.361],[78.84,27.409],[78.907,27.464],[78.96,27.419],[79.11,27.432],[79.216,27.329],[79.251,27.331],[79.248,27.473],[79.275,27.511],[79.183,27.582],[79.178,27.584]]]},"properties":{"DISTRICT":"Etah","ST_NM":"Uttar Pradesh"}},
{"type":"Feature","geometry":{"type":"Polygon","coordinates":[[[78.779,26.758],[78.874,26.699],[78.993,26.68],[79.007,26.545],[79.135,26.439],[79.233,26.428],[79.288,26.482],[79.232,26.54],[79.259,26.619],[79.316,26.652],[79.339,26.735],[79.326,26.789],[79.337,26.938],[79.327,26.96],[79.272,26.988],[79.117,27],[79.002,26.932],[78.956,26.971],[78.818,26.956],[78.749,26.914],[78.852,26.809],[78.779,26.758]]]},"properties":{"DISTRICT":"Etawah","ST_NM":"Uttar Pradesh"}},
{"type":"Feature","geometry":{"type":"Polygon","coordinates":[[[82.479,26.652],[82.382,26.658],[82.318,26.723],[82.241,26.748],[82.225,26.807],[82.186,26.833],[81.92,26.789],[81.755,26.885],[81.725,26.919],[81.719,26.92],[81.72,26.91],[81.718,26.902],[81.703,26.88],[81.616,26.869],[81.585,26.766],[81.581,26.682],[81.55,26.665],[81.545,26.642],[81.549,26.64],[81.561,26.641],[81.561,26.642],[81.582,26.652],[81.619,26.626],[81.702,26.54],[81.863,26.533],[82.11,26.471],[82.221,26.407],[82.279,26.454],[82.339,26.577],[82.431,26.546],[82.479,26.652]]]},"properties":{"DISTRICT":"Faizabad","ST_NM":"Uttar Pradesh"}},
{"type":"Feature","geometry":{"type":"Polygon","coordinates":[[[77.348,28.503],[77.237,28.464],[77.175,28.403],[77.154,28.317],[77.239,28.269],[77.403,28.175],[77.521,28.159],[77.548,28.185],[77.446,28.426],[77.348,28.503]]]},"properties":{"DISTRICT":"Faridabad","ST_NM":"Haryana"}},
{"type":"Feature","geometry":{"type":"Polygon","coordinates":[[[75.008,30.488],[74.954,30.59],[74.955,30.674],[74.911,30.736],[74.813,30.768],[74.771,30.812],[74.625,30.831],[74.47,30.743],[74.502,30.667],[74.621,30.635],[74.734,30.464],[74.753,30.394],[74.822,30.393],[74.932,30.368],[75.042,30.377],[75.008,30.488]]]},"properties":{"DISTRICT":"Faridkot","ST_NM":"Punjab"}},
{"type":"Feature","geometry":{"type":"Polygon","coordinates":[[[79.209,27.707],[79.136,27.703],[79.134,27.632],[79.175,27.584],[79.178,27.584],[79.183,27.582],[79.275,27.511],[79.248,27.473],[79.251,27.331],[79.321,27.287],[79.339,27.215],[79.395,27.196],[79.522,27.209],[79.562,27.159],[79.681,27.171],[79.726,27.216],[79.722,27.327],[79.69,27.368],[79.747,27.452],[79.716,27.473],[79.664,27.495],[79.653,27.614],[79.59,27.591],[79.48,27.596],[79.445,27.64],[79.35,27.652],[79.209,27.707]]]},"properties":{"DISTRICT":"Farrukhabad","ST_NM":"Uttar Pradesh"}},
{"type":"Feature","geometry":{"type":"Polygon","coordinates":[[[75.949,29.73],[75.874,29.749],[75.831,29.812],[75.737,29.809],[75.677,29.77],[75.567,29.763],[75.454,29.784],[75.407,29.759],[75.29,29.601],[75.3,29.559],[75.285,29.463],[75.224,29.398],[75.244,29.249],[75.286,29.271],[75.305,29.32],[75.398,29.32],[75.417,29.413],[75.51,29.402],[75.599,29.342],[75.633,29.42],[75.704,29.426],[75.783,29.524],[75.829,29.512],[75.946,29.572],[75.96,29.565],[75.938,29.684],[75.949,29.73]]]},"properties":{"DISTRICT":"Fatehabad","ST_NM":"Haryana"}},
{"type":"Feature","geometry":{"type":"Polygon","coordinates":[[[76.102,30.52],[76.293,30.574],[76.339,30.451],[76.384,30.422],[76.504,30.473],[76.501,30.561],[76.582,30.571],[76.58,30.647],[76.541,30.758],[76.533,30.765],[76.471,30.746],[76.337,30.859],[76.255,30.836],[76.299,30.679],[76.153,30.653],[76.084,30.562],[76.088,30.527],[76.102,30.52]]]},"properties":{"DISTRICT":"Fatehgarh Sahib","ST_NM":"Punjab"}},
{"type":"Feature","geometry":{"type":"Polygon","coordinates":[[[81.022,25.544],[81.191,25.488],[81.193,25.452],[81.263,25.544],[81.211,25.642],[81.237,25.742],[81.337,25.81],[81.221,25.874],[81.217,25.926],[81.116,25.955],[81.019,26.063],[80.94,26.066],[80.811,26.033],[80.676,26.121],[80.614,26.152],[80.567,26.227],[80.521,26.188],[80.45,26.18],[80.324,26.113],[80.263,26.048],[80.237,25.922],[80.35,25.899],[80.389,25.911],[80.556,25.867],[80.523,25.777],[80.591,25.71],[80.72,25.681],[80.848,25.72],[80.863,25.676],[80.937,25.687],[80.948,25.621],[81.02,25.633],[81.022,25.544]]]},"properties":{"DISTRICT":"Fatehpur","ST_NM":"Uttar Pradesh"}},
{"type":"Feature","geometry":{"type":"Polygon","coordinates":[[[78.749,26.914],[78.818,26.956],[78.78,27.05],[78.789,27.153],[78.734,27.336],[78.646,27.42],[78.662,27.49],[78.607,27.51],[78.545,27.442],[78.466,27.421],[78.286,27.313],[78.222,27.299],[78.203,27.13],[78.227,27.076],[78.364,27.079],[78.433,27.041],[78.452,26.984],[78.593,26.925],[78.749,26.914]]]},"properties":{"DISTRICT":"Firozabad","ST_NM":"Uttar Pradesh"}},
{"type":"Feature","geometry":{"type":"Polygon","coordinates":[[[74.911,30.736],[74.952,30.884],[74.955,30.891],[75.059,30.96],[75.052,31.032],[75.104,31.073],[75.112,31.088],[75.114,31.092],[75.113,31.092],[75.074,31.144],[74.949,31.15],[74.703,31.115],[74.695,31.073],[74.6,31.044],[74.55,30.998],[74.46,30.97],[74.426,30.912],[74.327,30.849],[74.276,30.758],[74.199,30.669],[74.103,30.6],[74.068,30.521],[73.971,30.489],[73.967,30.424],[73.907,30.351],[73.968,30.263],[73.976,30.196],[73.972,30.129],[73.908,30.055],[73.9,29.971],[74.288,29.955],[74.299,29.956],[74.301,29.956],[74.331,29.954],[74.452,29.947],[74.427,30.023],[74.367,30.085],[74.337,30.162],[74.357,30.24],[74.262,30.246],[74.321,30.329],[74.329,30.446],[74.429,30.549],[74.502,30.667],[74.47,30.743],[74.625,30.831],[74.771,30.812],[74.813,30.768],[74.911,30.736]]]},"properties":{"DISTRICT":"Firozpur","ST_NM":"Punjab"}},
{"type":"Feature","geometry":{"type":"Polygon","coordinates":[[[75.455,15.886],[75.365,15.805],[75.304,15.811],[75.314,15.731],[75.279,15.689],[75.414,15.656],[75.489,15.702],[75.556,15.647],[75.532,15.538],[75.486,15.531],[75.493,15.372],[75.415,15.301],[75.435,15.198],[75.402,15.174],[75.435,15.106],[75.42,15.062],[75.539,15.027],[75.544,14.978],[75.6,14.955],[75.671,14.986],[75.702,14.948],[75.744,14.944],[75.886,15.097],[75.95,15.137],[75.89,15.288],[75.903,15.402],[75.826,15.45],[75.899,15.607],[75.871,15.715],[75.921,15.728],[75.969,15.665],[76.04,15.768],[75.99,15.802],[75.928,15.793],[75.846,15.838],[75.778,15.85],[75.746,15.813],[75.663,15.837],[75.54,15.832],[75.455,15.886]]]},"properties":{"DISTRICT":"Gadag","ST_NM":"Karnataka"}},
{"type":"Feature","geometry":{"type":"Polygon","coordinates":[[[84.241,19.575],[84.239,19.572],[84.235,19.572],[84.228,19.573],[84.209,19.589],[84.151,19.587],[84.135,19.628],[83.976,19.621],[83.956,19.634],[83.95,19.634],[83.943,19.635],[83.927,19.63],[83.936,19.566],[83.977,19.53],[83.947,19.398],[84.017,19.374],[84.022,19.285],[83.984,19.205],[84.024,19.141],[83.952,18.989],[83.863,18.979],[83.796,19.016],[83.878,18.827],[84.056,18.792],[84.099,18.754],[84.224,18.796],[84.34,18.801],[84.393,18.892],[84.437,18.923],[84.435,18.992],[84.354,19.017],[84.389,19.116],[84.364,19.192],[84.425,19.262],[84.39,19.391],[84.407,19.445],[84.372,19.539],[84.257,19.497],[84.241,19.575]]]},"properties":{"DISTRICT":"Gajapati","ST_NM":"Odisha"}},
{"type":"Feature","geometry":{"type":"Polygon","coordinates":[[[75.631,34.223],[75.358,34.352],[75.151,34.361],[75.023,34.439],[74.953,34.455],[74.877,34.351],[74.753,34.339],[75.025,34.26],[75.194,34.19],[75.256,34.17],[75.309,34.225],[75.456,34.169],[75.631,34.223]]]},"properties":{"DISTRICT":"Ganderbal","ST_NM":"Jammu & Kashmir"}},
{"type":"Feature","geometry":{"type":"Polygon","coordinates":[[[72.841,22.993],[72.851,23],[72.963,23.074],[73.015,23.161],[72.973,23.167],[72.959,23.243],[72.861,23.312],[72.763,23.353],[72.796,23.423],[72.802,23.502],[72.685,23.555],[72.631,23.556],[72.587,23.472],[72.505,23.385],[72.467,23.3],[72.415,23.281],[72.44,23.205],[72.336,23.107],[72.339,23.106],[72.468,23.06],[72.486,23.134],[72.527,23.147],[72.6,23.089],[72.765,23.093],[72.841,22.993]]]},"properties":{"DISTRICT":"Gandhinagar","ST_NM":"Gujarat"}},
{"type":"Feature","geometry":{"type":"Polygon","coordinates":[[[74.042,29.01],[74.044,29.011],[74.062,29.019],[74.065,29.021],[74.071,29.023],[74.102,29.045],[74.203,29.15],[74.214,29.293],[74.097,29.259],[74.026,29.282],[73.924,29.378],[73.886,29.495],[73.808,29.538],[73.803,29.601],[73.909,29.624],[73.927,29.652],[74.08,29.705],[74.169,29.77],[74.217,29.851],[74.275,29.849],[74.263,29.908],[74.283,29.939],[74.305,29.942],[74.306,29.944],[74.304,29.947],[74.302,29.953],[74.301,29.956],[74.299,29.956],[74.288,29.955],[73.9,29.971],[73.908,30.055],[73.972,30.129],[73.976,30.196],[73.803,30.071],[73.62,30.025],[73.408,29.946],[73.394,29.929],[73.271,29.546],[73.085,29.236],[72.999,29.143],[72.949,29.033],[72.648,28.903],[72.765,28.8],[72.934,28.729],[73.011,28.714],[73.116,28.767],[73.205,28.853],[73.228,28.93],[73.28,28.94],[73.345,29.006],[73.427,28.992],[73.487,29.012],[73.57,28.997],[73.624,29.037],[73.799,29.007],[73.877,28.941],[74.026,28.933],[74.042,29.012],[74.042,29.01]]]},"properties":{"DISTRICT":"Ganganagar","ST_NM":"Rajasthan"}},
{"type":"Feature","geometry":{"type":"Polygon","coordinates":[[[84.435,18.992],[84.517,19.046],[84.604,19.029],[84.668,19.131],[84.769,19.08],[84.809,19.153],[84.891,19.244],[85.092,19.38],[85.178,19.464],[85.139,19.524],[85.177,19.558],[85.184,19.675],[85.129,19.749],[85.01,19.803],[84.94,19.897],[84.902,19.993],[84.811,20.07],[84.829,20.223],[84.697,20.281],[84.634,20.194],[84.585,20.191],[84.587,20.174],[84.559,20.161],[84.564,20.146],[84.564,20.141],[84.552,20.143],[84.53,20.143],[84.506,20.14],[84.479,20.146],[84.453,20.17],[84.459,20.188],[84.446,20.207],[84.438,20.206],[84.436,20.202],[84.436,20.195],[84.429,20.185],[84.436,20.156],[84.415,20.12],[84.402,20.073],[84.333,20.011],[84.377,19.966],[84.47,19.939],[84.461,19.853],[84.446,19.843],[84.451,19.835],[84.446,19.83],[84.441,19.83],[84.433,19.837],[84.424,19.835],[84.383,19.842],[84.321,19.877],[84.317,19.887],[84.308,19.906],[84.29,19.894],[84.278,19.878],[84.253,19.872],[84.235,19.868],[84.214,19.864],[84.195,19.86],[84.187,19.861],[84.185,19.86],[84.202,19.835],[84.174,19.82],[84.169,19.804],[84.174,19.792],[84.173,19.79],[84.167,19.786],[84.133,19.78],[84.134,19.776],[84.15,19.756],[84.162,19.734],[84.247,19.642],[84.227,19.626],[84.236,19.609],[84.235,19.597],[84.241,19.575],[84.257,19.497],[84.372,19.539],[84.407,19.445],[84.39,19.391],[84.425,19.262],[84.364,19.192],[84.389,19.116],[84.354,19.017],[84.435,18.992]]]},"properties":{"DISTRICT":"Ganjam","ST_NM":"Odisha"}},
{"type":"Feature","geometry":{"type":"Polygon","coordinates":[[[79.901,18.835],[79.939,18.788],[80.019,18.771],[80.114,18.682],[80.275,18.722],[80.248,18.753],[80.354,18.815],[80.343,18.86],[80.271,18.945],[80.275,18.991],[80.388,19.185],[80.396,19.247],[80.453,19.274],[80.478,19.333],[80.567,19.401],[80.611,19.316],[80.757,19.291],[80.834,19.352],[80.795,19.431],[80.899,19.47],[80.886,19.523],[80.728,19.612],[80.669,19.612],[80.673,19.691],[80.547,19.778],[80.497,19.896],[80.551,19.984],[80.547,20.112],[80.458,20.147],[80.39,20.244],[80.518,20.272],[80.624,20.328],[80.593,20.394],[80.61,20.435],[80.62,20.592],[80.526,20.663],[80.585,20.68],[80.55,20.793],[80.563,20.821],[80.506,20.831],[80.332,20.82],[80.322,20.753],[80.273,20.672],[80.229,20.653],[80.162,20.687],[80.019,20.666],[79.965,20.69],[79.933,20.667],[79.928,20.552],[79.941,20.447],[79.974,20.361],[79.945,20.294],[79.992,20.238],[79.914,20.141],[79.965,20.121],[79.992,20.045],[79.951,19.985],[79.871,19.984],[79.849,20.032],[79.781,20],[79.806,19.9],[79.744,19.823],[79.787,19.717],[79.792,19.596],[79.835,19.54],[79.918,19.495],[79.98,19.404],[79.927,19.23],[79.949,19.179],[79.865,19.107],[79.933,19.046],[79.946,18.863],[79.901,18.835]]]},"properties":{"DISTRICT":"Garhchiroli","ST_NM":"Maharashtra"}},
{"type":"Feature","geometry":{"type":"Polygon","coordinates":[[[83.9,24.193],[83.819,24.291],[83.821,24.378],[83.856,24.408],[83.855,24.493],[83.872,24.525],[83.875,24.528],[83.876,24.532],[83.866,24.536],[83.79,24.523],[83.756,24.51],[83.506,24.526],[83.401,24.5],[83.389,24.454],[83.438,24.403],[83.442,24.346],[83.383,24.312],[83.41,24.265],[83.357,24.126],[83.331,24.101],[83.433,24.083],[83.517,24.025],[83.52,23.967],[83.589,23.862],[83.664,23.843],[83.737,23.755],[83.722,23.683],[83.782,23.6],[83.943,23.563],[83.947,23.623],[83.956,23.625],[84.008,23.633],[84.014,23.633],[84.067,23.694],[83.994,23.709],[84.018,23.796],[83.933,23.865],[83.907,23.948],[83.832,23.949],[83.827,24.002],[83.867,24.07],[83.977,24.124],[83.905,24.19],[83.9,24.193]]]},"properties":{"DISTRICT":"Garhwa","ST_NM":"Jharkhand"}},
{"type":"Feature","geometry":{"type":"Polygon","coordinates":[[[79.228,29.978],[79.203,30.066],[79.136,30.122],[79.142,30.166],[79.08,30.22],[79.047,30.31],[78.896,30.257],[78.757,30.215],[78.69,30.242],[78.594,30.14],[78.594,30.066],[78.508,30.057],[78.439,30.079],[78.414,30.136],[78.312,30.113],[78.229,30.017],[78.194,29.945],[78.321,29.852],[78.344,29.79],[78.5,29.736],[78.524,29.645],[78.589,29.575],[78.706,29.503],[78.908,29.45],[78.966,29.539],[79.037,29.585],[79.062,29.587],[79.122,29.708],[79.123,29.808],[79.083,29.885],[79.229,29.947],[79.228,29.978]]]},"properties":{"DISTRICT":"Garhwal","ST_NM":"Uttarakhand"}},
{"type":"Feature","geometry":{"type":"Polygon","coordinates":[[[77.675,28.105],[77.75,28.174],[77.683,28.249],[77.697,28.348],[77.643,28.409],[77.639,28.478],[77.647,28.483],[77.649,28.485],[77.653,28.485],[77.658,28.487],[77.661,28.491],[77.689,28.552],[77.656,28.595],[77.522,28.647],[77.406,28.629],[77.337,28.68],[77.336,28.677],[77.328,28.674],[77.346,28.603],[77.305,28.577],[77.348,28.503],[77.446,28.426],[77.548,28.185],[77.521,28.159],[77.479,28.078],[77.573,28.079],[77.674,28.108],[77.675,28.105]]]},"properties":{"DISTRICT":"Gautam Buddha Nagar","ST_NM":"Uttar Pradesh"}},
{"type":"Feature","geometry":{"type":"Polygon","coordinates":[[[85.205,25.053],[85.204,25.053],[85.203,25.051],[85.195,25.05],[85.179,25.05],[85.155,25.068],[85.152,25.052],[85.126,25.051],[85.091,24.99],[85.044,25.033],[84.932,24.992],[84.926,25.057],[84.876,25.064],[84.875,25.063],[84.815,25.071],[84.769,25.047],[84.756,25.054],[84.744,25.053],[84.739,25.055],[84.739,25.053],[84.735,25.045],[84.746,24.987],[84.705,24.904],[84.642,24.867],[84.733,24.795],[84.723,24.701],[84.604,24.656],[84.597,24.597],[84.547,24.527],[84.49,24.514],[84.393,24.561],[84.329,24.489],[84.301,24.45],[84.343,24.395],[84.469,24.317],[84.486,24.303],[84.501,24.287],[84.58,24.412],[84.666,24.394],[84.686,24.456],[84.827,24.525],[84.911,24.372],[84.976,24.376],[85.039,24.425],[85.088,24.381],[85.176,24.43],[85.286,24.519],[85.39,24.535],[85.318,24.562],[85.276,24.747],[85.327,24.853],[85.383,24.898],[85.397,24.966],[85.326,25.024],[85.211,25.034],[85.202,25.034],[85.203,25.048],[85.205,25.053]]]},"properties":{"DISTRICT":"Gaya","ST_NM":"Bihar"}},
{"type":"Feature","geometry":{"type":"Polygon","coordinates":[[[77.228,28.83],[77.211,28.787],[77.214,28.784],[77.337,28.68],[77.406,28.629],[77.522,28.647],[77.656,28.595],[77.689,28.552],[77.713,28.553],[77.716,28.552],[77.801,28.615],[77.902,28.659],[77.968,28.714],[78.128,28.622],[78.149,28.63],[78.169,28.617],[78.181,28.616],[78.209,28.615],[78.174,28.692],[78.152,28.707],[78.116,28.856],[77.969,28.843],[77.869,28.862],[77.854,28.801],[77.732,28.736],[77.693,28.875],[77.597,28.875],[77.462,28.92],[77.409,28.875],[77.413,28.791],[77.413,28.782],[77.308,28.791],[77.228,28.83]]]},"properties":{"DISTRICT":"Ghaziabad","ST_NM":"Uttar Pradesh"}},
{"type":"Feature","geometry":{"type":"Polygon","coordinates":[[[83.067,25.651],[83.072,25.551],[83.087,25.494],[83.18,25.51],[83.289,25.504],[83.34,25.463],[83.414,25.487],[83.505,25.406],[83.543,25.313],[83.628,25.327],[83.718,25.393],[83.77,25.386],[83.929,25.56],[83.955,25.748],[83.819,25.783],[83.733,25.856],[83.66,25.891],[83.508,25.864],[83.346,25.814],[83.286,25.76],[83.221,25.759],[83.185,25.673],[83.067,25.651]]]},"properties":{"DISTRICT":"Ghazipur","ST_NM":"Uttar Pradesh"}},
{"type":"Feature","geometry":{"type":"Polygon","coordinates":[[[86.119,23.894],[86.137,23.936],[86.28,23.933],[86.349,24.055],[86.471,24.018],[86.533,24.057],[86.576,24.14],[86.489,24.152],[86.518,24.223],[86.458,24.37],[86.3,24.477],[86.299,24.587],[86.172,24.584],[86.132,24.612],[86.14,24.676],[86.057,24.78],[85.977,24.734],[85.911,24.762],[85.822,24.73],[85.834,24.686],[85.765,24.626],[85.81,24.553],[85.868,24.527],[85.845,24.353],[85.87,24.295],[85.844,24.224],[85.732,24.206],[85.67,24.156],[85.708,24.13],[85.708,24.105],[85.715,24.105],[85.825,24.077],[85.892,24.032],[85.92,23.956],[85.957,23.901],[86.119,23.894]]]},"properties":{"DISTRICT":"Giridih","ST_NM":"Jharkhand"}},
{"type":"Feature","geometry":{"type":"Polygon","coordinates":[[[90.656,26.241],[90.379,26.181],[90.252,26.177],[90.166,26.086],[90.193,26.025],[90.123,25.961],[90.217,25.954],[90.328,25.974],[90.369,26.01],[90.432,25.989],[90.481,26.015],[90.538,25.958],[90.633,25.937],[90.717,25.952],[90.744,25.915],[90.886,25.951],[91.032,25.887],[91.101,26.009],[90.939,26.094],[90.872,26.098],[90.695,26.153],[90.656,26.241]]]},"properties":{"DISTRICT":"Goalpara","ST_NM":"Assam"}},
{"type":"Feature","geometry":{"type":"Polygon","coordinates":[[[87.05,24.625],[87.071,24.642],[87.219,24.588],[87.314,24.597],[87.406,24.506],[87.466,24.57],[87.462,24.793],[87.511,24.797],[87.459,24.933],[87.519,25.057],[87.476,25.106],[87.478,25.195],[87.398,25.228],[87.33,25.224],[87.297,25.09],[87.217,25.09],[87.174,25.049],[87.153,24.863],[87.083,24.809],[87.088,24.725],[87.05,24.625]]]},"properties":{"DISTRICT":"Godda","ST_NM":"Jharkhand"}},
{"type":"Feature","geometry":{"type":"Polygon","coordinates":[[[93.823,26.824],[93.822,26.823],[93.774,26.844],[93.651,26.778],[93.651,26.705],[93.511,26.76],[93.349,26.732],[93.309,26.698],[93.304,26.578],[93.414,26.568],[93.561,26.608],[93.687,26.606],[93.829,26.417],[93.885,26.387],[93.877,26.266],[93.783,26.039],[93.773,25.962],[93.798,25.905],[93.78,25.842],[93.968,25.906],[93.983,25.922],[93.955,26.003],[94.013,26.182],[94.108,26.322],[94.168,26.349],[94.119,26.4],[94.1,26.492],[94.118,26.554],[94.074,26.597],[94.049,26.728],[93.981,26.789],[93.92,26.784],[93.868,26.814],[93.831,26.813],[93.827,26.816],[93.825,26.819],[93.823,26.824]]]},"properties":{"DISTRICT":"Golaghat","ST_NM":"Assam"}},
{"type":"Feature","geometry":{"type":"Polygon","coordinates":[[[81.507,27.059],[81.655,27.004],[81.718,26.92],[81.719,26.92],[81.725,26.919],[81.755,26.885],[81.92,26.789],[82.186,26.833],[82.225,26.807],[82.244,26.934],[82.329,26.956],[82.487,26.905],[82.591,27.002],[82.568,27.075],[82.476,27.166],[82.478,27.162],[82.48,27.156],[82.412,27.078],[82.339,27.054],[82.217,27.179],[82.279,27.275],[82.116,27.37],[82.077,27.411],[81.933,27.42],[81.921,27.331],[81.797,27.296],[81.731,27.33],[81.608,27.141],[81.507,27.059]]]},"properties":{"DISTRICT":"Gonda","ST_NM":"Uttar Pradesh"}},
{"type":"Feature","geometry":{"type":"Polygon","coordinates":[[[79.922,21.524],[79.883,21.424],[79.803,21.379],[79.848,21.245],[79.942,21.252],[80.05,21.21],[80.084,21.143],[80.087,21.048],[80.048,21.003],[79.953,21.013],[79.948,20.926],[79.865,20.876],[79.87,20.78],[79.926,20.766],[79.965,20.69],[80.019,20.666],[80.162,20.687],[80.229,20.653],[80.273,20.672],[80.322,20.753],[80.332,20.82],[80.506,20.831],[80.563,20.821],[80.542,20.932],[80.466,20.929],[80.431,21.01],[80.464,21.173],[80.568,21.207],[80.646,21.256],[80.663,21.331],[80.6,21.325],[80.526,21.39],[80.455,21.403],[80.377,21.521],[80.267,21.62],[80.195,21.634],[80.125,21.609],[80.07,21.554],[79.934,21.553],[79.922,21.524]]]},"properties":{"DISTRICT":"Gondiya","ST_NM":"Maharashtra"}},
{"type":"Feature","geometry":{"type":"Polygon","coordinates":[[[84.18,26.372],[84.279,26.306],[84.366,26.368],[84.436,26.374],[84.488,26.335],[84.591,26.323],[84.763,26.211],[84.899,26.215],[84.877,26.255],[84.73,26.383],[84.661,26.463],[84.581,26.485],[84.513,26.533],[84.493,26.602],[84.417,26.636],[84.281,26.597],[84.161,26.636],[84.094,26.608],[84.058,26.548],[83.916,26.504],[83.911,26.448],[84.025,26.439],[84.071,26.388],[84.18,26.372]]]},"properties":{"DISTRICT":"Gopalganj","ST_NM":"Bihar"}},
{"type":"Feature","geometry":{"type":"Polygon","coordinates":[[[83.135,26.385],[83.231,26.393],[83.337,26.35],[83.441,26.271],[83.508,26.277],[83.635,26.223],[83.625,26.322],[83.482,26.457],[83.501,26.494],[83.602,26.515],[83.632,26.657],[83.62,26.753],[83.545,26.88],[83.447,26.975],[83.331,26.981],[83.323,27.053],[83.178,27.087],[83.13,27.141],[83.128,27.102],[83.174,27.002],[83.227,26.987],[83.217,26.884],[83.135,26.864],[83.09,26.715],[83.155,26.542],[83.097,26.484],[83.071,26.408],[83.135,26.385]]]},"properties":{"DISTRICT":"Gorakhpur","ST_NM":"Uttar Pradesh"}},
{"type":"Feature","geometry":{"type":"Polygon","coordinates":[[[76.692,17.682],[76.605,17.757],[76.525,17.76],[76.486,17.671],[76.43,17.646],[76.417,17.606],[76.332,17.596],[76.363,17.377],[76.383,17.314],[76.276,17.332],[76.229,17.365],[76.073,17.334],[76.125,17.245],[76.244,17.149],[76.366,17.176],[76.364,17.117],[76.43,17.099],[76.438,16.867],[76.375,16.859],[76.372,16.767],[76.435,16.763],[76.46,16.711],[76.605,16.766],[76.634,16.737],[76.755,16.831],[76.895,16.896],[76.934,16.829],[77.041,16.879],[77.24,16.943],[77.335,16.931],[77.408,16.881],[77.457,16.885],[77.503,17.011],[77.467,17.107],[77.38,17.141],[77.384,17.223],[77.46,17.348],[77.525,17.365],[77.514,17.43],[77.577,17.433],[77.69,17.509],[77.444,17.584],[77.301,17.598],[77.277,17.627],[77.191,17.616],[76.995,17.695],[76.929,17.635],[76.771,17.647],[76.692,17.682]]]},"properties":{"DISTRICT":"Gulbarga","ST_NM":"Karnataka"}},
{"type":"Feature","geometry":{"type":"Polygon","coordinates":[[[84.399,23.604],[84.319,23.579],[84.329,23.528],[84.252,23.451],[84.261,23.378],[84.194,23.324],[84.119,23.35],[84.077,23.331],[84.041,23.169],[84.224,22.978],[84.286,22.963],[84.377,22.977],[84.383,22.875],[84.327,22.851],[84.295,22.773],[84.34,22.746],[84.418,22.765],[84.451,22.831],[84.551,22.791],[84.57,22.727],[84.696,22.742],[84.733,22.801],[84.795,22.754],[84.933,22.79],[84.979,22.785],[84.991,22.961],[84.943,23.011],[84.904,23.055],[84.886,23.14],[84.951,23.228],[84.914,23.244],[84.898,23.32],[84.629,23.309],[84.538,23.348],[84.424,23.426],[84.475,23.488],[84.471,23.576],[84.399,23.604]]]},"properties":{"DISTRICT":"Gumla","ST_NM":"Jharkhand"}},
{"type":"Feature","geometry":{"type":"Polygon","coordinates":[[[77.563,24.871],[77.477,24.877],[77.45,24.928],[77.358,24.944],[77.308,25.079],[77.268,25.114],[77.175,25.109],[77.082,25.053],[76.989,25.073],[76.874,25.006],[76.877,24.95],[76.954,24.868],[76.9,24.835],[76.807,24.822],[76.851,24.765],[77.024,24.71],[77.064,24.638],[77.055,24.522],[76.965,24.456],[76.923,24.531],[76.819,24.53],[76.845,24.438],[76.841,24.356],[76.878,24.267],[76.948,24.194],[76.882,24.131],[76.958,24.073],[77.183,24.082],[77.189,24.005],[77.164,23.949],[77.228,23.896],[77.319,23.894],[77.311,24.01],[77.264,24.07],[77.401,24.275],[77.451,24.24],[77.554,24.249],[77.649,24.315],[77.591,24.379],[77.476,24.433],[77.489,24.65],[77.553,24.722],[77.52,24.827],[77.563,24.871]]]},"properties":{"DISTRICT":"Guna","ST_NM":"Madhya Pradesh"}},
{"type":"Feature","geometry":{"type":"Polygon","coordinates":[[[80.819,15.743],[80.906,15.923],[80.905,16],[80.869,16.142],[80.81,16.285],[80.645,16.499],[80.484,16.597],[80.319,16.626],[80.228,16.624],[80.146,16.663],[80.148,16.756],[80.078,16.821],[80.056,16.753],[79.951,16.64],[79.87,16.706],[79.783,16.737],[79.656,16.669],[79.505,16.637],[79.435,16.589],[79.274,16.568],[79.238,16.526],[79.219,16.37],[79.233,16.257],[79.2,16.23],[79.226,16.181],[79.304,16.23],[79.368,16.243],[79.464,16.311],[79.556,16.305],[79.575,16.197],[79.557,16.141],[79.583,16.021],[79.569,15.947],[79.705,15.899],[79.768,15.896],[79.802,15.939],[79.887,15.92],[79.925,15.965],[79.872,16.025],[79.921,16.078],[79.875,16.162],[80,16.139],[80.071,16.069],[80.102,16.009],[80.151,16.044],[80.233,16.031],[80.306,16.054],[80.379,15.986],[80.439,15.806],[80.521,15.846],[80.731,15.886],[80.816,15.809],[80.819,15.743]]]},"properties":{"DISTRICT":"Guntur","ST_NM":"Andhra Pradesh"}},
{"type":"Feature","geometry":{"type":"Polygon","coordinates":[[[75.405,31.594],[75.476,31.651],[75.569,31.776],[75.573,31.855],[75.53,31.944],[75.594,32.081],[75.671,32.146],[75.638,32.235],[75.752,32.273],[75.86,32.379],[75.927,32.409],[75.871,32.499],[75.889,32.576],[75.82,32.487],[75.762,32.476],[75.727,32.418],[75.608,32.382],[75.483,32.318],[75.34,32.342],[75.333,32.219],[75.283,32.119],[75.24,32.091],[75.135,32.084],[75.008,32.044],[74.912,32.051],[74.937,32.013],[74.902,31.934],[74.969,31.834],[75.077,31.806],[75.203,31.728],[75.227,31.685],[75.405,31.594]]]},"properties":{"DISTRICT":"Gurdaspur","ST_NM":"Punjab"}},
{"type":"Feature","geometry":{"type":"Polygon","coordinates":[[[77.175,28.403],[77.115,28.483],[77.025,28.528],[76.889,28.504],[76.744,28.465],[76.708,28.408],[76.726,28.36],[76.698,28.361],[76.697,28.37],[76.674,28.38],[76.667,28.378],[76.665,28.371],[76.682,28.263],[76.855,28.235],[76.931,28.321],[77.014,28.305],[77.019,28.25],[77.179,28.2],[77.239,28.269],[77.154,28.317],[77.175,28.403]]]},"properties":{"DISTRICT":"Gurgaon","ST_NM":"Haryana"}},
{"type":"Feature","geometry":{"type":"MultiPolygon","coordinates":[[[[78.264,26.338],[78.229,26.305],[78.122,26.339],[78.027,26.312],[77.985,26.252],[77.815,26.255],[77.744,26.163],[77.774,26.051],[77.73,26.05],[77.672,25.979],[77.677,25.916],[77.685,25.913],[77.689,25.911],[77.693,25.908],[77.698,25.888],[77.713,25.879],[77.745,25.882],[77.798,25.824],[77.868,25.804],[77.918,25.753],[78.058,25.711],[78.214,25.739],[78.26,25.719],[78.281,25.781],[78.318,25.817],[78.467,25.904],[78.488,25.963],[78.583,26.005],[78.642,26.084],[78.629,26.157],[78.494,26.264],[78.332,26.347],[78.264,26.338]]],[[[78.775,26.015],[78.727,25.945],[78.628,25.9],[78.716,25.733],[78.712,25.682],[78.629,25.577],[78.802,25.612],[78.819,25.669],[78.768,25.715],[78.884,25.91],[78.783,25.965],[78.775,26.015]]]]},"properties":{"DISTRICT":"Gwalior","ST_NM":"Madhya Pradesh"}},
{"type":"Feature","geometry":{"type":"Polygon","coordinates":[[[92.589,24.862],[92.545,24.799],[92.497,24.674],[92.519,24.567],[92.507,24.437],[92.477,24.323],[92.422,24.251],[92.419,24.192],[92.463,24.134],[92.532,24.178],[92.55,24.244],[92.611,24.251],[92.626,24.332],[92.691,24.354],[92.765,24.518],[92.764,24.567],[92.67,24.591],[92.656,24.736],[92.68,24.813],[92.589,24.862]]]},"properties":{"DISTRICT":"Hailakandi","ST_NM":"Assam"}},
{"type":"Feature","geometry":{"type":"Polygon","coordinates":[[[76.73,31.585],[76.674,31.732],[76.621,31.79],[76.641,31.875],[76.568,31.89],[76.461,31.805],[76.303,31.776],[76.314,31.722],[76.394,31.62],[76.459,31.486],[76.614,31.419],[76.622,31.573],[76.73,31.585]]]},"properties":{"DISTRICT":"Hamirpur","ST_NM":"Himachal Pradesh"}},
{"type":"Feature","geometry":{"type":"Polygon","coordinates":[[[80.35,25.899],[80.237,25.922],[80.084,26.005],[80.095,26.078],[79.958,26.078],[79.968,26.154],[79.966,26.155],[79.965,26.158],[79.922,26.091],[79.954,26.007],[79.867,25.936],[79.87,25.882],[79.806,25.864],[79.752,25.907],[79.617,25.903],[79.398,25.796],[79.375,25.603],[79.389,25.522],[79.535,25.483],[79.645,25.486],[79.66,25.542],[79.814,25.499],[79.831,25.549],[79.98,25.631],[80.026,25.588],[80,25.532],[80.024,25.444],[80.121,25.407],[80.191,25.442],[80.215,25.554],[80.317,25.645],[80.347,25.717],[80.262,25.806],[80.353,25.87],[80.35,25.899]]]},"properties":{"DISTRICT":"Hamirpur","ST_NM":"Uttar Pradesh"}},
{"type":"Feature","geometry":{"type":"Polygon","coordinates":[[[75.525,28.979],[75.444,29.014],[75.39,29.067],[75.37,29.14],[75.41,29.186],[75.389,29.261],[75.324,29.233],[75.286,29.271],[75.244,29.249],[75.087,29.23],[75.033,29.289],[74.962,29.28],[74.936,29.363],[74.859,29.401],[74.785,29.359],[74.659,29.371],[74.579,29.405],[74.62,29.531],[74.581,29.555],[74.615,29.752],[74.481,29.744],[74.501,29.826],[74.563,29.865],[74.529,29.943],[74.452,29.947],[74.331,29.954],[74.301,29.956],[74.302,29.953],[74.304,29.947],[74.306,29.944],[74.305,29.942],[74.283,29.939],[74.263,29.908],[74.275,29.849],[74.217,29.851],[74.169,29.77],[74.08,29.705],[73.927,29.652],[73.909,29.624],[73.803,29.601],[73.808,29.538],[73.886,29.495],[73.924,29.378],[74.026,29.282],[74.097,29.259],[74.214,29.293],[74.203,29.15],[74.102,29.045],[74.071,29.023],[74.065,29.021],[74.062,29.019],[74.044,29.011],[74.042,29.01],[74.041,29.004],[74.112,28.94],[74.12,28.847],[74.161,28.777],[74.196,28.809],[74.278,28.8],[74.419,28.885],[74.49,28.82],[74.694,28.838],[74.742,28.855],[74.811,28.932],[74.899,28.935],[74.919,28.898],[74.999,28.915],[75.101,28.873],[75.22,28.857],[75.359,28.964],[75.478,28.935],[75.525,28.979]]]},"properties":{"DISTRICT":"Hanumangarh","ST_NM":"Rajasthan"}},
{"type":"Feature","geometry":{"type":"Polygon","coordinates":[[[88.356,22.65],[88.179,22.682],[88.015,22.684],[87.951,22.763],[87.93,22.633],[87.855,22.598],[87.886,22.509],[87.883,22.441],[87.884,22.44],[87.885,22.439],[87.927,22.422],[87.945,22.407],[87.971,22.264],[88.012,22.23],[88.049,22.22],[88.098,22.302],[88.099,22.376],[88.142,22.408],[88.166,22.48],[88.274,22.555],[88.332,22.556],[88.363,22.633],[88.356,22.65]]]},"properties":{"DISTRICT":"Haora","ST_NM":"West Bengal"}},
{"type":"Feature","geometry":{"type":"Polygon","coordinates":[[[77.356,22.249],[77.354,22.314],[77.309,22.358],[77.276,22.474],[77.207,22.569],[77.124,22.559],[77.029,22.5],[76.897,22.485],[76.79,22.429],[76.782,22.347],[76.895,22.299],[76.847,22.244],[76.828,22.162],[76.858,22.032],[76.977,22.007],[77,21.981],[77.137,21.993],[77.219,21.905],[77.276,21.964],[77.395,21.997],[77.455,22.085],[77.467,22.167],[77.416,22.175],[77.356,22.249]]]},"properties":{"DISTRICT":"Harda","ST_NM":"Madhya Pradesh"}},
{"type":"Feature","geometry":{"type":"Polygon","coordinates":[[[79.726,27.216],[79.805,27.168],[79.906,27.147],[79.923,27.098],[80.021,26.953],[80.052,26.919],[80.1,26.98],[80.23,26.97],[80.305,27.025],[80.339,26.948],[80.384,26.93],[80.56,27.011],[80.647,27.079],[80.827,27.101],[80.816,27.166],[80.728,27.235],[80.641,27.265],[80.518,27.267],[80.448,27.403],[80.354,27.484],[80.306,27.581],[80.312,27.679],[80.251,27.756],[80.063,27.77],[80.059,27.741],[79.882,27.7],[79.814,27.657],[79.767,27.713],[79.696,27.653],[79.728,27.537],[79.716,27.473],[79.747,27.452],[79.69,27.368],[79.722,27.327],[79.726,27.216]]]},"properties":{"DISTRICT":"Hardoi","ST_NM":"Uttar Pradesh"}},
{"type":"Feature","geometry":{"type":"Polygon","coordinates":[[[78.344,29.79],[78.321,29.852],[78.194,29.945],[78.095,30.017],[78.007,30.172],[77.945,30.242],[77.833,30.088],[77.771,30.041],[77.716,29.862],[77.777,29.78],[77.77,29.711],[77.823,29.667],[77.886,29.696],[77.958,29.682],[77.989,29.636],[78,29.54],[78.178,29.674],[78.244,29.698],[78.344,29.79]]]},"properties":{"DISTRICT":"Hardwar","ST_NM":"Uttarakhand"}},
{"type":"Feature","geometry":{"type":"Polygon","coordinates":[[[75.557,12.915],[75.623,12.857],[75.614,12.798],[75.673,12.7],[75.762,12.675],[75.812,12.7],[75.928,12.819],[75.967,12.7],[75.94,12.644],[75.967,12.559],[76.021,12.566],[76.132,12.526],[76.193,12.574],[76.229,12.643],[76.312,12.621],[76.345,12.656],[76.365,12.71],[76.333,12.798],[76.412,12.846],[76.47,12.795],[76.523,12.841],[76.577,12.848],[76.632,13.006],[76.617,13.063],[76.469,13.095],[76.476,13.141],[76.372,13.199],[76.346,13.36],[76.382,13.364],[76.418,13.447],[76.402,13.524],[76.364,13.546],[76.231,13.467],[76.162,13.47],[76.141,13.407],[76.056,13.379],[76.044,13.272],[75.836,13.25],[75.73,13.181],[75.74,13.031],[75.646,13.032],[75.598,12.944],[75.557,12.915]]]},"properties":{"DISTRICT":"Hassan","ST_NM":"Karnataka"}},
{"type":"Feature","geometry":{"type":"Polygon","coordinates":[[[78.198,27.403],[78.18,27.433],[78.22,27.513],[78.334,27.583],[78.387,27.566],[78.506,27.624],[78.519,27.734],[78.515,27.74],[78.495,27.745],[78.487,27.749],[78.479,27.808],[78.466,27.827],[78.26,27.677],[78.162,27.774],[78.015,27.752],[77.994,27.621],[77.898,27.584],[77.879,27.527],[77.942,27.484],[77.903,27.441],[77.904,27.323],[77.951,27.283],[77.99,27.284],[78.082,27.392],[78.137,27.365],[78.198,27.403]]]},"properties":{"DISTRICT":"Mahamaya Nagar","ST_NM":"Uttar Pradesh"}},
{"type":"Feature","geometry":{"type":"Polygon","coordinates":[[[75.702,14.948],[75.671,14.986],[75.6,14.955],[75.544,14.978],[75.539,15.027],[75.42,15.062],[75.343,15.065],[75.338,15.159],[75.254,15.106],[75.142,15.1],[75.081,15.073],[75.07,15.016],[75.071,14.78],[75.032,14.707],[75.051,14.649],[75.208,14.615],[75.265,14.579],[75.347,14.483],[75.371,14.37],[75.536,14.277],[75.58,14.276],[75.623,14.337],[75.642,14.43],[75.688,14.49],[75.796,14.509],[75.819,14.562],[75.812,14.651],[75.74,14.685],[75.757,14.738],[75.666,14.808],[75.702,14.948]]]},"properties":{"DISTRICT":"Haveri","ST_NM":"Karnataka"}},
{"type":"Feature","geometry":{"type":"Polygon","coordinates":[[[85.92,23.956],[85.892,24.032],[85.825,24.077],[85.715,24.105],[85.708,24.105],[85.701,24.099],[85.68,24.096],[85.653,24.123],[85.573,24.14],[85.505,24.169],[85.526,24.228],[85.596,24.263],[85.639,24.334],[85.546,24.355],[85.501,24.332],[85.431,24.356],[85.343,24.313],[85.293,24.211],[85.29,24.21],[85.16,24.241],[85.14,24.21],[85.175,24.109],[85.241,24.078],[85.251,24.03],[85.188,23.949],[85.037,23.987],[85.054,23.714],[85.055,23.71],[85.108,23.664],[85.227,23.699],[85.252,23.697],[85.293,23.689],[85.34,23.701],[85.409,23.674],[85.449,23.688],[85.455,23.786],[85.493,23.802],[85.579,23.912],[85.647,23.933],[85.753,23.929],[85.839,23.83],[85.92,23.956]]]},"properties":{"DISTRICT":"Hazaribagh","ST_NM":"Jharkhand"}},
{"type":"Feature","geometry":{"type":"Polygon","coordinates":[[[77.286,19.91],[77.209,19.947],[77.102,19.933],[77.036,20.01],[76.773,19.933],[76.739,19.872],[76.679,19.846],[76.706,19.836],[76.734,19.716],[76.851,19.704],[76.857,19.645],[76.943,19.622],[76.969,19.545],[76.893,19.311],[76.921,19.256],[77.013,19.252],[77.088,19.172],[77.104,19.104],[77.141,19.07],[77.192,19.13],[77.178,19.211],[77.244,19.321],[77.314,19.354],[77.364,19.339],[77.452,19.389],[77.494,19.466],[77.47,19.499],[77.46,19.682],[77.379,19.743],[77.39,19.821],[77.286,19.91]]]},"properties":{"DISTRICT":"Hingoli","ST_NM":"Maharashtra"}},
{"type":"Feature","geometry":{"type":"Polygon","coordinates":[[[76.22,28.981],[76.235,29.052],[76.302,29.087],[76.284,29.194],[76.235,29.208],[76.188,29.284],[76.231,29.388],[76.035,29.416],[75.997,29.482],[75.941,29.498],[75.96,29.565],[75.946,29.572],[75.829,29.512],[75.783,29.524],[75.704,29.426],[75.633,29.42],[75.599,29.342],[75.51,29.402],[75.417,29.413],[75.398,29.32],[75.305,29.32],[75.286,29.271],[75.324,29.233],[75.389,29.261],[75.41,29.186],[75.37,29.14],[75.39,29.067],[75.444,29.014],[75.525,28.979],[75.625,28.977],[75.68,28.913],[75.832,28.913],[75.858,28.962],[75.987,29.078],[76.22,28.981]]]},"properties":{"DISTRICT":"Hisar","ST_NM":"Haryana"}},
{"type":"Feature","geometry":{"type":"Polygon","coordinates":[[[78.273,22.402],[78.321,22.424],[78.483,22.384],[78.554,22.454],[78.548,22.532],[78.501,22.593],[78.523,22.664],[78.618,22.655],[78.68,22.699],[78.675,22.777],[78.589,22.823],[78.572,22.956],[78.469,22.958],[78.442,22.985],[78.281,22.868],[78.214,22.892],[78.137,22.845],[78.103,22.79],[78.029,22.803],[77.939,22.8],[77.841,22.861],[77.734,22.755],[77.619,22.742],[77.58,22.676],[77.35,22.599],[77.268,22.608],[77.207,22.569],[77.276,22.474],[77.309,22.358],[77.354,22.314],[77.356,22.249],[77.443,22.219],[77.544,22.355],[77.68,22.322],[77.862,22.346],[78.036,22.33],[78.186,22.397],[78.273,22.402]]]},"properties":{"DISTRICT":"Hoshangabad","ST_NM":"Madhya Pradesh"}},
{"type":"Feature","geometry":{"type":"Polygon","coordinates":[[[75.476,31.651],[75.571,31.638],[75.595,31.605],[75.671,31.607],[75.736,31.498],[75.823,31.406],[75.788,31.37],[75.897,31.34],[75.892,31.276],[76.053,31.227],[76.173,31.136],[76.239,31.238],[76.339,31.226],[76.291,31.307],[76.187,31.304],[76.171,31.402],[76.098,31.535],[76.017,31.645],[75.96,31.78],[75.959,31.856],[75.909,31.949],[75.81,31.988],[75.664,32.077],[75.594,32.081],[75.53,31.944],[75.573,31.855],[75.569,31.776],[75.476,31.651]]]},"properties":{"DISTRICT":"Hoshiarpur","ST_NM":"Punjab"}},
{"type":"Feature","geometry":{"type":"Polygon","coordinates":[[[87.525,22.93],[87.51,22.904],[87.636,22.812],[87.746,22.773],[87.745,22.739],[87.816,22.617],[87.855,22.598],[87.93,22.633],[87.951,22.763],[88.015,22.684],[88.179,22.682],[88.356,22.65],[88.356,22.795],[88.411,22.884],[88.412,22.945],[88.419,23.016],[88.494,23.079],[88.42,23.212],[88.348,23.132],[88.171,23.15],[88.15,23.077],[88.052,23.039],[88.013,22.963],[87.893,22.938],[87.794,22.941],[87.714,23.011],[87.646,22.988],[87.618,22.891],[87.525,22.93]]]},"properties":{"DISTRICT":"Hugli","ST_NM":"West Bengal"}},
{"type":"Feature","geometry":{"type":"Polygon","coordinates":[[[78.512,17.454],[78.393,17.412],[78.401,17.357],[78.482,17.304],[78.515,17.33],[78.512,17.454]]]},"properties":{"DISTRICT":"Hyderabad","ST_NM":"Andhra Pradesh"}},
{"type":"Feature","geometry":{"type":"Polygon","coordinates":[[[76.905,10.251],[76.84,10.284],[76.689,10.267],[76.643,10.161],[76.795,10.042],[76.691,9.922],[76.638,9.918],[76.633,9.856],[76.814,9.783],[76.888,9.717],[76.93,9.651],[76.89,9.617],[76.89,9.537],[76.956,9.49],[76.941,9.43],[77.049,9.451],[77.142,9.489],[77.205,9.451],[77.248,9.385],[77.227,9.296],[77.284,9.271],[77.337,9.36],[77.341,9.417],[77.399,9.47],[77.403,9.526],[77.32,9.602],[77.239,9.582],[77.181,9.657],[77.223,9.731],[77.239,9.852],[77.214,9.875],[77.276,9.973],[77.264,10.025],[77.202,10.105],[77.268,10.121],[77.289,10.23],[77.176,10.355],[77.095,10.308],[76.995,10.228],[76.905,10.251]]]},"properties":{"DISTRICT":"Idukki","ST_NM":"Kerala"}},
{"type":"Feature","geometry":{"type":"Polygon","coordinates":[[[93.876,24.552],[93.912,24.569],[93.93,24.713],[94.018,24.67],[94.087,24.693],[94.061,24.703],[94.127,24.9],[94.062,24.887],[94.047,24.957],[93.955,24.938],[93.915,25],[93.848,24.951],[93.774,24.737],[93.806,24.622],[93.876,24.552]]]},"properties":{"DISTRICT":"Imphal East","ST_NM":"Manipur"}},
{"type":"Feature","geometry":{"type":"Polygon","coordinates":[[[93.106,24.58],[93.191,24.55],[93.224,24.637],[93.207,24.703],[93.145,24.711],[93.179,24.783],[93.224,24.794],[93.214,24.858],[93.192,24.803],[93.112,24.799],[93.088,24.706],[93.106,24.58]]]},"properties":{"DISTRICT":"Imphal West","ST_NM":"Manipur"}},
{"type":"Feature","geometry":{"type":"Polygon","coordinates":[[[75.9,23],[75.874,23.038],[75.635,23.021],[75.567,23.065],[75.479,23.002],[75.438,22.869],[75.437,22.773],[75.509,22.731],[75.527,22.632],[75.661,22.636],[75.679,22.581],[75.593,22.556],[75.559,22.375],[75.621,22.34],[75.773,22.367],[75.838,22.403],[76.059,22.462],[76.031,22.529],[76.087,22.547],[76.09,22.587],[76.246,22.644],[76.191,22.69],[76.104,22.701],[76.033,22.844],[75.9,23]]]},"properties":{"DISTRICT":"Indore","ST_NM":"Madhya Pradesh"}},
{"type":"Feature","geometry":{"type":"Polygon","coordinates":[[[79.372,23.164],[79.351,23.105],[79.46,23.096],[79.511,23.139],[79.577,23.128],[79.608,23.064],[79.623,22.955],[79.723,22.92],[79.838,22.831],[79.9,22.863],[79.964,22.853],[79.959,22.953],[79.996,23.026],[80.085,23.076],[80.165,23.047],[80.18,23.116],[80.246,23.148],[80.31,23.097],[80.357,23.137],[80.431,23.14],[80.528,23.08],[80.529,23.082],[80.5,23.204],[80.569,23.271],[80.574,23.352],[80.544,23.393],[80.358,23.307],[80.304,23.367],[80.207,23.583],[80.096,23.588],[79.974,23.568],[79.931,23.604],[79.851,23.505],[79.738,23.424],[79.695,23.356],[79.54,23.261],[79.512,23.265],[79.372,23.164]]]},"properties":{"DISTRICT":"Jabalpur","ST_NM":"Madhya Pradesh"}},
{"type":"Feature","geometry":{"type":"Polygon","coordinates":[[[86.189,20.053],[86.282,20.055],[86.368,19.975],[86.48,20.092],[86.527,20.168],[86.608,20.227],[86.784,20.326],[86.778,20.344],[86.712,20.301],[86.659,20.334],[86.436,20.339],[86.344,20.37],[86.255,20.367],[86.137,20.357],[86.015,20.381],[86.079,20.246],[86.156,20.211],[86.157,20.094],[86.189,20.053]]]},"properties":{"DISTRICT":"Jagatsinghapur","ST_NM":"Odisha"}},
{"type":"Feature","geometry":{"type":"Polygon","coordinates":[[[92.543,25.097],[92.622,25.115],[92.677,25.18],[92.747,25.205],[92.793,25.284],[92.761,25.333],[92.582,25.493],[92.662,25.579],[92.588,25.551],[92.559,25.61],[92.499,25.625],[92.418,25.738],[92.238,25.707],[92.162,25.672],[92.136,25.641],[92.099,25.492],[92.116,25.307],[92.051,25.319],[91.989,25.275],[92.02,25.187],[92.078,25.186],[92.232,25.097],[92.438,25.032],[92.485,25.106],[92.543,25.097]]]},"properties":{"DISTRICT":"Jaintia Hills","ST_NM":"Meghalaya"}},
{"type":"Feature","geometry":{"type":"Polygon","coordinates":[[[75.17,26.462],[75.206,26.516],[75.287,26.564],[75.352,26.501],[75.453,26.493],[75.574,26.446],[75.712,26.445],[75.771,26.467],[75.784,26.526],[75.974,26.502],[76.161,26.515],[76.183,26.65],[76.174,26.755],[76.249,26.842],[76.234,26.91],[76.288,27.087],[76.281,27.18],[76.195,27.121],[76.185,27.185],[76.125,27.238],[76.234,27.418],[76.247,27.488],[76.203,27.622],[76.247,27.627],[76.231,27.836],[76.181,27.803],[76.088,27.847],[76.035,27.732],[75.991,27.703],[75.939,27.497],[75.871,27.416],[75.794,27.381],[75.665,27.366],[75.614,27.315],[75.531,27.344],[75.477,27.289],[75.395,27.283],[75.392,27.23],[75.329,27.214],[75.316,27.159],[75.34,27.093],[75.221,27.083],[75.166,26.933],[75.014,26.945],[74.977,26.89],[74.917,26.837],[74.941,26.75],[75.068,26.651],[75.104,26.556],[75.17,26.462]]]},"properties":{"DISTRICT":"Jaipur","ST_NM":"Rajasthan"}},
{"type":"Feature","geometry":{"type":"Polygon","coordinates":[[[72.073,26.349],[72.082,26.443],[72.027,26.499],[72.099,26.6],[72.04,26.675],[72.087,26.73],[72.054,26.803],[72.104,26.887],[72.04,26.936],[72.044,27.021],[72.077,27.117],[71.968,27.14],[71.916,27.211],[71.789,27.256],[71.829,27.329],[71.815,27.442],[72.05,27.614],[72.145,27.532],[72.175,27.462],[72.284,27.549],[72.343,27.692],[72.3,27.708],[72.22,27.674],[72.094,27.736],[72.156,27.78],[72.146,27.873],[72.032,27.949],[71.947,27.913],[71.898,27.963],[71.659,27.876],[71.41,27.873],[71.208,27.833],[70.905,27.71],[70.768,27.725],[70.687,27.828],[70.677,27.924],[70.592,28.01],[70.497,28.037],[70.374,28.012],[70.225,27.898],[70.135,27.807],[70.025,27.561],[69.941,27.502],[69.872,27.409],[69.705,27.285],[69.59,27.183],[69.515,27.014],[69.484,26.808],[69.515,26.742],[69.711,26.662],[69.801,26.599],[69.879,26.581],[70.048,26.601],[70.173,26.551],[70.184,26.361],[70.172,26.231],[70.136,26.153],[70.254,26.161],[70.367,26.148],[70.431,26.181],[70.716,26.212],[70.752,26.149],[70.877,26.128],[70.944,26.079],[71.051,26.142],[70.954,26.249],[71.048,26.284],[71.077,26.325],[71.142,26.312],[71.222,26.447],[71.289,26.467],[71.325,26.426],[71.417,26.486],[71.578,26.508],[71.628,26.42],[71.895,26.3],[72.073,26.349]]]},"properties":{"DISTRICT":"Jaisalmer","ST_NM":"Rajasthan"}},
{"type":"Feature","geometry":{"type":"Polygon","coordinates":[[[86.29,21.018],[86.142,21.074],[86.048,21.024],[86.033,21.141],[85.937,21.136],[85.876,21.086],[85.784,21.101],[85.729,21.143],[85.688,21.131],[85.758,20.991],[85.825,20.94],[85.92,20.927],[85.9,20.856],[86.021,20.809],[85.986,20.735],[85.912,20.698],[85.958,20.684],[86.048,20.599],[86.189,20.624],[86.284,20.584],[86.375,20.595],[86.459,20.67],[86.544,20.693],[86.545,20.754],[86.625,20.797],[86.597,20.857],[86.517,20.871],[86.458,20.845],[86.359,20.853],[86.282,20.906],[86.29,21.018]]]},"properties":{"DISTRICT":"Jajapur","ST_NM":"Odisha"}},
{"type":"Feature","geometry":{"type":"Polygon","coordinates":[[[75.114,31.092],[75.117,31.093],[75.295,31.034],[75.355,30.989],[75.596,30.969],[75.76,31.015],[75.954,31.012],[75.928,31.094],[75.853,31.182],[75.788,31.199],[75.707,31.166],[75.671,31.241],[75.686,31.319],[75.788,31.37],[75.823,31.406],[75.736,31.498],[75.671,31.607],[75.595,31.605],[75.6,31.567],[75.522,31.531],[75.471,31.456],[75.514,31.39],[75.456,31.285],[75.462,31.238],[75.346,31.232],[75.229,31.155],[75.13,31.169],[75.074,31.144],[75.113,31.092],[75.114,31.092]]]},"properties":{"DISTRICT":"Jalandhar","ST_NM":"Punjab"}},
{"type":"Feature","geometry":{"type":"Polygon","coordinates":[[[79.233,26.428],[79.135,26.439],[79.089,26.4],[79.125,26.348],[79.066,26.278],[79.009,26.149],[79.011,26.076],[78.952,26.031],[78.935,25.95],[79.042,25.927],[79.041,25.868],[79.134,25.814],[79.238,25.808],[79.32,25.77],[79.398,25.796],[79.617,25.903],[79.752,25.907],[79.806,25.864],[79.87,25.882],[79.867,25.936],[79.954,26.007],[79.922,26.091],[79.787,26.108],[79.73,26.184],[79.652,26.242],[79.549,26.275],[79.504,26.364],[79.436,26.431],[79.342,26.401],[79.293,26.442],[79.233,26.428]]]},"properties":{"DISTRICT":"Jalaun","ST_NM":"Uttar Pradesh"}},
{"type":"Feature","geometry":{"type":"Polygon","coordinates":[[[75.89,20.563],[75.934,20.555],[75.957,20.625],[76.011,20.643],[75.998,20.778],[76.115,20.893],[76.092,20.943],[76.159,21],[76.226,21.012],[76.281,20.958],[76.383,20.978],[76.384,21.078],[76.184,21.088],[76.16,21.257],[76.099,21.372],[75.992,21.374],[75.888,21.397],[75.833,21.381],[75.619,21.391],[75.547,21.37],[75.467,21.392],[75.383,21.383],[75.206,21.414],[75.161,21.403],[75.126,21.339],[75.14,21.294],[75.104,21.236],[75.033,21.192],[74.963,21.192],[74.893,21.151],[74.858,21.063],[74.921,21.011],[74.914,20.927],[74.97,20.877],[74.991,20.736],[74.929,20.657],[74.815,20.634],[74.774,20.471],[74.838,20.417],[74.87,20.277],[74.935,20.27],[75,20.337],[75.048,20.308],[75.126,20.357],[75.108,20.407],[75.163,20.475],[75.24,20.522],[75.255,20.57],[75.329,20.592],[75.391,20.58],[75.397,20.524],[75.49,20.531],[75.559,20.613],[75.662,20.629],[75.759,20.614],[75.821,20.562],[75.89,20.563]]]},"properties":{"DISTRICT":"Jalgaon","ST_NM":"Maharashtra"}},
{"type":"Feature","geometry":{"type":"Polygon","coordinates":[[[75.61,19.381],[75.688,19.355],[75.922,19.374],[75.938,19.292],[76.013,19.336],[76.039,19.286],[76.098,19.307],[76.209,19.278],[76.265,19.334],[76.291,19.432],[76.366,19.468],[76.396,19.531],[76.443,19.541],[76.454,19.667],[76.488,19.677],[76.494,19.76],[76.533,19.85],[76.493,19.917],[76.368,19.926],[76.353,19.894],[76.175,19.849],[76.1,19.856],[76.043,19.95],[76.025,20.023],[76.097,20.097],[76.161,20.298],[76.083,20.365],[76.031,20.288],[75.927,20.323],[75.954,20.39],[75.944,20.504],[76.04,20.555],[76.011,20.643],[75.957,20.625],[75.934,20.555],[75.89,20.563],[75.831,20.473],[75.765,20.451],[75.752,20.373],[75.649,20.191],[75.593,20.028],[75.63,20.001],[75.654,19.91],[75.653,19.815],[75.628,19.776],[75.634,19.655],[75.656,19.554],[75.61,19.381]]]},"properties":{"DISTRICT":"Jalna","ST_NM":"Maharashtra"}},
{"type":"Feature","geometry":{"type":"Polygon","coordinates":[[[72.335,24.625],[72.326,24.702],[72.373,24.761],[72.482,24.75],[72.506,24.923],[72.581,24.941],[72.658,25.041],[72.689,25.048],[72.828,25.287],[72.94,25.244],[72.993,25.257],[72.972,25.371],[73.05,25.4],[73.097,25.468],[73.056,25.56],[72.935,25.639],[72.889,25.735],[72.778,25.802],[72.722,25.689],[72.72,25.609],[72.586,25.602],[72.463,25.454],[72.356,25.454],[72.317,25.387],[72.216,25.406],[72.033,25.476],[71.921,25.345],[71.935,25.284],[71.85,25.207],[71.793,25.084],[71.737,25.069],[71.679,24.987],[71.628,25.034],[71.556,24.985],[71.474,24.999],[71.341,24.934],[71.33,24.851],[71.254,24.795],[71.263,24.748],[71.188,24.648],[71.289,24.613],[71.372,24.626],[71.48,24.678],[71.609,24.675],[71.654,24.637],[71.777,24.672],[71.987,24.66],[72.046,24.708],[72.079,24.655],[72.18,24.612],[72.268,24.624],[72.294,24.618],[72.335,24.625]]]},"properties":{"DISTRICT":"Jalor","ST_NM":"Rajasthan"}},
{"type":"Feature","geometry":{"type":"Polygon","coordinates":[[[88.417,26.63],[88.429,26.567],[88.484,26.542],[88.573,26.458],[88.687,26.409],[88.706,26.337],[88.761,26.31],[88.75,26.356],[88.854,26.382],[88.988,26.534],[89.078,26.538],[89.246,26.492],[89.361,26.495],[89.533,26.477],[89.555,26.426],[89.7,26.421],[89.767,26.464],[89.838,26.412],[89.883,26.584],[89.862,26.704],[89.648,26.747],[89.534,26.819],[89.326,26.853],[89.258,26.816],[89.135,26.809],[89.092,26.897],[89.034,26.938],[88.879,26.964],[88.818,26.99],[88.768,26.924],[88.669,26.926],[88.448,26.835],[88.405,26.673],[88.417,26.63]]]},"properties":{"DISTRICT":"Jalpaiguri","ST_NM":"West Bengal"}},
{"type":"Feature","geometry":{"type":"Polygon","coordinates":[[[74.451,32.784],[74.507,32.744],[74.617,32.755],[74.65,32.698],[74.652,32.559],[74.681,32.486],[74.83,32.486],[74.947,32.596],[74.976,32.662],[75.051,32.723],[75.161,32.77],[75.05,32.884],[74.997,32.846],[74.947,32.877],[74.835,32.88],[74.846,32.963],[74.782,33.032],[74.73,33.024],[74.669,32.957],[74.591,32.996],[74.494,32.946],[74.522,32.889],[74.451,32.784]]]},"properties":{"DISTRICT":"Jammu","ST_NM":"Jammu & Kashmir"}},
{"type":"Feature","geometry":{"type":"Polygon","coordinates":[[[70.437,22.964],[70.341,22.848],[70.301,22.758],[70.255,22.726],[70.241,22.663],[70.171,22.557],[70.047,22.555],[69.946,22.528],[69.878,22.449],[69.793,22.403],[69.741,22.457],[69.655,22.359],[69.593,22.352],[69.52,22.379],[69.419,22.316],[69.34,22.33],[69.291,22.276],[69.223,22.258],[69.171,22.293],[69.191,22.422],[69.069,22.396],[69.006,22.438],[68.936,22.312],[68.953,22.248],[69.058,22.126],[69.27,21.907],[69.374,21.828],[69.536,21.891],[69.581,21.945],[69.717,21.974],[69.719,21.935],[69.657,21.869],[69.815,21.822],[69.818,21.74],[69.99,21.808],[70.021,21.708],[70.075,21.732],[70.097,21.848],[70.215,21.908],[70.216,21.965],[70.326,22.018],[70.454,22.051],[70.548,22.048],[70.575,22.238],[70.522,22.245],[70.474,22.376],[70.495,22.474],[70.537,22.529],[70.574,22.631],[70.615,22.653],[70.615,22.765],[70.646,22.859],[70.579,22.915],[70.437,22.964]]]},"properties":{"DISTRICT":"Jamnagar","ST_NM":"Gujarat"}},
{"type":"Feature","geometry":{"type":"Polygon","coordinates":[[[87.09,23.807],[87.141,23.87],[87.228,23.859],[87.298,23.892],[87.297,23.957],[87.238,24.026],[87.17,24.032],[87.03,24.143],[86.979,24.109],[86.944,24.045],[86.658,24.134],[86.576,24.14],[86.533,24.057],[86.471,24.018],[86.58,23.999],[86.766,23.878],[86.798,23.833],[86.85,23.824],[86.901,23.882],[86.969,23.867],[87.09,23.807]]]},"properties":{"DISTRICT":"Jamtara","ST_NM":"Jharkhand"}},
{"type":"Feature","geometry":{"type":"Polygon","coordinates":[[[86.503,24.979],[86.389,25.05],[86.421,25.103],[86.369,25.144],[86.318,25.083],[86.25,25.051],[86.176,25.05],[86.131,24.972],[86.019,24.978],[85.912,25.013],[85.838,24.983],[85.898,24.868],[85.978,24.864],[86.057,24.78],[86.14,24.676],[86.132,24.612],[86.172,24.584],[86.299,24.587],[86.3,24.477],[86.458,24.37],[86.53,24.537],[86.616,24.608],[86.614,24.663],[86.552,24.713],[86.527,24.788],[86.536,24.863],[86.488,24.908],[86.503,24.979]]]},"properties":{"DISTRICT":"Jamui","ST_NM":"Bihar"}},
{"type":"Feature","geometry":{"type":"Polygon","coordinates":[[[82.441,21.739],[82.446,21.743],[82.6,21.713],[82.795,21.723],[82.867,21.689],[82.951,21.722],[83.028,21.737],[83.089,21.714],[83.27,21.712],[83.24,21.79],[83.184,21.845],[83.202,21.918],[83.117,21.931],[83.094,21.973],[83.008,21.963],[83.015,22.074],[82.941,22.122],[82.872,22.172],[82.762,22.119],[82.713,22.05],[82.637,22.124],[82.66,22.188],[82.594,22.259],[82.53,22.24],[82.529,22.242],[82.463,22.214],[82.462,22.213],[82.46,22.199],[82.46,22.196],[82.467,22.181],[82.456,22.176],[82.428,22.138],[82.337,22.103],[82.325,21.872],[82.329,21.868],[82.36,21.839],[82.364,21.824],[82.367,21.818],[82.37,21.81],[82.382,21.768],[82.383,21.763],[82.441,21.739]]]},"properties":{"DISTRICT":"Janjgir-champa","ST_NM":"Chhattisgarh"}},
{"type":"Feature","geometry":{"type":"Polygon","coordinates":[[[84.041,23.169],[83.949,23.163],[83.832,23.233],[83.671,23.226],[83.511,23.088],[83.551,23.03],[83.51,22.956],[83.579,22.873],[83.649,22.823],[83.652,22.655],[83.561,22.7],[83.438,22.672],[83.407,22.554],[83.47,22.506],[83.596,22.533],[83.585,22.455],[83.694,22.378],[83.741,22.378],[83.805,22.292],[83.868,22.346],[84.008,22.372],[84.049,22.466],[84.01,22.523],[84.012,22.571],[84.087,22.638],[84.157,22.636],[84.239,22.691],[84.232,22.737],[84.295,22.773],[84.327,22.851],[84.383,22.875],[84.377,22.977],[84.286,22.963],[84.224,22.978],[84.041,23.169]]]},"properties":{"DISTRICT":"Jashpur","ST_NM":"Chhattisgarh"}},
{"type":"Feature","geometry":{"type":"Polygon","coordinates":[[[82.33,25.536],[82.336,25.536],[82.342,25.534],[82.349,25.528],[82.353,25.514],[82.381,25.518],[82.506,25.472],[82.545,25.437],[82.694,25.394],[82.689,25.43],[82.743,25.546],[82.929,25.57],[83.072,25.551],[83.067,25.651],[83.004,25.708],[82.946,25.704],[82.899,25.773],[82.825,25.771],[82.787,25.825],[82.681,26.107],[82.682,26.151],[82.601,26.196],[82.567,26.141],[82.478,26.13],[82.432,26.009],[82.35,25.962],[82.376,25.913],[82.296,25.892],[82.256,25.832],[82.177,25.82],[82.197,25.739],[82.156,25.679],[82.156,25.677],[82.152,25.67],[82.143,25.667],[82.141,25.652],[82.121,25.643],[82.183,25.581],[82.229,25.588],[82.326,25.543],[82.331,25.537],[82.33,25.536]]]},"properties":{"DISTRICT":"Jaunpur","ST_NM":"Uttar Pradesh"}},
{"type":"Feature","geometry":{"type":"Polygon","coordinates":[[[74.743,22.558],[74.782,22.579],[74.796,22.657],[74.765,22.747],[74.903,22.757],[74.953,22.807],[75.008,22.941],[75.009,23.111],[74.917,23.159],[74.885,23.135],[74.78,23.147],[74.74,23.227],[74.668,23.199],[74.534,23.099],[74.465,23.083],[74.389,23.11],[74.32,23.06],[74.368,22.978],[74.379,22.908],[74.461,22.911],[74.463,22.813],[74.4,22.729],[74.378,22.636],[74.447,22.539],[74.504,22.577],[74.594,22.541],[74.66,22.6],[74.743,22.558]]]},"properties":{"DISTRICT":"Jhabua","ST_NM":"Madhya Pradesh"}},
{"type":"Feature","geometry":{"type":"Polygon","coordinates":[[[76.292,28.449],[76.292,28.441],[76.291,28.435],[76.291,28.425],[76.3,28.425],[76.3,28.432],[76.35,28.436],[76.376,28.428],[76.432,28.462],[76.45,28.427],[76.667,28.381],[76.667,28.378],[76.674,28.38],[76.697,28.37],[76.698,28.361],[76.726,28.36],[76.708,28.408],[76.744,28.465],[76.889,28.504],[76.843,28.577],[76.952,28.67],[76.964,28.695],[76.952,28.816],[76.903,28.862],[76.785,28.743],[76.648,28.806],[76.576,28.736],[76.453,28.737],[76.407,28.682],[76.409,28.666],[76.466,28.604],[76.344,28.602],[76.33,28.501],[76.292,28.449]]]},"properties":{"DISTRICT":"Jhajjar","ST_NM":"Haryana"}},
{"type":"Feature","geometry":{"type":"Polygon","coordinates":[[[76.443,24.783],[76.445,24.831],[76.365,24.871],[76.314,24.84],[76.227,24.832],[76.183,24.664],[76.115,24.693],[76.069,24.676],[76.082,24.577],[75.923,24.54],[75.906,24.442],[75.832,24.418],[75.789,24.454],[75.738,24.399],[75.767,24.307],[75.815,24.297],[75.746,24.136],[75.782,24.058],[75.764,23.994],[75.702,23.965],[75.516,24.045],[75.466,23.977],[75.458,23.917],[75.564,23.854],[75.567,23.812],[75.686,23.757],[75.724,23.823],[75.855,23.89],[75.978,23.929],[75.963,24.021],[76.046,24.07],[76.137,24.091],[76.126,24.201],[76.198,24.281],[76.219,24.213],[76.356,24.245],[76.415,24.205],[76.467,24.225],[76.527,24.159],[76.62,24.258],[76.706,24.244],[76.678,24.189],[76.795,24.121],[76.882,24.131],[76.948,24.194],[76.878,24.267],[76.841,24.356],[76.845,24.438],[76.757,24.448],[76.706,24.408],[76.636,24.414],[76.537,24.514],[76.531,24.662],[76.477,24.669],[76.443,24.783]]]},"properties":{"DISTRICT":"Jhalawar","ST_NM":"Rajasthan"}},
{"type":"Feature","geometry":{"type":"Polygon","coordinates":[[[78.884,25.91],[78.768,25.715],[78.819,25.669],[78.802,25.612],[78.629,25.577],[78.589,25.559],[78.488,25.575],[78.467,25.559],[78.444,25.559],[78.433,25.556],[78.416,25.528],[78.416,25.503],[78.429,25.474],[78.342,25.426],[78.301,25.362],[78.338,25.332],[78.392,25.19],[78.424,25.168],[78.451,25.168],[78.449,25.152],[78.45,25.124],[78.57,25.221],[78.528,25.283],[78.611,25.412],[78.772,25.353],[78.773,25.425],[78.732,25.458],[78.884,25.519],[78.949,25.526],[78.937,25.423],[78.801,25.288],[78.875,25.185],[79.034,25.23],[79.141,25.106],[79.284,25.115],[79.321,25.146],[79.286,25.206],[79.284,25.322],[79.389,25.522],[79.375,25.603],[79.398,25.796],[79.32,25.77],[79.238,25.808],[79.134,25.814],[79.041,25.868],[79.042,25.927],[78.935,25.95],[78.884,25.91]]]},"properties":{"DISTRICT":"Jhansi","ST_NM":"Uttar Pradesh"}},
{"type":"Feature","geometry":{"type":"Polygon","coordinates":[[[83.8,21.566],[83.815,21.591],[83.964,21.571],[83.981,21.595],[83.969,21.755],[84.115,21.789],[84.19,21.754],[84.297,21.796],[84.393,21.992],[84.358,22.037],[84.27,22.014],[84.247,21.983],[84.094,21.999],[84.029,21.953],[83.897,21.946],[83.761,21.836],[83.722,21.786],[83.581,21.832],[83.498,21.811],[83.463,21.697],[83.49,21.643],[83.56,21.743],[83.705,21.689],[83.727,21.631],[83.8,21.566]]]},"properties":{"DISTRICT":"Jharsuguda","ST_NM":"Odisha"}},
{"type":"Feature","geometry":{"type":"Polygon","coordinates":[[[75.898,28.39],[75.811,28.41],[75.787,28.454],[75.672,28.517],[75.616,28.505],[75.572,28.378],[75.502,28.337],[75.383,28.338],[75.279,28.45],[75.218,28.39],[75.152,28.379],[75.149,28.292],[75.05,28.253],[75.03,28.198],[75.081,28.19],[75.129,28.135],[75.103,28.064],[75.149,28.026],[75.242,27.81],[75.288,27.816],[75.289,27.716],[75.35,27.7],[75.418,27.644],[75.536,27.709],[75.689,27.674],[75.712,27.756],[75.77,27.833],[75.931,27.929],[75.985,28.08],[76.061,28.22],[76.016,28.249],[76.027,28.277],[75.898,28.39]]]},"properties":{"DISTRICT":"Jhunjhunun","ST_NM":"Rajasthan"}},
{"type":"Feature","geometry":{"type":"Polygon","coordinates":[[[72.834,25.863],[72.842,25.891],[72.958,25.902],[73.05,25.968],[73.059,26.012],[73.207,26.077],[73.316,26.034],[73.359,26.075],[73.377,26.156],[73.466,26.085],[73.629,26.147],[73.65,26.078],[73.724,26.109],[73.806,26.1],[73.786,26.164],[73.814,26.349],[73.873,26.43],[73.857,26.467],[73.721,26.552],[73.65,26.71],[73.655,26.808],[73.588,26.863],[73.438,26.886],[73.327,26.857],[73.213,26.869],[73.177,26.929],[73.123,26.944],[73.192,27.056],[73.132,27.235],[73.163,27.295],[73.145,27.39],[73.042,27.41],[72.988,27.384],[72.831,27.466],[72.836,27.58],[72.671,27.543],[72.604,27.607],[72.502,27.584],[72.327,27.514],[72.284,27.549],[72.175,27.462],[72.145,27.532],[72.05,27.614],[71.815,27.442],[71.829,27.329],[71.789,27.256],[71.916,27.211],[71.968,27.14],[72.077,27.117],[72.044,27.021],[72.04,26.936],[72.104,26.887],[72.054,26.803],[72.087,26.73],[72.04,26.675],[72.099,26.6],[72.027,26.499],[72.082,26.443],[72.073,26.349],[72.255,26.21],[72.34,26.244],[72.409,26.239],[72.427,26.286],[72.492,26.299],[72.596,26.28],[72.688,26.186],[72.685,26.029],[72.619,25.978],[72.806,25.853],[72.834,25.863]]]},"properties":{"DISTRICT":"Jodhpur","ST_NM":"Rajasthan"}},
{"type":"Feature","geometry":{"type":"Polygon","coordinates":[[[94.571,27.178],[94.51,27.12],[94.44,27.119],[94.226,27.032],[94.135,26.969],[94.054,26.979],[93.977,26.923],[93.937,26.929],[93.881,26.855],[93.827,26.825],[93.823,26.824],[93.825,26.819],[93.827,26.816],[93.831,26.813],[93.868,26.814],[93.92,26.784],[93.981,26.789],[94.049,26.728],[94.074,26.597],[94.118,26.554],[94.1,26.492],[94.119,26.4],[94.168,26.349],[94.187,26.456],[94.283,26.559],[94.317,26.458],[94.397,26.525],[94.41,26.612],[94.596,26.725],[94.516,26.775],[94.49,26.834],[94.471,27.001],[94.596,27.145],[94.571,27.178]]]},"properties":{"DISTRICT":"Jorhat","ST_NM":"Assam"}},
{"type":"Feature","geometry":{"type":"Polygon","coordinates":[[[70.793,21.665],[70.777,21.662],[70.739,21.644],[70.641,21.651],[70.611,21.625],[70.437,21.659],[70.301,21.587],[70.148,21.662],[70.033,21.635],[69.981,21.53],[70,21.473],[69.943,21.369],[70.015,21.278],[69.982,21.227],[70.1,21.105],[70.252,20.979],[70.439,20.853],[70.64,20.767],[70.658,20.85],[70.727,20.995],[70.753,20.967],[70.861,20.961],[70.882,20.908],[70.858,20.754],[70.863,20.755],[70.863,20.752],[70.864,20.75],[70.864,20.747],[70.864,20.746],[70.863,20.746],[70.863,20.745],[70.863,20.744],[70.874,20.727],[70.911,20.737],[70.924,20.744],[70.927,20.737],[70.932,20.737],[70.938,20.733],[70.991,20.746],[70.991,20.732],[71.013,20.74],[71.146,20.757],[71.151,20.772],[71.208,20.8],[71.198,20.977],[71.126,21.077],[71.004,21.168],[70.824,21.196],[70.826,21.262],[70.891,21.269],[70.869,21.374],[70.948,21.397],[70.831,21.492],[70.894,21.535],[70.862,21.601],[70.793,21.665]]]},"properties":{"DISTRICT":"Junagadh","ST_NM":"Gujarat"}},
{"type":"Feature","geometry":{"type":"Polygon","coordinates":[[[78.106,29.083],[78.064,28.893],[78.116,28.856],[78.152,28.707],[78.174,28.692],[78.209,28.615],[78.216,28.6],[78.22,28.5],[78.305,28.459],[78.291,28.403],[78.38,28.468],[78.415,28.463],[78.438,28.606],[78.416,28.659],[78.44,28.796],[78.514,28.774],[78.583,28.796],[78.654,28.861],[78.63,28.923],[78.528,28.945],[78.572,29.017],[78.525,29.07],[78.415,29.039],[78.207,29.05],[78.106,29.083]]]},"properties":{"DISTRICT":"Jyotiba Phule Nagar","ST_NM":"Uttar Pradesh"}},
{"type":"Feature","geometry":{"type":"MultiPolygon","coordinates":[[[[71.289,24.613],[71.188,24.648],[71.098,24.687],[70.991,24.605],[71,24.446],[71.109,24.437],[71.112,24.397],[71.037,24.353],[70.988,24.367],[70.874,24.297],[70.879,24.246],[70.722,24.217],[70.574,24.255],[70.56,24.352],[70.574,24.422],[70.372,24.354],[70.108,24.294],[70.064,24.197],[70.016,24.17],[69.73,24.172],[69.588,24.291],[69.484,24.268],[69.309,24.281],[69.193,24.238],[69.098,24.272],[69.005,24.223],[68.943,24.302],[68.851,24.221],[68.828,24.317],[68.77,24.273],[68.753,23.97],[68.551,23.968],[68.538,23.945],[68.548,23.933],[68.558,23.933],[68.56,23.93],[68.56,23.924],[68.58,23.924],[68.588,23.922],[68.613,23.903],[68.572,23.88],[68.672,23.862],[68.631,23.759],[68.558,23.719],[68.489,23.635],[68.507,23.463],[68.606,23.38],[68.649,23.306],[68.643,23.246],[68.585,23.222],[68.652,23.155],[69.197,22.838],[69.319,22.832],[69.446,22.778],[69.533,22.786],[69.711,22.738],[69.753,22.82],[69.866,22.873],[70.106,22.909],[70.135,22.943],[70.235,22.98],[70.345,22.93],[70.438,22.967],[70.541,22.959],[70.554,23.018],[70.7,23.123],[70.778,23.159],[70.831,23.126],[70.983,23.173],[71.045,23.171],[71.138,23.209],[71.214,23.149],[71.305,23.172],[71.469,23.146],[71.534,23.166],[71.594,23.137],[71.646,23.184],[71.618,23.229],[71.645,23.332],[71.588,23.359],[71.597,23.431],[71.533,23.482],[71.446,23.48],[71.377,23.645],[71.223,23.661],[71.178,23.711],[71.139,23.629],[71.074,23.602],[71.062,23.836],[71.1,23.901],[71.212,23.931],[71.265,23.922],[71.316,23.982],[71.339,24.13],[71.306,24.304],[71.395,24.352],[71.33,24.395],[71.349,24.518],[71.294,24.518],[71.289,24.613]]],[[[68.358,23.805],[68.338,23.73],[68.269,23.65],[68.295,23.579],[68.347,23.598],[68.418,23.724],[68.358,23.805]]],[[[68.358,23.975],[68.342,23.925],[68.279,23.916],[68.209,23.811],[68.193,23.731],[68.238,23.681],[68.274,23.797],[68.338,23.819],[68.358,23.975]]],[[[68.396,23.878],[68.343,23.837],[68.4,23.79],[68.438,23.839],[68.396,23.878]]],[[[68.535,23.946],[68.487,23.891],[68.521,23.857],[68.582,23.915],[68.58,23.923],[68.562,23.923],[68.558,23.923],[68.559,23.928],[68.557,23.932],[68.542,23.934],[68.535,23.946]]]]},"properties":{"DISTRICT":"Kachchh","ST_NM":"Gujarat"}},
{"type":"Feature","geometry":{"type":"Polygon","coordinates":[[[83.9,25.293],[83.832,25.346],[83.815,25.36],[83.77,25.386],[83.718,25.393],[83.628,25.327],[83.543,25.313],[83.469,25.25],[83.418,25.247],[83.358,25.197],[83.328,25.014],[83.395,24.783],[83.47,24.734],[83.475,24.733],[83.542,24.614],[83.526,24.554],[83.525,24.548],[83.53,24.543],[83.534,24.542],[83.557,24.543],[83.608,24.541],[83.664,24.554],[83.709,24.542],[83.749,24.577],[83.733,24.647],[83.777,24.794],[83.72,24.832],[83.812,24.96],[83.809,25.114],[83.835,25.243],[83.899,25.262],[83.897,25.289],[83.9,25.293]]]},"properties":{"DISTRICT":"Kaimur (bhabua)","ST_NM":"Bihar"}},
{"type":"Feature","geometry":{"type":"Polygon","coordinates":[[[76.467,30.096],[76.402,30.124],[76.263,30.115],[76.21,30.034],[76.221,29.839],[76.219,29.84],[76.22,29.825],[76.222,29.804],[76.206,29.753],[76.182,29.724],[76.201,29.619],[76.285,29.546],[76.336,29.581],[76.345,29.581],[76.391,29.535],[76.494,29.516],[76.501,29.527],[76.566,29.629],[76.701,29.67],[76.688,29.758],[76.694,29.893],[76.756,29.925],[76.691,29.917],[76.554,29.858],[76.471,29.912],[76.483,29.956],[76.424,30.044],[76.467,30.096]]]},"properties":{"DISTRICT":"Kaithal","ST_NM":"Haryana"}},
{"type":"Feature","geometry":{"type":"Polygon","coordinates":[[[82.825,20.166],[82.739,20.024],[82.705,19.998],[82.706,19.832],[82.653,19.831],[82.593,19.776],[82.55,19.61],[82.569,19.543],[82.694,19.417],[82.757,19.328],[82.838,19.325],[82.826,19.256],[82.806,19.237],[82.839,19.235],[82.848,19.209],[82.857,19.204],[82.864,19.206],[82.872,19.2],[82.879,19.184],[82.902,19.229],[82.891,19.254],[82.958,19.325],[82.939,19.45],[83.074,19.562],[83.168,19.432],[83.245,19.506],[83.267,19.599],[83.333,19.596],[83.456,19.74],[83.409,19.923],[83.449,19.969],[83.452,19.973],[83.475,19.964],[83.481,19.964],[83.485,19.961],[83.494,19.959],[83.496,19.96],[83.5,19.966],[83.504,19.974],[83.503,19.992],[83.544,20.022],[83.575,20.088],[83.584,20.093],[83.589,20.1],[83.585,20.109],[83.584,20.115],[83.589,20.114],[83.592,20.112],[83.602,20.104],[83.636,20.09],[83.64,20.092],[83.649,20.098],[83.664,20.109],[83.678,20.113],[83.696,20.101],[83.705,20.103],[83.711,20.102],[83.715,20.107],[83.719,20.116],[83.718,20.13],[83.728,20.128],[83.734,20.149],[83.791,20.181],[83.72,20.239],[83.706,20.37],[83.691,20.373],[83.687,20.375],[83.664,20.384],[83.658,20.385],[83.654,20.387],[83.653,20.389],[83.65,20.388],[83.649,20.386],[83.656,20.37],[83.63,20.369],[83.625,20.351],[83.491,20.416],[83.424,20.403],[83.344,20.317],[83.243,20.26],[83.226,20.205],[83.146,20.17],[83.091,20.199],[83.013,20.17],[82.932,20.179],[82.911,20.148],[82.825,20.166]]]},"properties":{"DISTRICT":"Kalahandi","ST_NM":"Odisha"}},
{"type":"Feature","geometry":{"type":"Polygon","coordinates":[[[91.57,26.573],[91.569,26.571],[91.569,26.566],[91.568,26.564],[91.562,26.554],[91.555,26.546],[91.558,26.54],[91.567,26.433],[91.528,26.33],[91.459,26.318],[91.42,26.265],[91.416,26.136],[91.359,26.164],[91.237,26.182],[90.939,26.094],[91.101,26.009],[91.032,25.887],[91.004,25.822],[91.156,25.849],[91.227,25.723],[91.278,25.746],[91.345,25.835],[91.471,25.858],[91.472,25.858],[91.48,26.051],[91.527,26.034],[91.543,26.136],[91.621,26.107],[91.691,26.167],[91.747,26.194],[91.762,26.2],[91.755,26.205],[91.821,26.379],[91.783,26.411],[91.781,26.491],[91.783,26.494],[91.711,26.461],[91.571,26.572],[91.57,26.573]]]},"properties":{"DISTRICT":"Kamrup","ST_NM":"Assam"}},
{"type":"Feature","geometry":{"type":"Polygon","coordinates":[[[91.762,26.2],[91.747,26.194],[91.691,26.167],[91.621,26.107],[91.543,26.136],[91.527,26.034],[91.48,26.051],[91.472,25.858],[91.478,25.856],[91.573,26.026],[91.635,26.021],[91.633,25.944],[91.672,25.904],[91.723,25.953],[91.734,26.058],[91.822,26.118],[91.878,26.096],[91.886,26.029],[92.135,26.044],[92.18,26.078],[92.132,26.178],[92,26.204],[91.956,26.254],[91.892,26.219],[91.762,26.2]]]},"properties":{"DISTRICT":"Kamrup Metropolitan","ST_NM":"Assam"}},
{"type":"Feature","geometry":{"type":"Polygon","coordinates":[[[80.204,13.028],[80.148,13.03],[80.127,13.108],[80.031,13.13],[79.896,12.946],[79.825,12.963],[79.786,13.022],[79.573,12.899],[79.56,12.85],[79.64,12.816],[79.747,12.743],[79.737,12.7],[79.634,12.631],[79.757,12.518],[79.739,12.454],[79.645,12.345],[79.685,12.316],[79.783,12.34],[79.871,12.244],[79.955,12.231],[80.005,12.256],[80.138,12.432],[80.254,12.767],[80.252,12.878],[80.273,12.995],[80.204,13.028]]]},"properties":{"DISTRICT":"Kancheepuram","ST_NM":"Tamil Nadu"}},
{"type":"Feature","geometry":{"type":"Polygon","coordinates":[[[83.666,20.423],[83.666,20.42],[83.663,20.418],[83.658,20.413],[83.66,20.404],[83.654,20.39],[83.653,20.389],[83.654,20.387],[83.658,20.385],[83.664,20.384],[83.687,20.375],[83.691,20.373],[83.706,20.37],[83.72,20.239],[83.791,20.181],[83.734,20.149],[83.728,20.128],[83.718,20.13],[83.719,20.116],[83.715,20.107],[83.711,20.102],[83.705,20.103],[83.696,20.101],[83.678,20.113],[83.664,20.109],[83.649,20.098],[83.64,20.092],[83.636,20.09],[83.602,20.104],[83.592,20.112],[83.589,20.114],[83.584,20.115],[83.585,20.109],[83.589,20.1],[83.584,20.093],[83.575,20.088],[83.544,20.022],[83.503,19.992],[83.504,19.974],[83.5,19.966],[83.496,19.96],[83.562,19.925],[83.545,19.843],[83.62,19.815],[83.638,19.672],[83.701,19.686],[83.724,19.668],[83.729,19.659],[83.734,19.654],[83.741,19.655],[83.744,19.658],[83.751,19.666],[83.761,19.675],[83.768,19.708],[83.769,19.713],[83.773,19.714],[83.781,19.712],[83.793,19.712],[83.809,19.717],[83.814,19.717],[83.831,19.709],[83.844,19.71],[83.921,19.679],[83.943,19.635],[83.95,19.634],[83.956,19.634],[83.976,19.621],[84.135,19.628],[84.151,19.587],[84.209,19.589],[84.228,19.573],[84.235,19.572],[84.239,19.572],[84.241,19.575],[84.235,19.597],[84.236,19.609],[84.227,19.626],[84.247,19.642],[84.162,19.734],[84.15,19.756],[84.134,19.776],[84.133,19.78],[84.167,19.786],[84.173,19.79],[84.174,19.792],[84.169,19.804],[84.174,19.82],[84.202,19.835],[84.185,19.86],[84.187,19.861],[84.195,19.86],[84.214,19.864],[84.235,19.868],[84.253,19.872],[84.278,19.878],[84.29,19.894],[84.308,19.906],[84.317,19.887],[84.321,19.877],[84.383,19.842],[84.424,19.835],[84.433,19.837],[84.441,19.83],[84.446,19.83],[84.451,19.835],[84.446,19.843],[84.461,19.853],[84.47,19.939],[84.377,19.966],[84.333,20.011],[84.402,20.073],[84.415,20.12],[84.436,20.156],[84.429,20.185],[84.436,20.195],[84.436,20.202],[84.438,20.206],[84.446,20.207],[84.459,20.188],[84.453,20.17],[84.479,20.146],[84.506,20.14],[84.53,20.143],[84.552,20.143],[84.564,20.141],[84.564,20.146],[84.559,20.161],[84.587,20.174],[84.547,20.244],[84.546,20.322],[84.489,20.339],[84.513,20.398],[84.398,20.527],[84.36,20.669],[84.343,20.675],[84.334,20.689],[84.319,20.694],[84.304,20.693],[84.295,20.689],[84.278,20.674],[84.256,20.605],[84.236,20.595],[84.23,20.59],[84.222,20.587],[84.189,20.591],[84.178,20.605],[84.169,20.601],[84.155,20.593],[84.153,20.589],[84.148,20.585],[84.146,20.584],[84.135,20.59],[84.118,20.588],[84.104,20.599],[84.097,20.598],[84.085,20.592],[84.074,20.598],[84.056,20.596],[84.045,20.59],[84.036,20.585],[84.033,20.58],[84.016,20.571],[84.014,20.571],[84.007,20.57],[83.996,20.572],[83.986,20.581],[83.979,20.585],[83.973,20.586],[83.95,20.581],[83.943,20.583],[83.934,20.589],[83.938,20.603],[83.928,20.607],[83.92,20.617],[83.917,20.616],[83.918,20.609],[83.92,20.606],[83.916,20.599],[83.913,20.587],[83.915,20.58],[83.912,20.578],[83.895,20.58],[83.881,20.58],[83.873,20.579],[83.858,20.572],[83.806,20.511],[83.81,20.432],[83.794,20.435],[83.788,20.443],[83.783,20.425],[83.783,20.413],[83.779,20.412],[83.77,20.414],[83.761,20.425],[83.755,20.428],[83.751,20.428],[83.751,20.424],[83.746,20.422],[83.736,20.426],[83.729,20.433],[83.722,20.435],[83.715,20.43],[83.71,20.425],[83.695,20.416],[83.69,20.416],[83.686,20.42],[83.68,20.429],[83.675,20.429],[83.67,20.425],[83.666,20.423]]]},"properties":{"DISTRICT":"Kandhamal","ST_NM":"Odisha"}},
{"type":"Feature","geometry":{"type":"Polygon","coordinates":[[[75.927,32.409],[75.86,32.379],[75.752,32.273],[75.638,32.235],[75.671,32.146],[75.594,32.081],[75.664,32.077],[75.81,31.988],[75.909,31.949],[75.959,31.856],[76.048,31.862],[76.115,31.805],[76.204,31.773],[76.29,31.687],[76.314,31.722],[76.303,31.776],[76.461,31.805],[76.568,31.89],[76.641,31.875],[76.694,31.933],[76.663,32.031],[76.738,32.03],[76.787,32.073],[76.842,32.041],[76.939,32.063],[77.032,32.247],[77.031,32.307],[77.075,32.397],[77.059,32.429],[76.953,32.403],[76.865,32.461],[76.787,32.406],[76.773,32.227],[76.673,32.179],[76.59,32.221],[76.425,32.264],[76.356,32.327],[76.295,32.34],[76.223,32.396],[76.16,32.318],[76.181,32.245],[76.017,32.291],[76.02,32.338],[75.927,32.409]]]},"properties":{"DISTRICT":"Kangra","ST_NM":"Himachal Pradesh"}},
{"type":"Feature","geometry":{"type":"Polygon","coordinates":[[[81.817,20.169],[81.778,20.233],[81.798,20.329],[81.737,20.428],[81.737,20.482],[81.621,20.515],[81.431,20.516],[81.412,20.552],[81.316,20.55],[81.223,20.417],[81.154,20.378],[81,20.459],[80.946,20.441],[80.866,20.385],[80.832,20.308],[80.73,20.267],[80.585,20.175],[80.547,20.112],[80.551,19.984],[80.497,19.896],[80.547,19.778],[80.673,19.691],[80.726,19.698],[80.728,19.834],[80.834,19.905],[80.89,19.971],[80.898,20.028],[81.008,20.095],[81.072,20.048],[81.011,19.899],[80.999,19.833],[81.067,19.706],[81.094,19.69],[81.101,19.689],[81.155,19.716],[81.138,19.785],[81.302,19.798],[81.394,19.833],[81.392,19.834],[81.401,19.883],[81.331,19.935],[81.293,20.017],[81.39,20.046],[81.402,20.114],[81.448,20.146],[81.589,20.194],[81.68,20.129],[81.817,20.169]]]},"properties":{"DISTRICT":"Uttar Bastar Kanker","ST_NM":"Chhattisgarh"}},
{"type":"Feature","geometry":{"type":"Polygon","coordinates":[[[79.759,26.783],[79.842,26.772],[79.938,26.846],[79.946,26.845],[79.945,26.944],[80.021,26.953],[79.923,27.098],[79.906,27.147],[79.805,27.168],[79.726,27.216],[79.681,27.171],[79.562,27.159],[79.522,27.209],[79.395,27.196],[79.402,27.049],[79.382,26.986],[79.327,26.96],[79.337,26.938],[79.439,26.941],[79.463,26.903],[79.561,26.861],[79.611,26.892],[79.759,26.783]]]},"properties":{"DISTRICT":"Kannauj","ST_NM":"Uttar Pradesh"}},
{"type":"Feature","geometry":{"type":"Polygon","coordinates":[[[77.591,8.142],[77.539,8.176],[77.54,8.388],[77.493,8.38],[77.472,8.456],[77.425,8.513],[77.27,8.579],[77.267,8.51],[77.21,8.496],[77.208,8.443],[77.141,8.331],[77.1,8.291],[77.318,8.121],[77.556,8.079],[77.591,8.142]]]},"properties":{"DISTRICT":"Kanniyakumari","ST_NM":"Tamil Nadu"}},
{"type":"Feature","geometry":{"type":"Polygon","coordinates":[[[75.931,11.939],[75.829,11.99],[75.8,12.08],[75.721,12.068],[75.639,12.148],[75.58,12.156],[75.486,12.291],[75.422,12.291],[75.234,12.221],[75.187,12.173],[75.183,12.061],[75.249,12.016],[75.332,11.894],[75.384,11.86],[75.529,11.705],[75.544,11.703],[75.564,11.68],[75.686,11.776],[75.777,11.798],[75.808,11.855],[75.929,11.843],[75.931,11.939]],[[75.53,11.729],[75.537,11.747],[75.533,11.753],[75.533,11.756],[75.536,11.758],[75.544,11.759],[75.545,11.754],[75.547,11.741],[75.559,11.725],[75.559,11.721],[75.555,11.718],[75.549,11.715],[75.547,11.716],[75.541,11.714],[75.533,11.717],[75.528,11.72],[75.529,11.727],[75.53,11.729]]]},"properties":{"DISTRICT":"Kannur","ST_NM":"Kerala"}},
{"type":"Feature","geometry":{"type":"Polygon","coordinates":[[[79.759,26.783],[79.717,26.749],[79.723,26.666],[79.642,26.606],[79.639,26.508],[79.563,26.409],[79.504,26.364],[79.549,26.275],[79.652,26.242],[79.73,26.184],[79.787,26.108],[79.922,26.091],[79.965,26.158],[79.966,26.155],[79.967,26.156],[79.973,26.157],[79.984,26.155],[80.023,26.178],[80.005,26.193],[80.017,26.264],[80.167,26.304],[80.132,26.476],[80.166,26.521],[80.162,26.533],[80.126,26.574],[80.023,26.608],[80.018,26.698],[79.961,26.761],[79.957,26.795],[79.946,26.845],[79.938,26.846],[79.842,26.772],[79.759,26.783]]]},"properties":{"DISTRICT":"Kanpur Dehat","ST_NM":"Uttar Pradesh"}},
{"type":"Feature","geometry":{"type":"Polygon","coordinates":[[[80.567,26.227],[80.533,26.358],[80.422,26.424],[80.296,26.548],[80.304,26.606],[80.259,26.669],[80.187,26.687],[80.133,26.743],[80.107,26.872],[80.052,26.919],[80.021,26.953],[79.945,26.944],[79.946,26.845],[79.957,26.795],[79.961,26.761],[80.018,26.698],[80.023,26.608],[80.126,26.574],[80.162,26.533],[80.166,26.521],[80.132,26.476],[80.167,26.304],[80.017,26.264],[80.005,26.193],[80.023,26.178],[79.984,26.155],[79.973,26.157],[79.967,26.156],[79.966,26.155],[79.968,26.154],[79.958,26.078],[80.095,26.078],[80.084,26.005],[80.237,25.922],[80.263,26.048],[80.324,26.113],[80.45,26.18],[80.521,26.188],[80.567,26.227]]]},"properties":{"DISTRICT":"Kanpur Nagar","ST_NM":"Uttar Pradesh"}},
{"type":"Feature","geometry":{"type":"Polygon","coordinates":[[[78.479,27.808],[78.487,27.749],[78.495,27.745],[78.515,27.74],[78.518,27.743],[78.524,27.746],[78.526,27.75],[78.536,27.754],[78.53,27.769],[78.676,27.735],[78.698,27.686],[78.808,27.608],[78.929,27.559],[78.983,27.598],[79.102,27.557],[79.126,27.555],[79.149,27.569],[79.16,27.57],[79.169,27.576],[79.178,27.584],[79.175,27.584],[79.134,27.632],[79.136,27.703],[79.209,27.707],[79.212,27.739],[79.123,27.847],[78.965,27.851],[78.818,27.952],[78.728,27.961],[78.672,28.035],[78.621,28.039],[78.552,27.909],[78.479,27.808]]]},"properties":{"DISTRICT":"Kansiram Nagar","ST_NM":"Uttar Pradesh"}},
{"type":"Feature","geometry":{"type":"MultiPolygon","coordinates":[[[[75.28,31.483],[75.273,31.482],[75.192,31.432],[75.188,31.418],[75.146,31.334],[75.084,31.272],[75.051,31.192],[74.949,31.15],[75.074,31.144],[75.13,31.169],[75.229,31.155],[75.346,31.232],[75.462,31.238],[75.456,31.285],[75.514,31.39],[75.471,31.456],[75.522,31.531],[75.6,31.567],[75.595,31.605],[75.571,31.638],[75.476,31.651],[75.405,31.594],[75.319,31.539],[75.28,31.483]]],[[[75.788,31.37],[75.686,31.319],[75.671,31.241],[75.707,31.166],[75.788,31.199],[75.892,31.276],[75.897,31.34],[75.788,31.37]]]]},"properties":{"DISTRICT":"Kapurthala","ST_NM":"Punjab"}},
{"type":"Feature","geometry":{"type":"MultiPolygon","coordinates":[[[[93.773,25.962],[93.783,26.039],[93.877,26.266],[93.885,26.387],[93.829,26.417],[93.687,26.606],[93.561,26.608],[93.414,26.568],[93.304,26.578],[93.189,26.567],[93.108,26.531],[93.057,26.421],[92.915,26.392],[92.944,26.327],[92.822,26.265],[92.821,26.215],[92.944,26.201],[92.97,26.128],[93.108,26.07],[93.16,25.99],[93.188,25.902],[93.237,25.853],[93.252,25.787],[93.223,25.725],[93.145,25.713],[93.192,25.625],[93.201,25.557],[93.332,25.543],[93.418,25.617],[93.483,25.642],[93.544,25.699],[93.573,25.753],[93.706,25.849],[93.688,25.905],[93.773,25.962]]],[[[92.662,25.579],[92.751,25.6],[92.822,25.74],[92.972,25.79],[93.073,25.775],[92.987,25.875],[92.877,25.867],[92.765,25.964],[92.749,26.04],[92.594,25.964],[92.573,26.001],[92.599,26.076],[92.531,26.143],[92.402,26.138],[92.304,26.075],[92.168,25.963],[92.183,25.87],[92.155,25.811],[92.162,25.672],[92.238,25.707],[92.418,25.738],[92.499,25.625],[92.559,25.61],[92.588,25.551],[92.662,25.579]]]]},"properties":{"DISTRICT":"Karbi Anglong","ST_NM":"Assam"}},
{"type":"Feature","geometry":{"type":"Polygon","coordinates":[[[75.707,34.216],[75.794,34.103],[75.863,34.07],[75.943,33.987],[76.057,33.986],[76.11,33.895],[76.21,33.786],[76.25,33.608],[76.397,33.668],[76.582,33.515],[76.665,33.429],[76.687,33.339],[76.753,33.322],[76.796,33.255],[76.816,33.172],[76.895,33.113],[76.935,33.032],[77.016,32.988],[77.154,32.979],[77.175,32.911],[77.238,32.895],[77.272,33.021],[77.267,33.126],[77.336,33.206],[77.345,33.362],[77.439,33.429],[77.525,33.525],[77.49,33.61],[77.328,33.628],[77.223,33.746],[76.978,33.776],[76.917,33.823],[76.798,33.868],[76.712,33.922],[76.635,34.021],[76.633,34.094],[76.711,34.246],[76.681,34.289],[76.599,34.607],[76.482,34.682],[76.375,34.833],[76.308,34.862],[76.252,34.831],[76.121,34.709],[76.047,34.674],[75.816,34.643],[75.392,34.543],[75.4,34.423],[75.358,34.352],[75.631,34.223],[75.707,34.216]]]},"properties":{"DISTRICT":"Kargil","ST_NM":"Jammu & Kashmir"}},
{"type":"Feature","geometry":{"type":"Polygon","coordinates":[[[92.499,24.874],[92.403,24.855],[92.351,24.888],[92.25,24.908],[92.272,24.829],[92.266,24.712],[92.24,24.648],[92.233,24.502],[92.273,24.387],[92.213,24.248],[92.296,24.25],[92.422,24.251],[92.477,24.323],[92.507,24.437],[92.519,24.567],[92.497,24.674],[92.545,24.799],[92.589,24.862],[92.499,24.874]]]},"properties":{"DISTRICT":"Karimganj","ST_NM":"Assam"}},
{"type":"Feature","geometry":{"type":"Polygon","coordinates":[[[78.534,18.944],[78.551,18.824],[78.585,18.738],[78.642,18.728],[78.679,18.625],[78.559,18.537],[78.526,18.477],[78.553,18.431],[78.542,18.303],[78.569,18.23],[78.663,18.249],[78.758,18.229],[78.78,18.265],[78.898,18.239],[78.942,18.257],[79.009,18.204],[79.016,18.143],[79.096,18.025],[79.234,17.98],[79.292,18.017],[79.375,18.02],[79.479,18.115],[79.564,18.106],[79.624,18.182],[79.576,18.28],[79.58,18.425],[79.597,18.47],[79.685,18.497],[79.763,18.472],[79.857,18.485],[79.926,18.459],[79.959,18.507],[80.053,18.482],[80.153,18.413],[80.219,18.39],[80.229,18.553],[80.269,18.588],[80.344,18.595],[80.275,18.722],[80.114,18.682],[80.019,18.771],[79.939,18.788],[79.901,18.835],[79.851,18.81],[79.81,18.726],[79.683,18.688],[79.656,18.731],[79.519,18.793],[79.45,18.853],[79.389,18.871],[79.32,18.823],[79.245,18.873],[79.191,18.876],[79.112,18.954],[79.078,19.024],[78.976,19.073],[78.911,19.033],[78.826,19.056],[78.759,19.014],[78.687,19.027],[78.534,18.944]]]},"properties":{"DISTRICT":"Karimnagar","ST_NM":"Andhra Pradesh"}},
{"type":"Feature","geometry":{"type":"Polygon","coordinates":[[[76.494,29.516],[76.493,29.515],[76.454,29.404],[76.515,29.411],[76.552,29.458],[76.658,29.493],[76.661,29.492],[76.756,29.466],[76.869,29.49],[76.964,29.458],[77.135,29.448],[77.096,29.529],[77.097,29.596],[77.144,29.695],[77.125,29.744],[77.164,29.788],[77.223,29.936],[77.131,29.983],[77.118,29.989],[77.115,29.991],[77.094,29.949],[76.946,29.922],[76.795,29.945],[76.756,29.925],[76.694,29.893],[76.688,29.758],[76.701,29.67],[76.566,29.629],[76.501,29.527],[76.494,29.516]]]},"properties":{"DISTRICT":"Karnal","ST_NM":"Haryana"}},
{"type":"Feature","geometry":{"type":"Polygon","coordinates":[[[78.198,10.547],[78.261,10.58],[78.294,10.702],[78.378,10.725],[78.403,10.692],[78.514,10.692],[78.567,10.737],[78.546,10.792],[78.587,10.829],[78.549,10.876],[78.489,10.892],[78.382,10.965],[78.199,10.959],[78.168,11.011],[78.106,11.069],[78.027,11.091],[77.932,11.067],[77.866,11.021],[77.778,11.051],[77.791,11.03],[77.76,10.899],[77.839,10.832],[77.809,10.679],[77.831,10.632],[77.98,10.638],[78.034,10.78],[78.173,10.802],[78.134,10.573],[78.198,10.547]]]},"properties":{"DISTRICT":"Karur","ST_NM":"Tamil Nadu"}},
{"type":"Feature","geometry":{"type":"Polygon","coordinates":[[[74.863,12.758],[74.981,12.488],[75.09,12.289],[75.183,12.061],[75.187,12.173],[75.234,12.221],[75.422,12.291],[75.381,12.392],[75.417,12.502],[75.306,12.502],[75.272,12.558],[75.215,12.578],[75.202,12.63],[75.113,12.68],[75.048,12.664],[75.003,12.718],[75.005,12.79],[74.863,12.758]]]},"properties":{"DISTRICT":"Kasaragod","ST_NM":"Kerala"}},
{"type":"Feature","geometry":{"type":"Polygon","coordinates":[[[75.825,32.854],[75.698,32.811],[75.654,32.755],[75.488,32.74],[75.47,32.689],[75.372,32.63],[75.31,32.562],[75.246,32.541],[75.201,32.409],[75.34,32.342],[75.483,32.318],[75.608,32.382],[75.727,32.418],[75.762,32.476],[75.82,32.487],[75.889,32.576],[75.94,32.644],[75.929,32.757],[75.825,32.854]]]},"properties":{"DISTRICT":"Kathua","ST_NM":"Jammu & Kashmir"}},
{"type":"Feature","geometry":{"type":"Polygon","coordinates":[[[87.553,25.331],[87.613,25.312],[87.658,25.308],[87.69,25.311],[87.714,25.257],[87.793,25.221],[87.855,25.254],[87.856,25.298],[87.787,25.339],[87.792,25.449],[87.815,25.435],[87.832,25.446],[87.831,25.458],[87.84,25.465],[87.855,25.465],[87.857,25.469],[87.869,25.466],[87.87,25.468],[87.87,25.471],[87.866,25.478],[87.876,25.503],[87.93,25.536],[87.961,25.538],[87.986,25.516],[87.992,25.503],[88.01,25.494],[88.033,25.554],[88.057,25.686],[87.907,25.78],[87.917,25.852],[87.825,25.882],[87.822,25.811],[87.804,25.765],[87.688,25.745],[87.669,25.689],[87.555,25.68],[87.49,25.673],[87.34,25.682],[87.261,25.717],[87.244,25.698],[87.262,25.669],[87.254,25.598],[87.213,25.484],[87.232,25.451],[87.222,25.39],[87.278,25.37],[87.34,25.415],[87.457,25.359],[87.489,25.367],[87.504,25.35],[87.517,25.352],[87.544,25.331],[87.553,25.331]]]},"properties":{"DISTRICT":"Katihar","ST_NM":"Bihar"}},
{"type":"Feature","geometry":{"type":"Polygon","coordinates":[[[79.931,23.604],[79.974,23.568],[80.096,23.588],[80.207,23.583],[80.304,23.367],[80.358,23.307],[80.544,23.393],[80.565,23.468],[80.56,23.562],[80.652,23.637],[80.689,23.734],[80.822,23.669],[80.904,23.682],[80.895,23.861],[80.836,23.953],[80.958,24.066],[80.866,24.075],[80.84,24.026],[80.758,24.029],[80.714,24.07],[80.738,24.135],[80.485,23.995],[80.358,23.967],[80.31,23.913],[80.228,23.95],[80.157,23.944],[80.06,23.993],[80.015,23.976],[79.941,23.829],[79.866,23.829],[79.82,23.74],[79.828,23.697],[79.952,23.664],[79.931,23.604]]]},"properties":{"DISTRICT":"Katni","ST_NM":"Madhya Pradesh"}},
{"type":"Feature","geometry":{"type":"Polygon","coordinates":[[[81.614,25.593],[81.467,25.635],[81.369,25.712],[81.405,25.747],[81.337,25.81],[81.237,25.742],[81.211,25.642],[81.263,25.544],[81.193,25.452],[81.151,25.397],[81.25,25.355],[81.387,25.335],[81.389,25.272],[81.46,25.259],[81.55,25.29],[81.552,25.293],[81.593,25.32],[81.599,25.323],[81.615,25.339],[81.636,25.351],[81.762,25.342],[81.819,25.409],[81.802,25.469],[81.667,25.513],[81.614,25.593]]]},"properties":{"DISTRICT":"Kaushambi","ST_NM":"Uttar Pradesh"}},
{"type":"Feature","geometry":{"type":"Polygon","coordinates":[[[86.625,20.797],[86.545,20.754],[86.544,20.693],[86.459,20.67],[86.375,20.595],[86.284,20.584],[86.28,20.425],[86.255,20.367],[86.344,20.37],[86.436,20.339],[86.659,20.334],[86.712,20.301],[86.778,20.344],[86.733,20.411],[86.787,20.529],[87.015,20.683],[86.999,20.763],[86.857,20.773],[86.798,20.739],[86.753,20.773],[86.625,20.797]]]},"properties":{"DISTRICT":"Kendrapara","ST_NM":"Odisha"}},
{"type":"Feature","geometry":{"type":"Polygon","coordinates":[[[85.395,21.185],[85.502,21.114],[85.549,21.166],[85.6,21.137],[85.684,21.185],[85.729,21.143],[85.784,21.101],[85.876,21.086],[85.937,21.136],[86.033,21.141],[86.048,21.024],[86.142,21.074],[86.29,21.018],[86.315,21.057],[86.276,21.151],[86.34,21.18],[86.371,21.239],[86.362,21.3],[86.286,21.375],[86.19,21.273],[86.121,21.272],[86.094,21.311],[86.16,21.429],[86.13,21.471],[86.01,21.532],[86.081,21.629],[86.054,21.709],[85.883,21.794],[85.811,21.812],[85.796,21.951],[85.672,22.013],[85.678,22.055],[85.597,22.078],[85.416,22.16],[85.369,22.158],[85.28,22.084],[85.237,22.004],[85.273,21.962],[85.347,21.951],[85.377,21.91],[85.349,21.834],[85.282,21.834],[85.205,21.768],[85.194,21.663],[85.251,21.676],[85.334,21.482],[85.275,21.427],[85.344,21.359],[85.278,21.293],[85.369,21.241],[85.395,21.185]]]},"properties":{"DISTRICT":"Kendujhar","ST_NM":"Odisha"}},
{"type":"Feature","geometry":{"type":"Polygon","coordinates":[[[86.509,25.428],[86.581,25.486],[86.636,25.405],[86.635,25.306],[86.731,25.254],[86.86,25.368],[86.824,25.444],[86.843,25.615],[86.808,25.638],[86.734,25.661],[86.512,25.611],[86.417,25.728],[86.293,25.64],[86.296,25.527],[86.424,25.498],[86.509,25.428]]]},"properties":{"DISTRICT":"Khagaria","ST_NM":"Bihar"}},
{"type":"Feature","geometry":{"type":"Polygon","coordinates":[[[80.389,18.598],[80.381,18.474],[80.465,18.447],[80.474,18.307],[80.666,18.171],[80.598,18.082],[80.48,18.126],[80.457,18.067],[80.395,18.082],[80.314,17.977],[80.239,17.752],[80.173,17.712],[80.136,17.734],[80.076,17.682],[80.054,17.596],[80.084,17.528],[80.169,17.455],[80.161,17.394],[80.055,17.347],[79.987,17.401],[79.896,17.372],[79.872,17.333],[79.793,17.32],[79.88,17.268],[79.876,17.187],[80.062,17.017],[80.054,16.973],[80.093,16.97],[80.204,17.025],[80.271,17.018],[80.31,16.964],[80.328,16.879],[80.427,16.85],[80.465,16.798],[80.572,16.771],[80.563,16.833],[80.593,16.935],[80.54,16.958],[80.451,16.953],[80.455,17.025],[80.505,17.109],[80.569,17.146],[80.693,17.077],[80.832,17.046],[80.868,17.059],[80.879,17.154],[80.914,17.209],[80.994,17.188],[81.172,17.241],[81.199,17.336],[81.276,17.328],[81.331,17.398],[81.394,17.364],[81.45,17.39],[81.507,17.498],[81.512,17.598],[81.632,17.771],[81.683,17.775],[81.803,17.852],[81.767,17.901],[81.672,17.885],[81.62,17.823],[81.394,17.814],[81.263,17.82],[81.168,17.86],[81.082,17.794],[81.013,17.845],[80.957,18.13],[80.982,18.165],[80.982,18.174],[80.87,18.139],[80.743,18.178],[80.792,18.249],[80.731,18.367],[80.731,18.374],[80.64,18.524],[80.496,18.632],[80.389,18.598]]]},"properties":{"DISTRICT":"Khammam","ST_NM":"Andhra Pradesh"}},
{"type":"Feature","geometry":{"type":"Polygon","coordinates":[[[72.508,22.615],[72.513,22.612],[72.534,22.585],[72.534,22.569],[72.555,22.566],[72.574,22.507],[72.656,22.5],[72.69,22.626],[72.796,22.639],[72.874,22.581],[72.97,22.634],[73.005,22.715],[73.131,22.721],[73.204,22.681],[73.23,22.634],[73.281,22.779],[73.351,22.789],[73.387,22.851],[73.372,22.899],[73.452,22.968],[73.415,23.029],[73.43,23.156],[73.498,23.152],[73.577,23.249],[73.526,23.286],[73.453,23.283],[73.375,23.237],[73.376,23.173],[73.329,23.082],[73.274,23.059],[73.174,23.142],[73.157,23.189],[73.015,23.161],[72.963,23.074],[72.851,23],[72.841,22.993],[72.792,22.908],[72.65,22.897],[72.524,22.798],[72.524,22.711],[72.55,22.672],[72.507,22.619],[72.508,22.615]]]},"properties":{"DISTRICT":"Kheda","ST_NM":"Gujarat"}},
{"type":"Feature","geometry":{"type":"Polygon","coordinates":[[[81.058,28.404],[81.016,28.447],[80.91,28.457],[80.772,28.563],[80.703,28.575],[80.558,28.691],[80.462,28.624],[80.372,28.633],[80.329,28.674],[80.304,28.617],[80.372,28.595],[80.433,28.503],[80.301,28.453],[80.368,28.332],[80.307,28.259],[80.302,28.152],[80.207,28.03],[80.124,27.996],[80.037,27.837],[80.063,27.77],[80.251,27.756],[80.312,27.679],[80.49,27.773],[80.606,27.75],[80.638,27.836],[80.725,27.806],[80.847,27.823],[81.01,27.88],[80.993,27.825],[81.181,27.785],[81.186,27.732],[81.303,27.681],[81.305,27.814],[81.28,27.943],[81.167,28.045],[81.187,28.109],[81.069,28.235],[81.038,28.294],[81.058,28.404]]]},"properties":{"DISTRICT":"Kheri","ST_NM":"Uttar Pradesh"}},
{"type":"Feature","geometry":{"type":"Polygon","coordinates":[[[85.335,20.28],[85.324,20.231],[85.227,20.223],[85.214,20.132],[85.358,20.188],[85.415,20.128],[85.381,20.072],[85.454,19.964],[85.422,19.927],[85.364,19.958],[85.245,19.905],[85.167,19.904],[85.128,19.933],[84.94,19.897],[85.01,19.803],[85.129,19.749],[85.184,19.675],[85.253,19.781],[85.328,19.801],[85.429,19.893],[85.536,19.886],[85.51,19.946],[85.611,20.001],[85.624,20.066],[85.68,20.072],[85.689,20.149],[85.827,20.158],[85.904,20.123],[86.083,20.106],[86.008,20.224],[85.934,20.273],[85.917,20.346],[85.802,20.325],[85.827,20.393],[85.802,20.434],[85.716,20.399],[85.627,20.292],[85.525,20.304],[85.45,20.263],[85.335,20.28]]]},"properties":{"DISTRICT":"Khordha","ST_NM":"Odisha"}},
{"type":"Feature","geometry":{"type":"Polygon","coordinates":[[[84.979,22.785],[85.059,22.735],[85.046,22.675],[85.08,22.571],[85.116,22.658],[85.149,22.806],[85.196,22.812],[85.343,22.885],[85.458,22.802],[85.517,22.809],[85.541,22.866],[85.614,22.933],[85.58,23.052],[85.603,23.104],[85.542,23.159],[85.554,23.278],[85.472,23.213],[85.463,23.177],[85.315,23.184],[85.19,23.244],[85.054,23.201],[85.037,23.105],[84.943,23.011],[84.991,22.961],[84.979,22.785]]]},"properties":{"DISTRICT":"Khunti","ST_NM":"Jharkhand"}},
{"type":"Feature","geometry":{"type":"Polygon","coordinates":[[[78.668,32.089],[78.606,32.053],[78.444,32.053],[78.42,31.99],[78.354,31.941],[78.203,31.933],[78.189,31.872],[78.124,31.867],[78.084,31.788],[78.033,31.761],[77.867,31.783],[77.753,31.752],[77.756,31.72],[77.752,31.717],[77.751,31.714],[77.772,31.704],[77.825,31.638],[77.845,31.527],[77.903,31.443],[77.964,31.403],[78.089,31.422],[78.241,31.341],[78.295,31.293],[78.307,31.286],[78.314,31.283],[78.321,31.281],[78.332,31.28],[78.384,31.283],[78.485,31.199],[78.616,31.231],[78.666,31.193],[78.81,31.2],[78.834,31.142],[78.895,31.099],[79.012,31.112],[78.987,31.177],[78.961,31.188],[78.951,31.201],[78.95,31.217],[78.925,31.229],[78.922,31.254],[78.845,31.325],[78.811,31.448],[78.737,31.536],[78.813,31.571],[78.843,31.623],[78.75,31.687],[78.708,31.789],[78.788,31.995],[78.754,32],[78.668,32.089]]]},"properties":{"DISTRICT":"Kinnaur","ST_NM":"Himachal Pradesh"}},
{"type":"Feature","geometry":{"type":"Polygon","coordinates":[[[95.021,25.881],[94.982,25.873],[94.914,25.937],[94.851,26.035],[94.672,26.017],[94.576,25.896],[94.715,25.758],[94.757,25.78],[94.861,25.717],[94.856,25.609],[94.887,25.586],[94.934,25.658],[95.051,25.755],[95.021,25.881]]]},"properties":{"DISTRICT":"Kiphire","ST_NM":"Nagaland"}},
{"type":"Feature","geometry":{"type":"Polygon","coordinates":[[[87.678,26.111],[87.824,26.111],[87.867,26.093],[87.812,25.958],[87.824,25.933],[87.849,26.044],[87.919,26.091],[87.966,26.084],[88.044,26.178],[88.231,26.289],[88.268,26.338],[88.274,26.422],[88.243,26.449],[88.112,26.539],[88.098,26.434],[88.01,26.355],[87.92,26.432],[87.796,26.468],[87.767,26.409],[87.679,26.436],[87.648,26.393],[87.606,26.351],[87.657,26.306],[87.686,26.192],[87.678,26.111]]]},"properties":{"DISTRICT":"Kishanganj","ST_NM":"Bihar"}},
{"type":"Feature","geometry":{"type":"Polygon","coordinates":[[[75.5,33.399],[75.529,33.378],[75.629,33.222],[75.725,33.215],[75.825,33.152],[75.795,33.064],[75.943,33.057],[76.045,33.098],[76.111,33.003],[76.255,33.032],[76.292,33.104],[76.402,33.183],[76.487,33.18],[76.565,33.209],[76.645,33.162],[76.748,33.179],[76.796,33.255],[76.753,33.322],[76.687,33.339],[76.665,33.429],[76.582,33.515],[76.397,33.668],[76.25,33.608],[76.21,33.786],[76.11,33.895],[76.057,33.986],[75.943,33.987],[75.863,34.07],[75.794,34.103],[75.707,34.216],[75.612,34.133],[75.611,34.043],[75.506,33.966],[75.472,33.904],[75.481,33.816],[75.546,33.659],[75.574,33.519],[75.5,33.399]]]},"properties":{"DISTRICT":"Kishtwar","ST_NM":"Jammu & Kashmir"}},
{"type":"Feature","geometry":{"type":"Polygon","coordinates":[[[89.86,26.382],[89.862,26.384],[89.838,26.412],[89.767,26.464],[89.7,26.421],[89.555,26.426],[89.533,26.477],[89.361,26.495],[89.246,26.492],[89.078,26.538],[88.988,26.534],[88.854,26.382],[88.75,26.356],[88.761,26.31],[88.925,26.286],[89.004,26.295],[88.986,26.42],[89.091,26.4],[89.107,26.289],[89.14,26.242],[89.161,26.14],[89.224,26.126],[89.282,26.053],[89.358,26.011],[89.55,25.999],[89.62,26.063],[89.599,26.162],[89.641,26.216],[89.723,26.166],[89.722,26.259],[89.86,26.382]]]},"properties":{"DISTRICT":"Koch Bihar","ST_NM":"West Bengal"}},
{"type":"Feature","geometry":{"type":"Polygon","coordinates":[[[75.417,12.502],[75.381,12.392],[75.422,12.291],[75.486,12.291],[75.58,12.156],[75.639,12.148],[75.721,12.068],[75.8,12.08],[75.829,11.99],[75.931,11.939],[76.035,11.939],[76.114,11.977],[76.189,12.052],[76.133,12.193],[76.023,12.252],[76,12.325],[75.911,12.402],[75.973,12.452],[75.964,12.503],[76.021,12.566],[75.967,12.559],[75.94,12.644],[75.967,12.7],[75.928,12.819],[75.812,12.7],[75.762,12.675],[75.673,12.7],[75.649,12.666],[75.673,12.555],[75.618,12.51],[75.417,12.502]]]},"properties":{"DISTRICT":"Kodagu","ST_NM":"Karnataka"}},
{"type":"Feature","geometry":{"type":"Polygon","coordinates":[[[85.343,24.313],[85.431,24.356],[85.501,24.332],[85.546,24.355],[85.639,24.334],[85.596,24.263],[85.526,24.228],[85.505,24.169],[85.573,24.14],[85.653,24.123],[85.68,24.096],[85.701,24.099],[85.708,24.105],[85.708,24.13],[85.67,24.156],[85.732,24.206],[85.844,24.224],[85.87,24.295],[85.845,24.353],[85.868,24.527],[85.81,24.553],[85.765,24.626],[85.834,24.686],[85.822,24.73],[85.911,24.762],[85.885,24.801],[85.784,24.799],[85.744,24.823],[85.712,24.729],[85.667,24.675],[85.672,24.582],[85.615,24.585],[85.541,24.533],[85.501,24.551],[85.39,24.535],[85.286,24.519],[85.176,24.43],[85.088,24.381],[85.11,24.34],[85.299,24.346],[85.343,24.313]]]},"properties":{"DISTRICT":"Kodarma","ST_NM":"Jharkhand"}},
{"type":"Feature","geometry":{"type":"Polygon","coordinates":[[[93.935,25.646],[93.943,25.559],[94.012,25.57],[94.138,25.519],[94.194,25.547],[94.216,25.675],[94.354,25.924],[94.359,26.01],[94.243,26.004],[94.169,25.974],[94.107,25.985],[93.983,25.922],[93.968,25.906],[93.992,25.793],[93.974,25.736],[93.917,25.684],[93.935,25.646]]]},"properties":{"DISTRICT":"Kohima","ST_NM":"Nagaland"}},
{"type":"Feature","geometry":{"type":"Polygon","coordinates":[[[90.429,26.36],[90.41,26.433],[90.41,26.434],[90.409,26.435],[90.4,26.476],[90.396,26.478],[90.355,26.608],[90.421,26.711],[90.425,26.899],[90.36,26.896],[90.317,26.851],[90.231,26.858],[90.194,26.77],[90.05,26.729],[89.895,26.724],[89.862,26.704],[89.883,26.584],[89.838,26.412],[89.862,26.384],[89.86,26.382],[89.862,26.38],[89.868,26.375],[89.883,26.373],[89.893,26.359],[89.896,26.325],[89.855,26.259],[89.884,26.137],[90.044,26.131],[90.135,26.196],[90.109,26.329],[90.211,26.362],[90.283,26.32],[90.344,26.37],[90.377,26.319],[90.411,26.341],[90.417,26.345],[90.429,26.36]]]},"properties":{"DISTRICT":"Kokrajhar","ST_NM":"Assam"}},
{"type":"Feature","geometry":{"type":"Polygon","coordinates":[[[77.869,12.867],[77.924,12.883],[77.992,12.82],[78.075,12.84],[78.131,12.78],[78.232,12.763],[78.252,12.857],[78.314,12.857],[78.356,12.938],[78.469,12.974],[78.463,13.042],[78.516,13.063],[78.52,13.13],[78.564,13.2],[78.578,13.282],[78.512,13.287],[78.365,13.365],[78.381,13.401],[78.39,13.591],[78.2,13.566],[78.208,13.481],[78.129,13.4],[78.118,13.299],[78.024,13.288],[77.989,13.307],[77.926,13.238],[77.966,13.243],[77.958,13.124],[77.903,13.099],[77.855,12.892],[77.869,12.867]]]},"properties":{"DISTRICT":"Kolar","ST_NM":"Karnataka"}},
{"type":"Feature","geometry":{"type":"Polygon","coordinates":[[[92.896,24.391],[92.803,24.419],[92.765,24.518],[92.691,24.354],[92.626,24.332],[92.611,24.251],[92.55,24.244],[92.532,24.178],[92.55,24.055],[92.632,24.029],[92.627,23.954],[92.724,23.975],[92.847,24.027],[92.903,24.222],[92.863,24.241],[92.861,24.314],[92.896,24.391]]]},"properties":{"DISTRICT":"Kolasib","ST_NM":"Mizoram"}},
{"type":"Feature","geometry":{"type":"Polygon","coordinates":[[[74.693,16.717],[74.632,16.786],[74.559,16.807],[74.496,16.856],[74.414,16.842],[74.298,16.892],[74.25,16.886],[74.039,16.924],[74.023,16.984],[73.915,17.074],[73.849,17.153],[73.781,17.18],[73.709,17.17],[73.789,17.093],[73.788,16.993],[73.748,16.905],[73.753,16.813],[73.866,16.67],[73.854,16.65],[73.826,16.544],[73.888,16.449],[73.849,16.313],[73.916,16.248],[73.947,16.172],[73.856,16.145],[73.901,16.089],[73.999,16.087],[74.002,16.038],[74.084,16.004],[74.084,15.868],[74.211,15.781],[74.286,15.741],[74.345,15.766],[74.381,15.849],[74.364,15.878],[74.429,15.953],[74.483,16.089],[74.503,16.225],[74.342,16.293],[74.317,16.355],[74.332,16.454],[74.27,16.522],[74.49,16.629],[74.546,16.635],[74.569,16.554],[74.689,16.617],[74.693,16.717]]]},"properties":{"DISTRICT":"Kolhapur","ST_NM":"Maharashtra"}},
{"type":"Feature","geometry":{"type":"Polygon","coordinates":[[[88.274,22.555],[88.292,22.518],[88.368,22.499],[88.411,22.56],[88.363,22.633],[88.332,22.556],[88.274,22.555]]]},"properties":{"DISTRICT":"Kolkata","ST_NM":"West Bengal"}},
{"type":"Feature","geometry":{"type":"Polygon","coordinates":[[[76.487,9.085],[76.554,8.891],[76.615,8.856],[76.672,8.781],[76.76,8.794],[76.848,8.835],[76.935,8.761],[76.996,8.781],[77.035,8.841],[77.082,8.837],[77.201,8.769],[77.265,8.84],[77.149,9.02],[77.209,9.071],[77.056,9.122],[76.929,9.139],[76.759,9.073],[76.66,9.093],[76.656,9.149],[76.487,9.085]]]},"properties":{"DISTRICT":"Kollam","ST_NM":"Kerala"}},
{"type":"Feature","geometry":{"type":"Polygon","coordinates":[[[75.846,15.838],[75.928,15.793],[75.99,15.802],[76.04,15.768],[75.969,15.665],[75.921,15.728],[75.871,15.715],[75.899,15.607],[75.826,15.45],[75.903,15.402],[75.89,15.288],[75.95,15.137],[76.102,15.167],[76.188,15.235],[76.249,15.191],[76.363,15.325],[76.491,15.342],[76.703,15.485],[76.781,15.493],[76.814,15.547],[76.693,15.645],[76.444,15.736],[76.451,15.851],[76.428,15.888],[76.286,15.901],[76.228,15.939],[76.118,15.885],[76.06,15.905],[76.086,15.992],[75.976,15.982],[75.978,15.867],[75.903,15.923],[75.825,15.901],[75.846,15.838]]]},"properties":{"DISTRICT":"Koppal","ST_NM":"Karnataka"}},
{"type":"Feature","geometry":{"type":"Polygon","coordinates":[[[82.093,18.739],[82.176,18.633],[82.222,18.667],[82.265,18.588],[82.315,18.578],[82.359,18.622],[82.419,18.605],[82.447,18.599],[82.444,18.569],[82.417,18.564],[82.405,18.527],[82.437,18.493],[82.531,18.512],[82.543,18.398],[82.606,18.371],[82.598,18.265],[82.775,18.34],[82.807,18.448],[82.899,18.401],[82.911,18.365],[82.985,18.364],[82.989,18.375],[83,18.384],[83.005,18.384],[83.012,18.386],[83.02,18.387],[83.048,18.379],[83.074,18.402],[83.034,18.573],[83.092,18.664],[83.396,18.879],[83.321,18.974],[83.348,19.017],[83.341,19.101],[83.277,19.114],[83.242,18.973],[83.207,18.976],[83.19,19.015],[83.186,19.114],[83.138,19.137],[83.076,19.081],[83.07,19.065],[83.071,19.049],[83.064,19.044],[83.048,19.054],[83.032,19.057],[83.031,19.08],[82.981,19.153],[82.951,19.155],[82.879,19.184],[82.872,19.2],[82.864,19.206],[82.857,19.204],[82.853,19.194],[82.843,19.2],[82.742,19.16],[82.704,19.188],[82.616,19.183],[82.549,19.206],[82.433,19.172],[82.397,19.209],[82.283,19.204],[82.18,19.223],[82.169,19.214],[82.164,19.203],[82.181,19.19],[82.187,19.165],[82.185,19.161],[82.183,19.159],[82.176,19.163],[82.172,19.161],[82.173,19.157],[82.18,19.154],[82.18,19.149],[82.176,19.14],[82.217,19.085],[82.248,18.917],[82.179,18.898],[82.154,18.78],[82.099,18.763],[82.093,18.739]]]},"properties":{"DISTRICT":"Koraput","ST_NM":"Odisha"}},
{"type":"Feature","geometry":{"type":"Polygon","coordinates":[[[82.463,22.214],[82.529,22.242],[82.53,22.24],[82.594,22.259],[82.66,22.188],[82.637,22.124],[82.713,22.05],[82.762,22.119],[82.872,22.172],[82.941,22.122],[83.031,22.169],[83.038,22.249],[83.111,22.365],[83.089,22.474],[83.114,22.677],[83.019,22.64],[82.946,22.674],[82.868,22.747],[82.778,22.77],[82.725,22.829],[82.658,22.809],[82.56,22.844],[82.575,22.943],[82.567,22.973],[82.446,22.967],[82.372,22.997],[82.26,22.938],[82.224,22.94],[82.159,22.85],[82.154,22.739],[82.178,22.665],[82.244,22.656],[82.235,22.592],[82.178,22.556],[82.146,22.451],[82.183,22.407],[82.143,22.33],[82.286,22.287],[82.356,22.324],[82.46,22.216],[82.463,22.214]]]},"properties":{"DISTRICT":"Korba","ST_NM":"Chhattisgarh"}},
{"type":"Feature","geometry":{"type":"Polygon","coordinates":[[[82.123,23.103],[82.178,23.04],[82.181,22.968],[82.224,22.94],[82.26,22.938],[82.372,22.997],[82.446,22.967],[82.567,22.973],[82.575,22.943],[82.609,23.008],[82.572,23.07],[82.584,23.13],[82.64,23.141],[82.668,23.205],[82.758,23.255],[82.745,23.358],[82.653,23.384],[82.642,23.498],[82.582,23.542],[82.575,23.618],[82.603,23.666],[82.549,23.753],[82.499,23.785],[82.239,23.806],[82.212,23.852],[82.177,23.823],[82.053,23.819],[81.97,23.855],[81.958,23.851],[81.819,23.808],[81.71,23.861],[81.669,23.924],[81.605,23.887],[81.695,23.72],[81.621,23.659],[81.613,23.509],[81.701,23.522],[81.737,23.564],[81.835,23.51],[81.924,23.531],[81.979,23.419],[81.981,23.416],[81.983,23.414],[82.031,23.383],[82.106,23.397],[82.195,23.321],[82.15,23.227],[82.159,23.141],[82.123,23.103]]]},"properties":{"DISTRICT":"Koriya","ST_NM":"Chhattisgarh"}},
{"type":"Feature","geometry":{"type":"Polygon","coordinates":[[[76.579,25.432],[76.525,25.525],[76.516,25.668],[76.535,25.793],[76.572,25.835],[76.5,25.843],[76.466,25.786],[76.364,25.738],[76.322,25.809],[76.232,25.804],[76.157,25.762],[76.191,25.705],[76.288,25.69],[76.301,25.632],[76.275,25.511],[76.209,25.484],[76.113,25.329],[76.025,25.314],[75.981,25.24],[75.902,25.234],[75.794,25.258],[75.736,25.166],[75.758,25.111],[75.696,25.03],[75.624,24.996],[75.761,24.876],[75.822,24.867],[75.789,24.761],[75.842,24.726],[75.855,24.61],[75.923,24.54],[76.082,24.577],[76.069,24.676],[76.115,24.693],[76.183,24.664],[76.227,24.832],[76.314,24.84],[76.365,24.871],[76.445,24.831],[76.443,24.783],[76.49,24.822],[76.557,24.804],[76.575,24.858],[76.421,24.977],[76.324,24.959],[76.218,25.084],[76.254,25.238],[76.288,25.247],[76.331,25.374],[76.562,25.414],[76.579,25.432]]]},"properties":{"DISTRICT":"Kota","ST_NM":"Rajasthan"}},
{"type":"Feature","geometry":{"type":"Polygon","coordinates":[[[76.516,9.4],[76.591,9.417],[76.654,9.48],[76.748,9.473],[76.941,9.43],[76.956,9.49],[76.89,9.537],[76.89,9.617],[76.93,9.651],[76.888,9.717],[76.814,9.783],[76.633,9.856],[76.561,9.816],[76.515,9.85],[76.418,9.822],[76.373,9.836],[76.377,9.695],[76.403,9.684],[76.395,9.563],[76.466,9.559],[76.516,9.4]]]},"properties":{"DISTRICT":"Kottayam","ST_NM":"Kerala"}},
{"type":"Feature","geometry":{"type":"Polygon","coordinates":[[[75.544,11.703],[75.537,11.693],[75.621,11.476],[75.677,11.45],[75.74,11.357],[75.798,11.179],[75.829,11.124],[75.882,11.225],[75.975,11.267],[76.046,11.265],[76.091,11.31],[76.101,11.396],[76.143,11.449],[76.042,11.501],[75.908,11.603],[75.896,11.699],[75.851,11.699],[75.777,11.798],[75.686,11.776],[75.564,11.68],[75.544,11.703]]]},"properties":{"DISTRICT":"Kozhikode","ST_NM":"Kerala"}},
{"type":"Feature","geometry":{"type":"MultiPolygon","coordinates":[[[[80.819,15.743],[80.839,15.707],[80.96,15.736],[81.012,15.776],[80.996,15.824],[81.045,15.897],[81.153,15.975],[81.223,16.227],[81.266,16.267],[81.258,16.319],[81.382,16.359],[81.405,16.337],[81.529,16.351],[81.548,16.387],[81.438,16.413],[81.34,16.514],[81.353,16.605],[81.285,16.667],[81.266,16.606],[81.186,16.623],[81.011,16.561],[80.972,16.633],[81.039,16.798],[80.936,16.964],[80.964,17.041],[80.868,17.059],[80.832,17.046],[80.693,17.077],[80.569,17.146],[80.505,17.109],[80.455,17.025],[80.451,16.953],[80.54,16.958],[80.593,16.935],[80.563,16.833],[80.572,16.771],[80.465,16.798],[80.427,16.85],[80.328,16.879],[80.31,16.964],[80.271,17.018],[80.204,17.025],[80.093,16.97],[80.054,16.973],[80,16.871],[80.078,16.821],[80.148,16.756],[80.146,16.663],[80.228,16.624],[80.319,16.626],[80.484,16.597],[80.645,16.499],[80.81,16.285],[80.869,16.142],[80.905,16],[80.906,15.923],[80.819,15.743]]],[[[81.394,16.334],[81.268,16.311],[81.275,16.278],[81.394,16.334]]]]},"properties":{"DISTRICT":"Krishna","ST_NM":"Andhra Pradesh"}},
{"type":"Feature","geometry":{"type":"Polygon","coordinates":[[[77.835,12.868],[77.76,12.696],[77.678,12.66],[77.599,12.657],[77.588,12.516],[77.635,12.486],[77.614,12.363],[77.473,12.245],[77.522,12.193],[77.615,12.204],[77.737,12.177],[77.751,12.153],[77.793,12.154],[77.819,12.228],[77.864,12.257],[77.876,12.322],[77.94,12.331],[77.974,12.407],[77.902,12.499],[77.992,12.506],[78.021,12.456],[78.118,12.443],[78.145,12.371],[78.232,12.313],[78.276,12.259],[78.334,12.261],[78.379,12.193],[78.522,12.172],[78.635,12.175],[78.652,12.258],[78.607,12.263],[78.617,12.337],[78.451,12.449],[78.417,12.486],[78.409,12.624],[78.38,12.622],[78.239,12.699],[78.232,12.763],[78.131,12.78],[78.075,12.84],[77.992,12.82],[77.924,12.883],[77.869,12.867],[77.835,12.868]]]},"properties":{"DISTRICT":"Krishnagiri","ST_NM":"Tamil Nadu"}},
{"type":"Feature","geometry":{"type":"Polygon","coordinates":[[[75.055,33.827],[75.022,33.793],[74.994,33.712],[74.882,33.673],[74.853,33.624],[74.779,33.625],[74.749,33.675],[74.605,33.673],[74.555,33.692],[74.514,33.663],[74.555,33.477],[74.601,33.453],[74.754,33.525],[74.84,33.458],[75.01,33.461],[75.123,33.47],[75.153,33.579],[75.092,33.637],[75.131,33.72],[75.055,33.827]]]},"properties":{"DISTRICT":"Kulgam","ST_NM":"Jammu & Kashmir"}},
{"type":"Feature","geometry":{"type":"Polygon","coordinates":[[[76.939,32.063],[77.061,31.856],[77.167,31.838],[77.213,31.731],[77.306,31.662],[77.302,31.557],[77.387,31.361],[77.402,31.362],[77.43,31.342],[77.532,31.353],[77.634,31.397],[77.632,31.45],[77.709,31.502],[77.656,31.578],[77.648,31.658],[77.686,31.704],[77.716,31.704],[77.751,31.714],[77.752,31.717],[77.756,31.72],[77.753,31.752],[77.867,31.783],[77.77,31.943],[77.802,31.981],[77.745,32.092],[77.567,32.196],[77.423,32.195],[77.345,32.254],[77.308,32.336],[77.151,32.416],[77.075,32.397],[77.031,32.307],[77.032,32.247],[76.939,32.063]]]},"properties":{"DISTRICT":"Kullu","ST_NM":"Himachal Pradesh"}},
{"type":"Feature","geometry":{"type":"Polygon","coordinates":[[[74.604,34.869],[74.467,34.818],[74.368,34.755],[74.359,34.712],[74.175,34.609],[73.977,34.561],[73.91,34.498],[73.916,34.436],[73.994,34.295],[74.02,34.285],[74.366,34.354],[74.417,34.451],[74.504,34.479],[74.55,34.549],[74.531,34.646],[74.579,34.711],[74.568,34.804],[74.604,34.869]]]},"properties":{"DISTRICT":"Kupwara","ST_NM":"Jammu & Kashmir"}},
{"type":"Feature","geometry":{"type":"Polygon","coordinates":[[[78.144,14.945],[78.227,14.948],[78.296,15.073],[78.413,14.964],[78.43,15.034],[78.529,15.032],[78.515,14.968],[78.552,14.933],[78.636,14.923],[78.719,14.965],[78.763,15.038],[78.77,15.186],[78.744,15.305],[78.774,15.406],[78.773,15.663],[78.813,15.875],[78.902,15.964],[78.933,16.07],[78.921,16.116],[78.88,16.117],[78.816,16.053],[78.746,16.028],[78.644,16.098],[78.566,16.063],[78.412,16.087],[78.323,16.035],[78.275,16.041],[78.249,15.943],[78.187,15.906],[78.171,15.855],[78.108,15.834],[77.894,15.901],[77.805,15.871],[77.689,15.879],[77.514,15.926],[77.431,15.947],[77.253,15.962],[77.147,15.945],[77.081,15.914],[77.028,15.834],[77.068,15.828],[77.051,15.73],[77.086,15.658],[77.031,15.634],[77.032,15.44],[77.042,15.364],[77.153,15.291],[77.158,15.137],[77.197,15.158],[77.294,15.13],[77.366,15.221],[77.527,15.223],[77.582,15.188],[77.662,15.232],[77.794,15.104],[77.819,15.14],[77.965,15.103],[78.046,15],[78.144,14.945]]]},"properties":{"DISTRICT":"Kurnool","ST_NM":"Andhra Pradesh"}},
{"type":"Feature","geometry":{"type":"Polygon","coordinates":[[[77.065,30.123],[77.065,30.122],[76.96,30.192],[76.808,30.212],[76.686,30.185],[76.64,30.151],[76.635,30.145],[76.567,30.095],[76.467,30.096],[76.424,30.044],[76.483,29.956],[76.471,29.912],[76.554,29.858],[76.691,29.917],[76.756,29.925],[76.795,29.945],[76.946,29.922],[77.094,29.949],[77.115,29.991],[77.118,29.989],[77.077,30.072],[77.092,30.101],[77.081,30.113],[77.065,30.123]]]},"properties":{"DISTRICT":"Kurukshetra","ST_NM":"Haryana"}},
{"type":"Feature","geometry":{"type":"Polygon","coordinates":[[[93.242,27.614],[93.333,27.669],[93.518,27.65],[93.615,27.668],[93.689,27.648],[93.971,27.736],[93.986,27.763],[93.914,27.837],[93.964,27.923],[94.019,27.955],[93.941,28.002],[93.857,28.083],[93.896,28.128],[93.843,28.239],[93.769,28.263],[93.684,28.321],[93.575,28.256],[93.389,28.306],[93.34,28.353],[93.225,28.335],[93.027,28.299],[92.9,28.204],[92.788,28.183],[92.685,28.117],[92.738,27.977],[92.934,27.919],[92.97,27.826],[93.178,27.821],[93.24,27.796],[93.202,27.678],[93.242,27.614]]]},"properties":{"DISTRICT":"Kurung Kumey","ST_NM":"Arunanchal Pradesh"}},
{"type":"Feature","geometry":{"type":"Polygon","coordinates":[[[84.058,26.548],[84.094,26.608],[84.161,26.636],[84.281,26.597],[84.417,26.636],[84.335,26.682],[84.238,26.867],[84.141,26.853],[84.062,26.889],[84.059,26.988],[84.034,27.042],[83.951,27.117],[83.995,27.179],[83.908,27.276],[83.844,27.248],[83.806,27.117],[83.729,26.953],[83.572,26.933],[83.545,26.88],[83.62,26.753],[83.632,26.657],[83.875,26.748],[83.961,26.671],[83.97,26.623],[84.058,26.548]]]},"properties":{"DISTRICT":"Kushinagar","ST_NM":"Uttar Pradesh"}},
{"type":"Feature","geometry":{"type":"Polygon","coordinates":[[[76.865,32.461],[76.953,32.403],[77.059,32.429],[77.075,32.397],[77.151,32.416],[77.308,32.336],[77.345,32.254],[77.423,32.195],[77.567,32.196],[77.745,32.092],[77.802,31.981],[77.77,31.943],[77.867,31.783],[78.033,31.761],[78.084,31.788],[78.124,31.867],[78.189,31.872],[78.203,31.933],[78.354,31.941],[78.42,31.99],[78.444,32.053],[78.606,32.053],[78.668,32.089],[78.591,32.154],[78.61,32.215],[78.481,32.274],[78.478,32.333],[78.536,32.415],[78.456,32.453],[78.4,32.526],[78.328,32.472],[78.314,32.574],[78.407,32.62],[78.314,32.709],[78.202,32.661],[78.111,32.659],[78.053,32.589],[77.994,32.589],[77.921,32.69],[77.936,32.754],[77.879,32.813],[77.779,32.862],[77.808,32.903],[77.731,32.969],[77.599,32.937],[77.473,32.859],[77.397,32.879],[77.339,32.82],[77.238,32.895],[77.175,32.911],[77.154,32.979],[77.016,32.988],[76.935,33.032],[76.895,33.113],[76.816,33.172],[76.796,33.255],[76.748,33.179],[76.738,33.075],[76.773,33.01],[76.763,32.93],[76.685,32.854],[76.612,32.854],[76.547,32.813],[76.377,32.82],[76.426,32.688],[76.594,32.642],[76.649,32.58],[76.866,32.533],[76.865,32.461]]]},"properties":{"DISTRICT":"Lahul & Spiti","ST_NM":"Himachal Pradesh"}},
{"type":"Feature","geometry":{"type":"Polygon","coordinates":[[[94.262,27.52],[94.224,27.504],[94.002,27.332],[93.811,27.149],[93.839,27.075],[93.7,26.992],[93.745,26.958],[93.774,26.844],[93.822,26.823],[93.823,26.824],[93.827,26.825],[93.881,26.855],[93.937,26.929],[93.977,26.923],[94.054,26.979],[94.135,26.969],[94.226,27.032],[94.44,27.119],[94.51,27.12],[94.571,27.178],[94.582,27.21],[94.581,27.214],[94.579,27.214],[94.571,27.214],[94.556,27.222],[94.521,27.263],[94.503,27.327],[94.463,27.305],[94.337,27.328],[94.322,27.423],[94.262,27.52]]]},"properties":{"DISTRICT":"Lakhimpur","ST_NM":"Assam"}},
{"type":"Feature","geometry":{"type":"Polygon","coordinates":[[[86.064,25.334],[86.029,25.293],[85.932,25.323],[85.906,25.294],[85.919,25.239],[85.989,25.156],[85.912,25.013],[86.019,24.978],[86.131,24.972],[86.176,25.05],[86.25,25.051],[86.318,25.083],[86.369,25.144],[86.385,25.219],[86.359,25.281],[86.299,25.297],[86.206,25.25],[86.134,25.274],[86.064,25.334]]]},"properties":{"DISTRICT":"Lakhisarai","ST_NM":"Bihar"}},
{"type":"Feature","geometry":{"type":"Polygon","coordinates":[[[78.267,24.449],[78.369,24.374],[78.333,24.334],[78.392,24.269],[78.441,24.293],[78.506,24.39],[78.585,24.353],[78.624,24.292],[78.705,24.23],[78.761,24.243],[78.791,24.181],[78.865,24.209],[78.914,24.297],[78.975,24.353],[78.994,24.419],[78.989,24.443],[78.947,24.442],[78.952,24.549],[78.889,24.635],[78.759,24.598],[78.779,24.699],[78.771,24.857],[78.675,24.898],[78.632,24.957],[78.649,25.057],[78.604,25.093],[78.57,25.221],[78.45,25.124],[78.332,25.079],[78.334,24.995],[78.177,24.88],[78.172,24.843],[78.232,24.772],[78.274,24.665],[78.267,24.449]]]},"properties":{"DISTRICT":"Lalitpur","ST_NM":"Uttar Pradesh"}},
{"type":"Feature","geometry":{"type":"Polygon","coordinates":[[[84.586,23.986],[84.588,23.979],[84.587,23.971],[84.571,23.957],[84.565,23.928],[84.485,23.894],[84.447,23.961],[84.334,23.91],[84.253,23.898],[84.14,23.943],[84.138,23.9],[84.018,23.796],[83.994,23.709],[84.067,23.694],[84.014,23.633],[84.03,23.545],[83.977,23.448],[83.974,23.375],[84.077,23.331],[84.119,23.35],[84.194,23.324],[84.261,23.378],[84.252,23.451],[84.329,23.528],[84.319,23.579],[84.399,23.604],[84.509,23.676],[84.644,23.666],[84.681,23.604],[84.758,23.605],[84.781,23.554],[84.886,23.558],[84.946,23.608],[84.922,23.646],[84.964,23.714],[84.941,23.727],[84.95,23.874],[84.923,23.951],[84.759,23.967],[84.71,24.039],[84.632,23.981],[84.586,23.986]]]},"properties":{"DISTRICT":"Latehar","ST_NM":"Jharkhand"}},
{"type":"Feature","geometry":{"type":"Polygon","coordinates":[[[76.277,18.557],[76.255,18.519],[76.272,18.42],[76.208,18.388],[76.319,18.329],[76.277,18.139],[76.331,18.074],[76.382,18.089],[76.428,18.03],[76.597,18.033],[76.677,17.997],[76.676,17.922],[76.742,17.9],[76.776,17.879],[76.883,17.895],[76.915,17.939],[76.92,18.035],[76.954,18.039],[76.956,18.186],[77.06,18.154],[77.142,18.209],[77.209,18.279],[77.243,18.41],[77.267,18.42],[77.268,18.453],[77.275,18.475],[77.296,18.547],[77.271,18.611],[77.156,18.646],[77.157,18.701],[77.047,18.683],[77.057,18.766],[76.995,18.827],[76.885,18.835],[76.746,18.774],[76.727,18.749],[76.634,18.551],[76.706,18.547],[76.676,18.482],[76.609,18.455],[76.468,18.496],[76.424,18.553],[76.277,18.557]]]},"properties":{"DISTRICT":"Latur","ST_NM":"Maharashtra"}},
{"type":"Feature","geometry":{"type":"Polygon","coordinates":[[[92.935,22.555],[92.837,22.624],[92.755,22.542],[92.612,22.679],[92.588,22.747],[92.51,22.735],[92.583,22.313],[92.609,22.127],[92.6,22.011],[92.688,22.039],[92.706,22.152],[92.855,22.064],[92.826,22.33],[92.866,22.324],[92.932,22.395],[92.935,22.555]]]},"properties":{"DISTRICT":"Lawangtlai","ST_NM":"Mizoram"}},
{"type":"Feature","geometry":{"type":"Polygon","coordinates":[[[76.375,34.833],[76.482,34.682],[76.599,34.607],[76.681,34.289],[76.711,34.246],[76.633,34.094],[76.635,34.021],[76.712,33.922],[76.798,33.868],[76.917,33.823],[76.978,33.776],[77.223,33.746],[77.328,33.628],[77.49,33.61],[77.525,33.525],[77.439,33.429],[77.345,33.362],[77.336,33.206],[77.267,33.126],[77.272,33.021],[77.238,32.895],[77.339,32.82],[77.397,32.879],[77.473,32.859],[77.599,32.937],[77.731,32.969],[77.808,32.903],[77.779,32.862],[77.879,32.813],[77.936,32.754],[77.921,32.69],[77.994,32.589],[78.053,32.589],[78.111,32.659],[78.202,32.661],[78.314,32.709],[78.407,32.62],[78.314,32.574],[78.328,32.472],[78.4,32.526],[78.536,32.609],[78.619,32.596],[78.662,32.654],[78.75,32.682],[78.793,32.618],[78.776,32.573],[78.827,32.439],[78.96,32.367],[79.115,32.384],[79.195,32.483],[79.34,32.592],[79.448,32.533],[79.627,32.738],[79.573,32.782],[79.464,32.92],[79.383,32.972],[79.377,33.085],[79.438,33.19],[79.455,33.259],[79.241,33.298],[79.097,33.295],[78.993,33.331],[78.933,33.433],[78.941,33.527],[78.919,33.634],[78.99,33.611],[79.105,33.614],[79.092,33.68],[79.021,33.706],[79.02,33.776],[78.906,33.976],[78.941,34.024],[79.015,34.05],[79.084,34.022],[79.198,34.051],[79.376,34.033],[79.495,34.136],[79.495,34.18],[79.584,34.238],[79.56,34.411],[79.509,34.474],[79.58,34.49],[79.794,34.485],[79.758,34.555],[79.772,34.622],[79.861,34.689],[79.945,34.681],[80.069,34.715],[80.073,34.828],[80.171,34.989],[80.184,35.167],[80.229,35.228],[80.284,35.388],[80.329,35.473],[80.295,35.602],[80.237,35.642],[80.115,35.677],[79.999,35.838],[79.869,35.783],[79.746,35.8],[79.518,35.884],[79.426,35.895],[79.387,35.99],[79.242,35.987],[79.19,35.947],[79.18,35.87],[79.118,35.837],[78.94,35.88],[78.804,35.856],[78.658,35.854],[78.521,35.764],[78.423,35.785],[78.391,35.738],[78.273,35.722],[78.272,35.669],[78.2,35.654],[78.137,35.539],[78.046,35.585],[77.967,35.575],[77.906,35.469],[77.826,35.51],[77.725,35.477],[77.481,35.478],[77.337,35.223],[77.249,35.135],[77.065,35.14],[77.045,35.074],[77.094,35.044],[77.109,34.962],[77.069,34.88],[76.847,34.833],[76.539,34.825],[76.375,34.833]]]},"properties":{"DISTRICT":"Leh (ladakh)","ST_NM":"Jammu & Kashmir"}},
{"type":"Feature","geometry":{"type":"Polygon","coordinates":[[[84.898,23.32],[84.886,23.402],[84.945,23.501],[84.886,23.558],[84.781,23.554],[84.758,23.605],[84.681,23.604],[84.644,23.666],[84.509,23.676],[84.399,23.604],[84.471,23.576],[84.475,23.488],[84.424,23.426],[84.538,23.348],[84.629,23.309],[84.898,23.32]]]},"properties":{"DISTRICT":"Lohardaga","ST_NM":"Jharkhand"}},
{"type":"Feature","geometry":{"type":"Polygon","coordinates":[[[96.308,28.374],[96.242,28.299],[96.234,28.238],[96.147,28.175],[96.053,28.193],[95.983,28.072],[95.979,27.963],[95.93,27.885],[95.824,27.804],[95.759,27.725],[95.799,27.602],[95.882,27.547],[96.002,27.559],[96.129,27.619],[96.293,27.555],[96.376,27.645],[96.523,27.636],[96.57,27.656],[96.644,27.627],[96.704,27.66],[96.623,27.698],[96.638,27.803],[96.514,27.905],[96.435,27.914],[96.375,27.997],[96.277,28.091],[96.331,28.131],[96.339,28.185],[96.299,28.267],[96.338,28.328],[96.308,28.374]]]},"properties":{"DISTRICT":"Lohit","ST_NM":"Arunanchal Pradesh"}},
{"type":"Feature","geometry":{"type":"Polygon","coordinates":[[[94.904,26.439],[94.897,26.526],[94.859,26.61],[94.791,26.635],[94.836,26.717],[94.791,26.796],[94.738,26.764],[94.753,26.702],[94.673,26.652],[94.737,26.595],[94.691,26.524],[94.709,26.444],[94.749,26.458],[94.861,26.375],[94.904,26.439]]]},"properties":{"DISTRICT":"Longleng","ST_NM":"Nagaland"}},
{"type":"Feature","geometry":{"type":"Polygon","coordinates":[[[96.317,28.383],[96.268,28.412],[96.369,28.474],[96.327,28.525],[96.435,28.588],[96.304,28.662],[96.326,28.785],[96.186,28.802],[96.116,28.782],[96.009,28.695],[95.855,28.721],[95.873,28.627],[95.777,28.574],[95.881,28.52],[95.828,28.474],[95.732,28.534],[95.7,28.526],[95.493,28.593],[95.423,28.635],[95.379,28.605],[95.411,28.546],[95.34,28.477],[95.341,28.365],[95.385,28.31],[95.567,28.255],[95.562,28.035],[95.502,27.946],[95.518,27.877],[95.609,27.953],[95.827,27.972],[95.979,27.963],[95.983,28.072],[96.053,28.193],[96.147,28.175],[96.234,28.238],[96.242,28.299],[96.308,28.374],[96.317,28.383]]]},"properties":{"DISTRICT":"Lower Dibang Valley","ST_NM":"Arunanchal Pradesh"}},
{"type":"Feature","geometry":{"type":"Polygon","coordinates":[[[94.214,27.608],[94.325,27.703],[94.32,27.774],[94.197,27.811],[94.152,27.866],[94.063,27.869],[94.019,27.955],[93.964,27.923],[93.914,27.837],[93.986,27.763],[93.971,27.736],[93.689,27.648],[93.615,27.668],[93.518,27.65],[93.621,27.532],[93.571,27.472],[93.604,27.367],[93.669,27.336],[93.839,27.363],[93.856,27.465],[93.945,27.511],[94.123,27.497],[94.154,27.53],[94.224,27.504],[94.262,27.52],[94.214,27.608]]]},"properties":{"DISTRICT":"Lower Subansiri","ST_NM":"Arunanchal Pradesh"}},
{"type":"Feature","geometry":{"type":"Polygon","coordinates":[[[80.929,27.159],[80.827,27.101],[80.647,27.079],[80.56,27.011],[80.6,26.984],[80.627,26.889],[80.681,26.861],[80.738,26.776],[80.699,26.689],[80.843,26.663],[80.892,26.598],[81,26.535],[81.045,26.502],[81.166,26.593],[81.17,26.648],[81.219,26.706],[81.157,26.814],[81,27],[81.012,27.141],[80.929,27.159]]]},"properties":{"DISTRICT":"Lucknow","ST_NM":"Uttar Pradesh"}},
{"type":"Feature","geometry":{"type":"Polygon","coordinates":[[[75.656,30.635],[75.74,30.629],[75.791,30.66],[75.876,30.638],[75.929,30.576],[76.028,30.615],[76.084,30.562],[76.153,30.653],[76.299,30.679],[76.255,30.836],[76.337,30.859],[76.308,30.992],[76.214,31.006],[76.135,30.986],[76,30.989],[75.954,31.012],[75.76,31.015],[75.596,30.969],[75.355,30.989],[75.397,30.809],[75.378,30.748],[75.381,30.622],[75.408,30.582],[75.551,30.633],[75.655,30.634],[75.656,30.635]]]},"properties":{"DISTRICT":"Ludhiana","ST_NM":"Punjab"}},
{"type":"Feature","geometry":{"type":"Polygon","coordinates":[[[92.673,23.383],[92.588,23.401],[92.558,23.369],[92.478,23.39],[92.466,23.318],[92.395,23.266],[92.357,23.234],[92.397,23.051],[92.375,22.934],[92.459,22.873],[92.456,22.817],[92.51,22.735],[92.588,22.747],[92.612,22.679],[92.755,22.542],[92.837,22.624],[92.935,22.555],[92.955,22.627],[92.92,22.764],[93.006,22.754],[93.032,22.796],[93.102,22.784],[93.119,22.86],[93.16,22.91],[93.128,23.003],[92.96,23.116],[92.925,23.187],[92.867,23.177],[92.817,23.226],[92.691,23.243],[92.689,23.328],[92.673,23.383]]]},"properties":{"DISTRICT":"Lunglei","ST_NM":"Mizoram"}},
{"type":"Feature","geometry":{"type":"Polygon","coordinates":[[[87.093,26.055],[87.012,26.077],[86.783,26.094],[86.733,26.119],[86.68,26.026],[86.635,26.028],[86.618,25.947],[86.676,25.936],[86.713,25.867],[86.841,25.867],[86.877,25.716],[86.808,25.638],[86.843,25.615],[86.824,25.444],[86.912,25.492],[87.073,25.469],[87.103,25.514],[87.03,25.651],[87.052,25.688],[87.011,25.744],[87.041,25.835],[86.993,25.934],[87.082,25.96],[87.093,26.055]]]},"properties":{"DISTRICT":"Madhepura","ST_NM":"Bihar"}},
{"type":"Feature","geometry":{"type":"Polygon","coordinates":[[[86.377,26.044],[86.429,26.075],[86.468,26.153],[86.406,26.202],[86.505,26.225],[86.514,26.284],[86.573,26.334],[86.694,26.373],[86.725,26.431],[86.573,26.498],[86.346,26.617],[86.195,26.615],[86.03,26.666],[85.957,26.65],[85.858,26.57],[85.819,26.603],[85.769,26.436],[85.825,26.382],[85.815,26.317],[85.881,26.277],[85.914,26.307],[86.003,26.267],[86.056,26.213],[86.164,26.228],[86.322,26.158],[86.322,26.098],[86.377,26.044]]]},"properties":{"DISTRICT":"Madhubani","ST_NM":"Bihar"}},
{"type":"Feature","geometry":{"type":"Polygon","coordinates":[[[77.711,10.02],[77.681,9.934],[77.623,9.863],[77.625,9.823],[77.569,9.748],[77.478,9.563],[77.52,9.638],[77.644,9.705],[77.725,9.693],[77.776,9.64],[78.016,9.639],[78.063,9.741],[78.134,9.765],[78.139,9.762],[78.14,9.761],[78.127,9.843],[78.156,9.873],[78.313,9.865],[78.32,9.923],[78.458,9.968],[78.458,10.1],[78.396,10.178],[78.413,10.213],[78.381,10.309],[78.334,10.3],[78.329,10.226],[78.266,10.175],[78.26,10.086],[78.16,10.111],[78.122,10.189],[78.03,10.179],[77.92,10.083],[77.764,10.055],[77.711,10.02]]]},"properties":{"DISTRICT":"Madurai","ST_NM":"Tamil Nadu"}},
{"type":"Feature","geometry":{"type":"Polygon","coordinates":[[[83.545,26.88],[83.572,26.933],[83.729,26.953],[83.806,27.117],[83.844,27.248],[83.908,27.276],[83.867,27.345],[83.823,27.375],[83.609,27.47],[83.402,27.478],[83.406,27.399],[83.358,27.34],[83.293,27.337],[83.13,27.141],[83.178,27.087],[83.323,27.053],[83.331,26.981],[83.447,26.975],[83.545,26.88]]]},"properties":{"DISTRICT":"Maharajganj","ST_NM":"Uttar Pradesh"}},
{"type":"Feature","geometry":{"type":"Polygon","coordinates":[[[83.277,21.378],[83,21.458],[82.935,21.494],[82.876,21.55],[82.828,21.501],[82.772,21.52],[82.69,21.481],[82.704,21.372],[82.554,21.319],[82.466,21.323],[82.394,21.265],[82.261,21.309],[82.242,21.433],[82.166,21.328],[82.068,21.271],[82.02,21.219],[82.008,21.087],[82.103,21.028],[82.164,21.013],[82.199,20.941],[82.284,20.935],[82.349,20.873],[82.485,20.85],[82.491,20.903],[82.56,20.945],[82.63,21.04],[82.639,21.09],[82.643,21.152],[82.847,21.167],[82.987,21.161],[83.127,21.105],[83.2,21.143],[83.277,21.378]]]},"properties":{"DISTRICT":"Mahasamund","ST_NM":"Chhattisgarh"}},
{"type":"Feature","geometry":{"type":"Polygon","coordinates":[[[77.457,16.885],[77.471,16.78],[77.441,16.767],[77.421,16.667],[77.458,16.611],[77.42,16.522],[77.37,16.488],[77.255,16.472],[77.289,16.407],[77.416,16.367],[77.523,16.375],[77.596,16.317],[77.492,16.254],[77.491,16.12],[77.508,16.078],[77.514,15.926],[77.689,15.879],[77.805,15.871],[77.894,15.901],[78.108,15.834],[78.171,15.855],[78.187,15.906],[78.249,15.943],[78.275,16.041],[78.323,16.035],[78.412,16.087],[78.566,16.063],[78.644,16.098],[78.746,16.028],[78.816,16.053],[78.88,16.117],[78.921,16.116],[78.916,16.198],[79.028,16.251],[79.2,16.23],[79.233,16.257],[79.219,16.37],[79.017,16.49],[78.932,16.517],[78.913,16.55],[78.759,16.536],[78.674,16.648],[78.757,16.707],[78.794,16.826],[78.728,16.871],[78.702,16.933],[78.585,16.952],[78.511,17.013],[78.453,17],[78.389,17.035],[78.308,17.151],[78.294,17.224],[78.173,17.171],[78.183,17.1],[78.102,17.101],[78.055,17.196],[77.936,17.086],[77.94,17.024],[78.014,16.95],[77.969,16.869],[77.866,16.853],[77.738,16.881],[77.769,17.019],[77.755,17.062],[77.788,17.154],[77.728,17.206],[77.617,17.167],[77.479,17.175],[77.467,17.107],[77.503,17.011],[77.457,16.885]]]},"properties":{"DISTRICT":"Mahbubnagar","ST_NM":"Andhra Pradesh"}},
{"type":"Feature","geometry":{"type":"MultiPolygon","coordinates":[[[[75.53,11.729],[75.529,11.727],[75.528,11.72],[75.533,11.717],[75.541,11.714],[75.547,11.716],[75.549,11.715],[75.555,11.718],[75.559,11.721],[75.559,11.725],[75.547,11.741],[75.545,11.754],[75.544,11.759],[75.536,11.758],[75.533,11.756],[75.533,11.753],[75.537,11.747],[75.53,11.729]]],[[[75.529,11.705],[75.537,11.693],[75.544,11.703],[75.529,11.705]]]]},"properties":{"DISTRICT":"Mahe","ST_NM":"Puducherry"}},
{"type":"Feature","geometry":{"type":"Polygon","coordinates":[[[75.898,28.39],[76.027,28.277],[76.016,28.249],[76.061,28.22],[75.985,28.08],[75.931,27.929],[75.983,27.86],[76.088,27.847],[76.181,27.803],[76.231,27.836],[76.178,27.905],[76.162,27.988],[76.185,28.055],[76.259,28.066],[76.345,28.025],[76.364,28.124],[76.316,28.179],[76.345,28.223],[76.36,28.346],[76.331,28.365],[76.291,28.423],[76.291,28.425],[76.291,28.435],[76.292,28.441],[76.292,28.449],[76.277,28.448],[76.275,28.448],[76.259,28.436],[76.22,28.467],[76.196,28.442],[76.187,28.443],[76.117,28.451],[76.079,28.394],[76,28.44],[75.906,28.43],[75.9,28.417],[75.904,28.4],[75.898,28.39]]]},"properties":{"DISTRICT":"Mahendragarh","ST_NM":"Haryana"}},
{"type":"Feature","geometry":{"type":"Polygon","coordinates":[[[72.336,23.107],[72.44,23.205],[72.415,23.281],[72.467,23.3],[72.505,23.385],[72.587,23.472],[72.631,23.556],[72.685,23.555],[72.802,23.502],[72.808,23.503],[72.833,23.67],[72.798,23.74],[72.788,23.833],[72.816,23.945],[72.865,24.016],[72.792,24.082],[72.735,24.084],[72.623,24.041],[72.628,23.991],[72.566,23.932],[72.478,23.93],[72.394,23.882],[72.342,23.892],[72.291,23.848],[72.301,23.799],[72.269,23.694],[72.284,23.615],[72.194,23.64],[72.06,23.575],[72.006,23.635],[71.957,23.591],[71.97,23.531],[72,23.504],[72.053,23.444],[72.098,23.459],[72.21,23.431],[72.262,23.46],[72.298,23.413],[72.264,23.346],[72.178,23.274],[72.187,23.144],[72.286,23.074],[72.336,23.107]]]},"properties":{"DISTRICT":"Mahesana","ST_NM":"Gujarat"}},
{"type":"Feature","geometry":{"type":"Polygon","coordinates":[[[80.121,25.407],[80.024,25.444],[80,25.532],[80.026,25.588],[79.98,25.631],[79.831,25.549],[79.814,25.499],[79.66,25.542],[79.645,25.486],[79.535,25.483],[79.389,25.522],[79.284,25.322],[79.341,25.328],[79.442,25.237],[79.391,25.166],[79.397,25.116],[79.497,25.078],[79.558,25.165],[79.674,25.123],[79.747,25.138],[79.835,25.096],[79.868,25.152],[79.853,25.232],[80.005,25.266],[80.029,25.339],[80.104,25.347],[80.121,25.407]]]},"properties":{"DISTRICT":"Mahoba","ST_NM":"Uttar Pradesh"}},
{"type":"Feature","geometry":{"type":"Polygon","coordinates":[[[78.734,27.336],[78.789,27.153],[78.78,27.05],[78.818,26.956],[78.956,26.971],[79.002,26.932],[79.117,27],[79.272,26.988],[79.327,26.96],[79.382,26.986],[79.402,27.049],[79.395,27.196],[79.339,27.215],[79.321,27.287],[79.251,27.331],[79.216,27.329],[79.11,27.432],[78.96,27.419],[78.907,27.464],[78.84,27.409],[78.836,27.361],[78.734,27.336]]]},"properties":{"DISTRICT":"Mainpuri","ST_NM":"Uttar Pradesh"}},
{"type":"Feature","geometry":{"type":"Polygon","coordinates":[[[75.829,11.124],[75.852,11.054],[75.904,10.796],[75.955,10.686],[76.01,10.687],[76.07,10.727],[76.034,10.825],[76.094,10.839],[76.133,10.896],[76.233,10.886],[76.321,10.912],[76.352,11.093],[76.412,11.119],[76.447,11.202],[76.523,11.269],[76.547,11.359],[76.457,11.389],[76.37,11.455],[76.266,11.48],[76.241,11.525],[76.143,11.449],[76.101,11.396],[76.091,11.31],[76.046,11.265],[75.975,11.267],[75.882,11.225],[75.829,11.124]]]},"properties":{"DISTRICT":"Malappuram","ST_NM":"Kerala"}},
{"type":"Feature","geometry":{"type":"Polygon","coordinates":[[[88.185,25.286],[88.183,25.29],[88.114,25.323],[88.115,25.328],[88.128,25.363],[88.076,25.481],[88.01,25.494],[87.992,25.503],[87.986,25.516],[87.961,25.538],[87.93,25.536],[87.876,25.503],[87.866,25.478],[87.87,25.471],[87.87,25.468],[87.869,25.466],[87.857,25.469],[87.855,25.465],[87.84,25.465],[87.831,25.458],[87.832,25.446],[87.815,25.435],[87.792,25.449],[87.787,25.339],[87.856,25.298],[87.855,25.254],[87.793,25.221],[87.778,25.1],[87.87,25.041],[87.967,24.937],[87.972,24.882],[87.902,24.855],[87.971,24.757],[87.965,24.681],[88.013,24.669],[88.071,24.769],[88.162,24.85],[88.176,24.945],[88.221,24.958],[88.276,24.891],[88.336,24.872],[88.347,24.94],[88.398,24.944],[88.452,25.035],[88.444,25.197],[88.464,25.263],[88.431,25.303],[88.22,25.307],[88.192,25.275],[88.185,25.286]]]},"properties":{"DISTRICT":"Maldah","ST_NM":"West Bengal"}},
{"type":"Feature","geometry":{"type":"Polygon","coordinates":[[[81.969,18.693],[81.955,18.566],[81.77,18.418],[81.753,18.353],[81.666,18.346],[81.536,18.266],[81.531,18.164],[81.482,18.036],[81.485,17.981],[81.404,17.895],[81.394,17.814],[81.62,17.823],[81.672,17.885],[81.767,17.901],[81.81,17.944],[81.982,18.014],[82.033,18.066],[82.172,18.05],[82.25,17.988],[82.267,18.043],[82.345,18.056],[82.341,18.224],[82.37,18.418],[82.437,18.493],[82.405,18.527],[82.417,18.564],[82.444,18.569],[82.447,18.599],[82.419,18.605],[82.359,18.622],[82.315,18.578],[82.265,18.588],[82.222,18.667],[82.176,18.633],[82.093,18.739],[81.969,18.693]]]},"properties":{"DISTRICT":"Malkangiri","ST_NM":"Odisha"}},
{"type":"Feature","geometry":{"type":"Polygon","coordinates":[[[92.627,23.954],[92.632,24.029],[92.55,24.055],[92.532,24.178],[92.463,24.134],[92.419,24.192],[92.422,24.251],[92.296,24.25],[92.324,24.204],[92.331,23.91],[92.259,23.813],[92.268,23.724],[92.335,23.464],[92.379,23.372],[92.395,23.266],[92.466,23.318],[92.478,23.39],[92.558,23.369],[92.588,23.401],[92.673,23.383],[92.655,23.518],[92.675,23.623],[92.637,23.647],[92.652,23.714],[92.625,23.796],[92.661,23.832],[92.627,23.954]]]},"properties":{"DISTRICT":"Mamit","ST_NM":"Mizoram"}},
{"type":"Feature","geometry":{"type":"Polygon","coordinates":[[[76.876,31.354],[76.921,31.367],[77.003,31.298],[77.032,31.275],[77.133,31.229],[77.306,31.271],[77.337,31.298],[77.341,31.323],[77.348,31.336],[77.353,31.346],[77.358,31.352],[77.364,31.356],[77.372,31.359],[77.385,31.358],[77.387,31.361],[77.302,31.557],[77.306,31.662],[77.213,31.731],[77.167,31.838],[77.061,31.856],[76.939,32.063],[76.842,32.041],[76.787,32.073],[76.738,32.03],[76.663,32.031],[76.694,31.933],[76.641,31.875],[76.621,31.79],[76.674,31.732],[76.73,31.585],[76.741,31.518],[76.798,31.476],[76.804,31.423],[76.881,31.412],[76.876,31.354]]]},"properties":{"DISTRICT":"Mandi","ST_NM":"Himachal Pradesh"}},
{"type":"Feature","geometry":{"type":"Polygon","coordinates":[[[81.048,22.24],[81.121,22.294],[81.117,22.441],[81.194,22.489],[81.159,22.554],[81.083,22.61],[80.936,22.573],[80.956,22.64],[80.925,22.681],[80.928,22.754],[80.871,22.758],[80.872,22.849],[80.77,22.813],[80.591,22.858],[80.584,23],[80.528,23.08],[80.431,23.14],[80.357,23.137],[80.31,23.097],[80.246,23.148],[80.18,23.116],[80.165,23.047],[80.085,23.076],[79.996,23.026],[79.959,22.953],[79.964,22.853],[80.075,22.758],[80.185,22.766],[80.216,22.801],[80.281,22.786],[80.193,22.603],[80.113,22.627],[80.009,22.578],[80.055,22.458],[80.093,22.427],[80.1,22.34],[80.272,22.31],[80.302,22.338],[80.397,22.305],[80.447,22.248],[80.711,22.205],[80.706,22.273],[80.788,22.313],[80.796,22.393],[80.923,22.335],[80.916,22.278],[81,22.288],[81.048,22.24]]]},"properties":{"DISTRICT":"Mandla","ST_NM":"Madhya Pradesh"}},
{"type":"Feature","geometry":{"type":"Polygon","coordinates":[[[75.551,24.712],[75.575,24.676],[75.595,24.55],[75.486,24.421],[75.374,24.336],[75.349,24.357],[75.214,24.328],[75.063,24.358],[75.033,24.389],[74.96,24.352],[74.965,24.305],[74.905,24.243],[74.881,24.213],[74.96,24.107],[74.993,24.026],[74.915,23.909],[74.91,23.798],[74.94,23.763],[75.025,23.784],[75.051,23.823],[75.333,23.839],[75.458,23.917],[75.466,23.977],[75.516,24.045],[75.702,23.965],[75.764,23.994],[75.782,24.058],[75.746,24.136],[75.815,24.297],[75.767,24.307],[75.738,24.399],[75.789,24.454],[75.832,24.418],[75.906,24.442],[75.923,24.54],[75.855,24.61],[75.842,24.726],[75.789,24.761],[75.745,24.756],[75.616,24.684],[75.551,24.712]]]},"properties":{"DISTRICT":"Mandsaur","ST_NM":"Madhya Pradesh"}},
{"type":"Feature","geometry":{"type":"Polygon","coordinates":[[[77.323,12.307],[77.334,12.353],[77.287,12.392],[77.27,12.465],[77.214,12.486],[77.148,12.462],[77.115,12.553],[77.081,12.746],[76.925,12.804],[76.852,12.977],[76.762,13.035],[76.674,13.054],[76.632,13.006],[76.577,12.848],[76.523,12.841],[76.47,12.795],[76.412,12.846],[76.333,12.798],[76.365,12.71],[76.345,12.656],[76.381,12.575],[76.458,12.478],[76.568,12.425],[76.581,12.349],[76.651,12.395],[76.733,12.319],[76.812,12.36],[76.836,12.402],[76.937,12.402],[76.979,12.347],[77,12.244],[77.113,12.242],[77.166,12.309],[77.323,12.307]]]},"properties":{"DISTRICT":"Mandya","ST_NM":"Karnataka"}},
{"type":"Feature","geometry":{"type":"Polygon","coordinates":[[[75.372,30.2],[75.346,30.13],[75.261,30.099],[75.279,30],[75.184,29.968],[75.189,29.835],[75.241,29.75],[75.208,29.729],[75.183,29.628],[75.3,29.559],[75.29,29.601],[75.407,29.759],[75.454,29.784],[75.567,29.763],[75.677,29.77],[75.737,29.809],[75.775,29.835],[75.733,29.933],[75.647,29.952],[75.687,30.007],[75.579,30.143],[75.566,30.148],[75.501,30.15],[75.464,30.196],[75.372,30.2]]]},"properties":{"DISTRICT":"Mansa","ST_NM":"Punjab"}},
{"type":"Feature","geometry":{"type":"Polygon","coordinates":[[[91.956,26.254],[92,26.204],[92.132,26.178],[92.18,26.078],[92.304,26.075],[92.402,26.138],[92.438,26.243],[92.507,26.256],[92.551,26.36],[92.442,26.405],[92.425,26.517],[92.346,26.502],[92.223,26.417],[92.181,26.423],[92.086,26.337],[92.051,26.281],[91.956,26.254]]]},"properties":{"DISTRICT":"Marigaon","ST_NM":"Assam"}},
{"type":"Feature","geometry":{"type":"Polygon","coordinates":[[[77.951,27.283],[77.904,27.323],[77.903,27.441],[77.942,27.484],[77.879,27.527],[77.898,27.584],[77.851,27.653],[77.794,27.684],[77.834,27.753],[77.762,27.904],[77.715,27.943],[77.528,27.926],[77.478,27.927],[77.338,27.846],[77.285,27.801],[77.313,27.782],[77.351,27.647],[77.349,27.519],[77.438,27.456],[77.44,27.394],[77.506,27.376],[77.648,27.241],[77.781,27.233],[77.847,27.288],[77.951,27.283]]]},"properties":{"DISTRICT":"Mathura","ST_NM":"Uttar Pradesh"}},
{"type":"Feature","geometry":{"type":"Polygon","coordinates":[[[83.346,25.814],[83.508,25.864],[83.66,25.891],[83.733,25.856],[83.799,25.923],[83.773,26.002],[83.689,26.009],[83.682,26.071],[83.795,26.108],[83.811,26.191],[83.742,26.262],[83.635,26.223],[83.508,26.277],[83.41,26.168],[83.381,26.042],[83.327,26.022],[83.313,25.857],[83.346,25.814]]]},"properties":{"DISTRICT":"Mau","ST_NM":"Uttar Pradesh"}},
{"type":"Feature","geometry":{"type":"Polygon","coordinates":[[[87.099,21.865],[87.035,21.87],[87.003,21.912],[87.039,21.994],[87.022,22.046],[86.962,22.088],[86.811,22.118],[86.795,22.158],[86.721,22.148],[86.728,22.219],[86.653,22.24],[86.505,22.345],[86.43,22.31],[86.358,22.349],[86.293,22.429],[86.208,22.474],[86.107,22.494],[86.068,22.552],[85.967,22.482],[86.027,22.385],[86.024,22.308],[85.976,22.247],[86.032,22.189],[85.948,22.023],[85.9,21.982],[85.79,21.983],[85.785,22.04],[85.678,22.055],[85.672,22.013],[85.796,21.951],[85.811,21.812],[85.883,21.794],[86.054,21.709],[86.081,21.629],[86.01,21.532],[86.13,21.471],[86.16,21.429],[86.094,21.311],[86.121,21.272],[86.19,21.273],[86.286,21.375],[86.362,21.3],[86.428,21.332],[86.535,21.428],[86.585,21.521],[86.641,21.534],[86.688,21.594],[86.813,21.607],[86.952,21.573],[87,21.594],[87.113,21.786],[87.099,21.865]]]},"properties":{"DISTRICT":"Mayurbhanj","ST_NM":"Odisha"}},
{"type":"Feature","geometry":{"type":"Polygon","coordinates":[[[77.444,17.584],[77.69,17.509],[77.761,17.559],[77.774,17.602],[77.856,17.643],[77.874,17.581],[77.923,17.574],[78.02,17.475],[78.085,17.497],[78.263,17.419],[78.355,17.524],[78.387,17.665],[78.43,17.701],[78.572,17.687],[78.664,17.696],[78.72,17.667],[78.775,17.676],[78.87,17.809],[78.833,17.894],[78.972,18.032],[79.096,18.025],[79.016,18.143],[79.009,18.204],[78.942,18.257],[78.898,18.239],[78.78,18.265],[78.758,18.229],[78.663,18.249],[78.569,18.23],[78.456,18.133],[78.389,18.125],[78.327,18.2],[78.283,18.149],[78.171,18.17],[78.173,18.107],[78.079,18.079],[77.942,18.113],[77.906,18.194],[77.773,18.191],[77.725,18.26],[77.603,18.275],[77.574,18.191],[77.601,18.154],[77.61,18.02],[77.657,17.972],[77.62,17.905],[77.53,17.829],[77.508,17.785],[77.543,17.728],[77.461,17.701],[77.444,17.584]]]},"properties":{"DISTRICT":"Medak","ST_NM":"Andhra Pradesh"}},
{"type":"Feature","geometry":{"type":"Polygon","coordinates":[[[77.462,28.92],[77.597,28.875],[77.693,28.875],[77.732,28.736],[77.854,28.801],[77.869,28.862],[77.969,28.843],[78.116,28.856],[78.064,28.893],[78.106,29.083],[78.136,29.165],[78.137,29.253],[78.037,29.262],[77.929,29.21],[77.869,29.222],[77.804,29.18],[77.665,29.25],[77.589,29.256],[77.507,29.19],[77.432,29.086],[77.46,29.067],[77.477,28.961],[77.462,28.92]]]},"properties":{"DISTRICT":"Meerut","ST_NM":"Uttar Pradesh"}},
{"type":"Feature","geometry":{"type":"Polygon","coordinates":[[[76.979,27.652],[77.047,27.815],[77.11,27.78],[77.158,27.807],[77.243,27.78],[77.285,27.801],[77.338,27.846],[77.259,27.877],[77.102,28.005],[77.179,28.2],[77.019,28.25],[77.014,28.305],[76.931,28.321],[76.855,28.235],[76.863,28.22],[76.971,28.139],[76.927,27.992],[76.935,27.829],[76.897,27.714],[76.979,27.652]]]},"properties":{"DISTRICT":"Mewat","ST_NM":"Haryana"}},
{"type":"Feature","geometry":{"type":"Polygon","coordinates":[[[82.108,24.807],[82.247,24.752],[82.251,24.699],[82.302,24.611],[82.417,24.596],[82.428,24.703],[82.527,24.676],[82.55,24.695],[82.547,24.808],[82.583,24.83],[82.659,24.785],[82.825,24.854],[82.955,24.838],[83.058,24.799],[83.108,24.817],[83.067,24.929],[83.065,25.065],[83.123,25.056],[83.128,25.187],[83.034,25.241],[83.002,25.203],[82.919,25.213],[82.857,25.169],[82.757,25.243],[82.672,25.248],[82.539,25.239],[82.402,25.26],[82.333,25.213],[82.3,25.272],[82.244,25.215],[82.269,25.182],[82.327,25.076],[82.305,25.019],[82.169,24.891],[82.108,24.807]]]},"properties":{"DISTRICT":"Mirzapur","ST_NM":"Uttar Pradesh"}},
{"type":"Feature","geometry":{"type":"Polygon","coordinates":[[[75.408,30.582],[75.381,30.622],[75.378,30.748],[75.397,30.809],[75.355,30.989],[75.295,31.034],[75.117,31.093],[75.114,31.092],[75.112,31.088],[75.104,31.073],[75.052,31.032],[75.059,30.96],[74.955,30.891],[74.952,30.884],[74.911,30.736],[74.955,30.674],[74.954,30.59],[75.008,30.488],[75.11,30.52],[75.293,30.51],[75.364,30.514],[75.408,30.582]]]},"properties":{"DISTRICT":"Moga","ST_NM":"Punjab"}},
{"type":"Feature","geometry":{"type":"Polygon","coordinates":[[[94.317,26.458],[94.293,26.418],[94.359,26.358],[94.37,26.192],[94.437,26.204],[94.488,26.29],[94.55,26.202],[94.587,26.219],[94.565,26.279],[94.653,26.341],[94.709,26.444],[94.691,26.524],[94.737,26.595],[94.673,26.652],[94.753,26.702],[94.738,26.764],[94.687,26.727],[94.596,26.725],[94.41,26.612],[94.397,26.525],[94.317,26.458]]]},"properties":{"DISTRICT":"Mokokchung","ST_NM":"Nagaland"}},
{"type":"Feature","geometry":{"type":"Polygon","coordinates":[[[94.904,26.439],[94.986,26.481],[95.076,26.471],[95.154,26.574],[95.154,26.613],[95.237,26.68],[95.185,26.859],[95.23,26.88],[95.196,27.037],[95.087,26.947],[94.986,26.913],[94.887,26.927],[94.791,26.796],[94.836,26.717],[94.791,26.635],[94.859,26.61],[94.897,26.526],[94.904,26.439]]]},"properties":{"DISTRICT":"Mon","ST_NM":"Nagaland"}},
{"type":"Feature","geometry":{"type":"Polygon","coordinates":[[[78.525,29.07],[78.572,29.017],[78.528,28.945],[78.63,28.923],[78.654,28.861],[78.583,28.796],[78.514,28.774],[78.44,28.796],[78.416,28.659],[78.438,28.606],[78.415,28.463],[78.494,28.415],[78.525,28.358],[78.639,28.333],[78.755,28.376],[78.871,28.481],[78.92,28.479],[78.938,28.563],[78.839,28.66],[78.946,28.713],[78.976,28.763],[78.938,28.855],[78.888,28.898],[78.892,28.974],[78.95,29.033],[78.935,29.079],[78.973,29.156],[78.917,29.157],[78.876,29.243],[78.771,29.281],[78.707,29.267],[78.664,29.144],[78.602,29.084],[78.525,29.07]]]},"properties":{"DISTRICT":"Moradabad","ST_NM":"Uttar Pradesh"}},
{"type":"Feature","geometry":{"type":"Polygon","coordinates":[[[78.218,26.83],[78.188,26.795],[78.104,26.784],[78.096,26.681],[78,26.697],[77.821,26.549],[77.679,26.504],[77.53,26.409],[77.435,26.401],[77.373,26.366],[77.274,26.271],[77.201,26.231],[77.12,26.226],[77.116,26.22],[77.137,26.203],[77.148,26.192],[77.152,26.162],[77.175,26.175],[77.206,26.113],[77.403,26.153],[77.552,26.024],[77.615,26.03],[77.641,25.962],[77.599,25.918],[77.651,25.906],[77.677,25.916],[77.672,25.979],[77.73,26.05],[77.774,26.051],[77.744,26.163],[77.815,26.255],[77.985,26.252],[78.027,26.312],[78.122,26.339],[78.229,26.305],[78.264,26.338],[78.256,26.443],[78.215,26.529],[78.351,26.56],[78.502,26.672],[78.544,26.766],[78.394,26.822],[78.371,26.865],[78.218,26.83]]]},"properties":{"DISTRICT":"Morena","ST_NM":"Madhya Pradesh"}},
{"type":"Feature","geometry":{"type":"Polygon","coordinates":[[[74.822,30.393],[74.753,30.394],[74.734,30.464],[74.621,30.635],[74.502,30.667],[74.429,30.549],[74.329,30.446],[74.321,30.329],[74.262,30.246],[74.357,30.24],[74.337,30.162],[74.367,30.085],[74.427,30.023],[74.452,29.947],[74.529,29.943],[74.65,29.922],[74.707,29.97],[74.683,30.102],[74.726,30.308],[74.822,30.393]]]},"properties":{"DISTRICT":"Muktsar","ST_NM":"Punjab"}},
{"type":"Feature","geometry":{"type":"Polygon","coordinates":[[[72.897,18.979],[72.859,19.055],[72.818,19.033],[72.806,18.909],[72.84,18.845],[72.897,18.979]]]},"properties":{"DISTRICT":"Mumbai","ST_NM":"Maharashtra"}},
{"type":"Feature","geometry":{"type":"Polygon","coordinates":[[[72.897,18.979],[72.959,18.987],[72.979,19.033],[72.983,19.156],[72.907,19.242],[72.856,19.269],[72.782,19.263],[72.787,19.148],[72.818,19.123],[72.818,19.033],[72.859,19.055],[72.897,18.979]]]},"properties":{"DISTRICT":"Mumbai Suburban","ST_NM":"Maharashtra"}},
{"type":"Feature","geometry":{"type":"Polygon","coordinates":[[[86.693,25.113],[86.736,25.184],[86.731,25.254],[86.635,25.306],[86.636,25.405],[86.581,25.486],[86.509,25.428],[86.315,25.335],[86.299,25.297],[86.359,25.281],[86.385,25.219],[86.369,25.144],[86.421,25.103],[86.389,25.05],[86.503,24.979],[86.601,24.949],[86.643,24.975],[86.656,25.056],[86.693,25.113]]]},"properties":{"DISTRICT":"Munger","ST_NM":"Bihar"}},
{"type":"Feature","geometry":{"type":"Polygon","coordinates":[[[88.198,23.765],[88.272,23.81],[88.411,23.818],[88.478,23.857],[88.462,23.92],[88.514,23.983],[88.708,24.095],[88.714,24.12],[88.736,24.199],[88.727,24.298],[88.573,24.323],[88.427,24.38],[88.343,24.378],[88.27,24.442],[88.195,24.465],[88.103,24.547],[88.013,24.669],[87.965,24.681],[87.971,24.757],[87.902,24.855],[87.837,24.747],[87.906,24.723],[87.917,24.663],[87.892,24.564],[87.951,24.516],[87.979,24.415],[87.963,24.34],[88.015,24.314],[88.024,24.243],[87.901,24.146],[87.91,24.099],[87.876,24.016],[87.855,23.886],[87.895,23.836],[87.966,23.803],[88.037,23.763],[88.198,23.765]]]},"properties":{"DISTRICT":"Murshidabad","ST_NM":"West Bengal"}},
{"type":"Feature","geometry":{"type":"Polygon","coordinates":[[[77.507,29.19],[77.589,29.256],[77.665,29.25],[77.804,29.18],[77.869,29.222],[77.929,29.21],[78.037,29.262],[78.137,29.253],[78.065,29.402],[77.994,29.493],[78,29.54],[77.989,29.636],[77.958,29.682],[77.886,29.696],[77.823,29.667],[77.744,29.604],[77.489,29.632],[77.446,29.67],[77.342,29.645],[77.3,29.671],[77.144,29.695],[77.097,29.596],[77.096,29.529],[77.135,29.448],[77.153,29.296],[77.207,29.274],[77.411,29.245],[77.507,29.19]]]},"properties":{"DISTRICT":"Muzaffarnagar","ST_NM":"Uttar Pradesh"}},
{"type":"Feature","geometry":{"type":"Polygon","coordinates":[[[85.705,26.307],[85.51,26.382],[85.44,26.271],[85.372,26.342],[85.283,26.349],[85.115,26.313],[84.905,26.321],[84.877,26.255],[84.899,26.215],[84.952,26.105],[84.94,26.017],[85.07,25.971],[85.17,26.01],[85.27,26.013],[85.387,25.927],[85.525,25.916],[85.633,25.923],[85.627,26.005],[85.681,26.027],[85.715,26.09],[85.727,26.201],[85.705,26.307]]]},"properties":{"DISTRICT":"Muzaffarpur","ST_NM":"Bihar"}},
{"type":"Feature","geometry":{"type":"Polygon","coordinates":[[[77.113,12.242],[77,12.244],[76.979,12.347],[76.937,12.402],[76.836,12.402],[76.812,12.36],[76.733,12.319],[76.651,12.395],[76.581,12.349],[76.568,12.425],[76.458,12.478],[76.381,12.575],[76.345,12.656],[76.312,12.621],[76.229,12.643],[76.193,12.574],[76.132,12.526],[76.021,12.566],[75.964,12.503],[75.973,12.452],[75.911,12.402],[76,12.325],[76.023,12.252],[76.133,12.193],[76.189,12.052],[76.114,11.977],[76.114,11.858],[76.191,11.87],[76.225,11.807],[76.282,11.807],[76.342,11.737],[76.415,11.76],[76.492,11.821],[76.577,11.921],[76.584,11.982],[76.824,12.01],[76.872,12.056],[76.875,12.116],[76.947,12.098],[76.987,12.14],[77.134,12.209],[77.113,12.242]]]},"properties":{"DISTRICT":"Mysore","ST_NM":"Karnataka"}},
{"type":"Feature","geometry":{"type":"Polygon","coordinates":[[[82.169,19.214],[82.18,19.223],[82.283,19.204],[82.397,19.209],[82.433,19.172],[82.549,19.206],[82.616,19.183],[82.704,19.188],[82.742,19.16],[82.843,19.2],[82.853,19.194],[82.857,19.204],[82.848,19.209],[82.839,19.235],[82.806,19.237],[82.826,19.256],[82.838,19.325],[82.757,19.328],[82.694,19.417],[82.569,19.543],[82.55,19.61],[82.593,19.776],[82.605,19.866],[82.483,19.906],[82.396,19.887],[82.347,19.835],[82.269,19.976],[82.192,19.986],[82.065,20.054],[82.018,20.049],[81.941,20.103],[81.881,20.05],[81.845,19.954],[81.866,19.904],[81.968,19.859],[81.988,19.8],[82.06,19.796],[82.045,19.709],[82.054,19.544],[82.1,19.515],[82.127,19.429],[82.178,19.435],[82.188,19.338],[82.16,19.271],[82.169,19.214]]]},"properties":{"DISTRICT":"Nabarangapur","ST_NM":"Odisha"}},
{"type":"Feature","geometry":{"type":"Polygon","coordinates":[[[88.42,23.212],[88.494,23.079],[88.419,23.016],[88.412,22.945],[88.511,22.943],[88.659,22.874],[88.678,23.094],[88.753,23.239],[88.7,23.295],[88.766,23.37],[88.746,23.483],[88.665,23.552],[88.647,23.611],[88.565,23.648],[88.58,23.862],[88.737,23.916],[88.74,24.057],[88.708,24.095],[88.514,23.983],[88.462,23.92],[88.478,23.857],[88.411,23.818],[88.272,23.81],[88.198,23.765],[88.146,23.685],[88.157,23.627],[88.266,23.616],[88.296,23.559],[88.362,23.543],[88.392,23.497],[88.344,23.424],[88.331,23.312],[88.42,23.212]]]},"properties":{"DISTRICT":"Nadia","ST_NM":"West Bengal"}},
{"type":"Feature","geometry":{"type":"Polygon","coordinates":[[[93.309,26.698],[93.247,26.684],[93.218,26.625],[93.124,26.577],[92.944,26.617],[92.705,26.526],[92.581,26.5],[92.467,26.498],[92.425,26.517],[92.442,26.405],[92.551,26.36],[92.507,26.256],[92.438,26.243],[92.402,26.138],[92.531,26.143],[92.599,26.076],[92.573,26.001],[92.594,25.964],[92.749,26.04],[92.765,25.964],[92.877,25.867],[92.987,25.875],[93.073,25.775],[93.145,25.713],[93.223,25.725],[93.252,25.787],[93.237,25.853],[93.188,25.902],[93.16,25.99],[93.108,26.07],[92.97,26.128],[92.944,26.201],[92.821,26.215],[92.822,26.265],[92.944,26.327],[92.915,26.392],[93.057,26.421],[93.108,26.531],[93.189,26.567],[93.304,26.578],[93.309,26.698]]]},"properties":{"DISTRICT":"Nagaon","ST_NM":"Assam"}},
{"type":"Feature","geometry":{"type":"Polygon","coordinates":[[[74.977,26.89],[75.014,26.945],[75.166,26.933],[75.221,27.083],[75.34,27.093],[75.316,27.159],[75.301,27.129],[75.179,27.141],[75.072,27.219],[75.168,27.316],[75.074,27.385],[75.009,27.347],[74.899,27.33],[74.857,27.45],[74.723,27.501],[74.762,27.568],[74.681,27.667],[74.496,27.666],[74.442,27.692],[74.344,27.679],[74.257,27.602],[74.206,27.506],[74.205,27.424],[74.082,27.479],[74.03,27.535],[73.902,27.496],[73.878,27.539],[73.79,27.501],[73.704,27.519],[73.657,27.564],[73.612,27.489],[73.54,27.494],[73.506,27.434],[73.504,27.333],[73.375,27.26],[73.351,27.197],[73.284,27.255],[73.163,27.295],[73.132,27.235],[73.192,27.056],[73.123,26.944],[73.177,26.929],[73.213,26.869],[73.327,26.857],[73.438,26.886],[73.588,26.863],[73.655,26.808],[73.65,26.71],[73.721,26.552],[73.857,26.467],[73.873,26.43],[74.175,26.421],[74.238,26.461],[74.291,26.449],[74.375,26.489],[74.481,26.497],[74.593,26.629],[74.619,26.566],[74.674,26.594],[74.722,26.676],[74.665,26.711],[74.698,26.771],[74.781,26.799],[74.852,26.975],[74.983,26.941],[74.977,26.89]]]},"properties":{"DISTRICT":"Nagaur","ST_NM":"Rajasthan"}},
{"type":"Feature","geometry":{"type":"Polygon","coordinates":[[[78.251,21.329],[78.333,21.251],[78.443,21.235],[78.507,21.19],[78.559,21.115],[78.652,21.036],[78.731,21.005],[78.735,20.947],[78.805,20.877],[78.916,20.835],[78.945,20.767],[79.053,20.734],[79.143,20.676],[79.225,20.582],[79.322,20.583],[79.376,20.677],[79.407,20.656],[79.509,20.704],[79.66,20.969],[79.613,21.038],[79.514,21.121],[79.552,21.157],[79.576,21.283],[79.483,21.427],[79.486,21.502],[79.543,21.543],[79.512,21.589],[79.495,21.673],[79.291,21.693],[79.234,21.721],[79.222,21.649],[79.154,21.659],[79.11,21.608],[78.98,21.616],[78.918,21.562],[78.937,21.486],[78.766,21.488],[78.729,21.463],[78.626,21.476],[78.514,21.527],[78.435,21.5],[78.446,21.403],[78.376,21.394],[78.251,21.329]]]},"properties":{"DISTRICT":"Nagpur","ST_NM":"Maharashtra"}},
{"type":"Feature","geometry":{"type":"Polygon","coordinates":[[[79.037,29.585],[78.966,29.539],[78.908,29.45],[78.841,29.362],[78.923,29.342],[79.031,29.265],[79.125,29.274],[79.275,29.24],[79.25,29.182],[79.419,29.051],[79.631,29.053],[79.805,29.023],[79.881,28.991],[79.97,29.053],[79.971,29.121],[79.879,29.158],[79.925,29.209],[79.858,29.314],[79.852,29.434],[79.744,29.431],[79.691,29.473],[79.664,29.54],[79.53,29.546],[79.449,29.52],[79.379,29.587],[79.309,29.599],[79.223,29.521],[79.037,29.585]]]},"properties":{"DISTRICT":"Nainital","ST_NM":"Uttarakhand"}},
{"type":"Feature","geometry":{"type":"Polygon","coordinates":[[[85.397,24.966],[85.661,25.066],[85.641,25.099],[85.688,25.136],[85.702,25.27],[85.829,25.218],[85.919,25.239],[85.906,25.294],[85.811,25.292],[85.715,25.356],[85.651,25.34],[85.579,25.425],[85.498,25.429],[85.406,25.461],[85.362,25.403],[85.189,25.402],[85.181,25.309],[85.167,25.19],[85.205,25.053],[85.203,25.048],[85.202,25.034],[85.211,25.034],[85.326,25.024],[85.397,24.966]]]},"properties":{"DISTRICT":"Nalanda","ST_NM":"Bihar"}},
{"type":"Feature","geometry":{"type":"Polygon","coordinates":[[[91.293,26.508],[91.292,26.508],[91.291,26.507],[91.29,26.502],[91.269,26.487],[91.241,26.455],[91.238,26.392],[91.281,26.354],[91.222,26.216],[91.237,26.182],[91.359,26.164],[91.416,26.136],[91.42,26.265],[91.459,26.318],[91.528,26.33],[91.567,26.433],[91.558,26.54],[91.555,26.546],[91.562,26.554],[91.568,26.564],[91.569,26.566],[91.569,26.571],[91.57,26.573],[91.564,26.575],[91.499,26.531],[91.472,26.579],[91.405,26.53],[91.293,26.504],[91.293,26.508]]]},"properties":{"DISTRICT":"Nalbari","ST_NM":"Assam"}},
{"type":"Feature","geometry":{"type":"Polygon","coordinates":[[[80.078,16.821],[80,16.871],[80.054,16.973],[80.062,17.017],[79.876,17.187],[79.88,17.268],[79.793,17.32],[79.759,17.431],[79.629,17.492],[79.403,17.5],[79.308,17.556],[79.162,17.579],[79.124,17.668],[79.075,17.712],[79.015,17.72],[78.989,17.788],[78.87,17.809],[78.775,17.676],[78.72,17.667],[78.688,17.578],[78.713,17.524],[78.713,17.439],[78.771,17.259],[78.827,17.236],[78.795,17.173],[78.85,17.087],[78.79,16.973],[78.702,16.933],[78.728,16.871],[78.794,16.826],[78.757,16.707],[78.674,16.648],[78.759,16.536],[78.913,16.55],[78.932,16.517],[79.017,16.49],[79.219,16.37],[79.238,16.526],[79.274,16.568],[79.435,16.589],[79.505,16.637],[79.656,16.669],[79.783,16.737],[79.87,16.706],[79.951,16.64],[80.056,16.753],[80.078,16.821]]]},"properties":{"DISTRICT":"Nalgonda","ST_NM":"Andhra Pradesh"}},
{"type":"Feature","geometry":{"type":"Polygon","coordinates":[[[77.932,11.067],[78.027,11.091],[78.106,11.069],[78.168,11.011],[78.183,11.067],[78.248,11.091],[78.324,11.056],[78.382,11.138],[78.466,11.311],[78.486,11.403],[78.446,11.398],[78.452,11.593],[78.329,11.555],[78.159,11.535],[78.104,11.553],[78.058,11.512],[77.982,11.526],[77.972,11.466],[77.874,11.409],[77.83,11.464],[77.77,11.479],[77.696,11.458],[77.683,11.419],[77.808,11.265],[77.862,11.244],[77.889,11.082],[77.932,11.067]]]},"properties":{"DISTRICT":"Namakkal","ST_NM":"Tamil Nadu"}},
{"type":"Feature","geometry":{"type":"Polygon","coordinates":[[[78.315,19.913],[78.078,19.901],[78.053,19.931],[77.954,19.911],[77.892,19.871],[77.849,19.801],[77.861,19.744],[77.934,19.739],[78,19.681],[78.082,19.648],[78.131,19.667],[78.195,19.626],[78.114,19.491],[78.013,19.465],[77.959,19.511],[77.862,19.52],[77.848,19.456],[77.749,19.431],[77.75,19.522],[77.646,19.548],[77.617,19.638],[77.46,19.682],[77.47,19.499],[77.494,19.466],[77.452,19.389],[77.364,19.339],[77.314,19.354],[77.244,19.321],[77.178,19.211],[77.192,19.13],[77.141,19.07],[77.104,19.104],[77.063,19.067],[77.055,18.988],[77.021,18.934],[76.995,18.827],[77.057,18.766],[77.047,18.683],[77.157,18.701],[77.156,18.646],[77.271,18.611],[77.296,18.547],[77.275,18.475],[77.268,18.453],[77.267,18.42],[77.316,18.441],[77.404,18.399],[77.411,18.301],[77.469,18.262],[77.554,18.293],[77.531,18.341],[77.586,18.445],[77.601,18.549],[77.661,18.529],[77.751,18.591],[77.737,18.677],[77.79,18.696],[77.841,18.809],[77.948,18.844],[77.903,18.869],[77.858,18.954],[77.771,18.983],[77.765,19.063],[77.849,19.115],[77.865,19.303],[77.953,19.342],[78.05,19.272],[78.188,19.243],[78.192,19.397],[78.229,19.435],[78.314,19.457],[78.316,19.605],[78.29,19.69],[78.35,19.714],[78.372,19.782],[78.315,19.913]]]},"properties":{"DISTRICT":"Nanded","ST_NM":"Maharashtra"}},
{"type":"Feature","geometry":{"type":"Polygon","coordinates":[[[74.142,21.952],[74.042,21.921],[73.944,21.869],[73.822,21.811],[73.841,21.741],[73.885,21.709],[73.88,21.644],[73.819,21.597],[73.855,21.495],[73.982,21.521],[74.02,21.551],[74.18,21.559],[74.202,21.528],[74.287,21.557],[74.302,21.478],[74.218,21.457],[74.052,21.454],[74.042,21.417],[73.956,21.392],[73.943,21.296],[73.886,21.261],[73.826,21.266],[73.816,21.171],[73.735,21.166],[73.629,21.132],[73.737,21.081],[73.792,21.067],[73.844,21],[73.851,20.997],[73.96,21.044],[73.951,21.086],[74.12,21.214],[74.182,21.21],[74.272,21.249],[74.343,21.229],[74.43,21.263],[74.492,21.24],[74.479,21.353],[74.521,21.429],[74.573,21.403],[74.686,21.403],[74.699,21.47],[74.752,21.476],[74.772,21.614],[74.586,21.663],[74.509,21.722],[74.5,21.805],[74.524,21.907],[74.448,21.966],[74.432,22.029],[74.385,22.018],[74.288,21.935],[74.201,21.924],[74.142,21.952]]]},"properties":{"DISTRICT":"Nandurbar","ST_NM":"Maharashtra"}},
{"type":"Feature","geometry":{"type":"Polygon","coordinates":[[[81.394,19.833],[81.302,19.798],[81.138,19.785],[81.155,19.716],[81.101,19.689],[81.094,19.69],[81.067,19.706],[80.999,19.833],[81.011,19.899],[81.072,20.048],[81.008,20.095],[80.898,20.028],[80.89,19.971],[80.834,19.905],[80.728,19.834],[80.726,19.698],[80.673,19.691],[80.669,19.612],[80.728,19.612],[80.886,19.523],[80.899,19.47],[80.795,19.431],[80.834,19.352],[80.955,19.317],[80.99,19.228],[80.994,19.227],[81.014,19.23],[81.03,19.232],[81.119,19.263],[81.128,19.257],[81.222,19.288],[81.238,19.323],[81.356,19.325],[81.39,19.361],[81.469,19.375],[81.474,19.471],[81.432,19.475],[81.483,19.661],[81.428,19.718],[81.379,19.725],[81.372,19.803],[81.394,19.833]]]},"properties":{"DISTRICT":"Narayanpur","ST_NM":"Chhattisgarh"}},
{"type":"Feature","geometry":{"type":"Polygon","coordinates":[[[73.451,21.523],[73.562,21.472],[73.677,21.473],[73.699,21.395],[73.7,21.395],[73.795,21.41],[73.809,21.407],[73.885,21.45],[73.971,21.46],[73.982,21.521],[73.855,21.495],[73.819,21.597],[73.88,21.644],[73.885,21.709],[73.841,21.741],[73.822,21.811],[73.944,21.869],[73.859,21.95],[73.809,21.927],[73.715,21.978],[73.704,21.978],[73.707,21.997],[73.711,22.001],[73.7,22.005],[73.699,22.005],[73.698,22.005],[73.616,22.077],[73.504,22.037],[73.433,21.914],[73.367,21.928],[73.3,21.889],[73.312,21.826],[73.368,21.801],[73.411,21.71],[73.489,21.703],[73.484,21.61],[73.451,21.523]]]},"properties":{"DISTRICT":"Narmada","ST_NM":"Gujarat"}},
{"type":"Feature","geometry":{"type":"Polygon","coordinates":[[[79.326,22.616],[79.413,22.722],[79.514,22.72],[79.545,22.818],[79.625,22.873],[79.623,22.955],[79.608,23.064],[79.577,23.128],[79.511,23.139],[79.46,23.096],[79.351,23.105],[79.372,23.164],[79.301,23.228],[79.242,23.25],[79.19,23.22],[79.148,23.171],[79.097,23.201],[78.981,23.198],[78.807,23.236],[78.796,23.092],[78.726,23.044],[78.464,23.004],[78.442,22.985],[78.469,22.958],[78.572,22.956],[78.589,22.823],[78.675,22.777],[78.68,22.699],[78.69,22.654],[78.784,22.629],[78.841,22.683],[78.917,22.668],[78.945,22.627],[79.011,22.629],[79.045,22.759],[79.241,22.799],[79.245,22.721],[79.326,22.616]]]},"properties":{"DISTRICT":"Narsimhapur","ST_NM":"Madhya Pradesh"}},
{"type":"Feature","geometry":{"type":"Polygon","coordinates":[[[74.673,19.947],[74.738,20.082],[74.715,20.135],[74.816,20.244],[74.856,20.177],[74.924,20.154],[74.935,20.27],[74.87,20.277],[74.838,20.417],[74.774,20.471],[74.815,20.634],[74.806,20.657],[74.651,20.695],[74.622,20.798],[74.548,20.827],[74.422,20.805],[74.388,20.835],[74.126,20.865],[74.048,20.836],[73.939,20.839],[73.934,20.768],[73.836,20.701],[73.84,20.623],[73.741,20.567],[73.629,20.579],[73.615,20.625],[73.489,20.686],[73.467,20.721],[73.408,20.626],[73.473,20.583],[73.468,20.495],[73.406,20.381],[73.428,20.282],[73.418,20.201],[73.302,20.207],[73.25,20.125],[73.296,20.06],[73.453,19.982],[73.424,19.916],[73.462,19.759],[73.501,19.759],[73.567,19.621],[73.62,19.587],[73.664,19.586],[73.78,19.636],[73.843,19.741],[73.901,19.741],[73.916,19.682],[74.121,19.644],[74.164,19.725],[74.319,19.767],[74.366,19.802],[74.365,19.871],[74.25,19.937],[74.32,19.985],[74.673,19.947]]]},"properties":{"DISTRICT":"Nashik","ST_NM":"Maharashtra"}},
{"type":"Feature","geometry":{"type":"Polygon","coordinates":[[[73.467,20.721],[73.499,20.818],[73.391,20.825],[73.385,20.825],[73.321,20.878],[73.32,20.879],[73.303,20.817],[73.198,20.86],[73.094,20.936],[73.018,21.058],[72.8,21.075],[72.698,21.061],[72.783,20.9],[72.845,20.731],[72.898,20.736],[73.036,20.703],[73.074,20.6],[73.216,20.604],[73.26,20.581],[73.408,20.626],[73.467,20.721]]]},"properties":{"DISTRICT":"Navsari","ST_NM":"Gujarat"}},
{"type":"Feature","geometry":{"type":"Polygon","coordinates":[[[85.39,24.535],[85.501,24.551],[85.541,24.533],[85.615,24.585],[85.672,24.582],[85.667,24.675],[85.712,24.729],[85.744,24.823],[85.784,24.799],[85.885,24.801],[85.911,24.762],[85.977,24.734],[86.057,24.78],[85.978,24.864],[85.898,24.868],[85.838,24.983],[85.767,25.028],[85.777,25.093],[85.641,25.099],[85.661,25.066],[85.397,24.966],[85.383,24.898],[85.327,24.853],[85.276,24.747],[85.318,24.562],[85.39,24.535]]]},"properties":{"DISTRICT":"Nawada","ST_NM":"Bihar"}},
{"type":"Feature","geometry":{"type":"Polygon","coordinates":[[[84.794,20.581],[84.7,20.499],[84.692,20.442],[84.513,20.398],[84.489,20.339],[84.546,20.322],[84.547,20.244],[84.585,20.191],[84.634,20.194],[84.697,20.281],[84.829,20.223],[84.811,20.07],[84.902,19.993],[84.94,19.897],[85.128,19.933],[85.167,19.904],[85.245,19.905],[85.364,19.958],[85.422,19.927],[85.454,19.964],[85.381,20.072],[85.415,20.128],[85.358,20.188],[85.214,20.132],[85.227,20.223],[85.324,20.231],[85.335,20.28],[85.342,20.357],[85.16,20.378],[84.946,20.492],[84.852,20.528],[84.794,20.581]]]},"properties":{"DISTRICT":"Nayagarh","ST_NM":"Odisha"}},
{"type":"Feature","geometry":{"type":"Polygon","coordinates":[[[75.197,25.034],[75.122,24.972],[75.121,24.885],[75.045,24.856],[74.946,24.875],[74.869,24.934],[74.828,24.896],[74.86,24.81],[75.014,24.79],[75.001,24.705],[74.945,24.659],[74.874,24.666],[74.82,24.762],[74.777,24.683],[74.713,24.506],[74.714,24.506],[74.716,24.505],[74.815,24.489],[74.858,24.448],[74.785,24.364],[74.755,24.276],[74.767,24.27],[74.876,24.275],[74.905,24.243],[74.965,24.305],[74.96,24.352],[75.033,24.389],[75.063,24.358],[75.214,24.328],[75.349,24.357],[75.374,24.336],[75.486,24.421],[75.595,24.55],[75.575,24.676],[75.551,24.712],[75.454,24.689],[75.23,24.731],[75.194,24.785],[75.244,24.857],[75.303,24.812],[75.353,25.021],[75.313,25.042],[75.197,25.034]]]},"properties":{"DISTRICT":"Neemuch","ST_NM":"Madhya Pradesh"}},
{"type":"Feature","geometry":{"type":"Polygon","coordinates":[[[80.042,13.537],[80.08,13.491],[80.225,13.483],[80.27,13.563],[80.236,13.683],[80.249,13.788],[80.145,14.056],[80.129,14.184],[80.173,14.347],[80.195,14.564],[80.114,14.733],[80.063,14.987],[80.049,15.018],[79.911,15.006],[79.858,14.954],[79.782,14.976],[79.744,15.032],[79.563,15.043],[79.256,15.108],[79.199,15.088],[79.131,15.102],[79.076,15.055],[79.072,14.971],[79.177,14.714],[79.183,14.614],[79.236,14.588],[79.29,14.485],[79.414,14.296],[79.442,14.121],[79.434,14.019],[79.459,13.945],[79.444,13.889],[79.589,13.919],[79.635,13.843],[79.682,13.923],[79.772,13.849],[79.847,13.854],[79.872,13.708],[79.949,13.708],[79.961,13.666],[80.047,13.575],[80.042,13.537]]]},"properties":{"DISTRICT":"Sri Potti Sriramulu Nellore","ST_NM":"Andhra Pradesh"}},
{"type":"Feature","geometry":{"type":"Polygon","coordinates":[[[77.187,28.626],[77.213,28.577],[77.265,28.607],[77.26,28.623],[77.187,28.626]]]},"properties":{"DISTRICT":"New Delhi","ST_NM":"NCT of Delhi"}},
{"type":"Feature","geometry":{"type":"Polygon","coordinates":[[[77.948,18.844],[77.841,18.809],[77.79,18.696],[77.737,18.677],[77.751,18.591],[77.661,18.529],[77.601,18.549],[77.586,18.445],[77.531,18.341],[77.554,18.293],[77.603,18.275],[77.725,18.26],[77.773,18.191],[77.906,18.194],[77.942,18.113],[78.079,18.079],[78.173,18.107],[78.171,18.17],[78.283,18.149],[78.327,18.2],[78.389,18.125],[78.456,18.133],[78.569,18.23],[78.542,18.303],[78.553,18.431],[78.526,18.477],[78.559,18.537],[78.679,18.625],[78.642,18.728],[78.585,18.738],[78.551,18.824],[78.534,18.944],[78.37,18.987],[78.304,18.946],[78.238,19.004],[78.073,18.937],[78.034,18.881],[77.948,18.844]]]},"properties":{"DISTRICT":"Nizamabad","ST_NM":"Andhra Pradesh"}},
{"type":"Feature","geometry":{"type":"Polygon","coordinates":[[[77.253,28.654],[77.251,28.662],[77.214,28.784],[77.211,28.787],[77.22,28.715],[77.171,28.668],[77.186,28.658],[77.253,28.654]]]},"properties":{"DISTRICT":"North","ST_NM":"NCT of Delhi"}},
{"type":"Feature","geometry":{"type":"Polygon","coordinates":[[[88.813,27.414],[88.775,27.565],[88.854,27.669],[88.863,27.818],[88.888,27.895],[88.844,27.932],[88.849,27.991],[88.76,28.073],[88.583,28.085],[88.542,28.036],[88.49,28.045],[88.397,27.977],[88.346,27.988],[88.253,27.948],[88.148,27.963],[88.134,27.873],[88.202,27.85],[88.117,27.618],[88.212,27.581],[88.284,27.513],[88.358,27.521],[88.422,27.418],[88.489,27.378],[88.618,27.387],[88.721,27.416],[88.813,27.414]]]},"properties":{"DISTRICT":"North","ST_NM":"Sikkim"}},
{"type":"Feature","geometry":{"type":"MultiPolygon","coordinates":[[[[88.363,22.633],[88.411,22.56],[88.542,22.576],[88.629,22.559],[88.668,22.491],[88.789,22.37],[88.822,22.362],[88.849,22.365],[88.852,22.456],[88.869,22.546],[88.896,22.563],[88.938,22.571],[88.932,22.641],[88.962,22.694],[88.924,22.737],[88.971,22.845],[88.912,22.88],[88.872,22.972],[88.873,23.099],[88.965,23.192],[88.917,23.232],[88.789,23.22],[88.753,23.239],[88.678,23.094],[88.659,22.874],[88.511,22.943],[88.412,22.945],[88.411,22.884],[88.356,22.795],[88.356,22.65],[88.363,22.633]]],[[[88.808,22.285],[88.902,22.177],[88.937,22.297],[88.892,22.343],[88.82,22.36],[88.808,22.285]]],[[[88.961,22.189],[88.909,22.134],[88.902,22.064],[88.931,21.942],[88.992,21.907],[88.958,22.06],[88.985,22.148],[88.961,22.189]]],[[[88.934,22.556],[88.896,22.561],[88.914,22.515],[88.896,22.484],[88.899,22.477],[88.895,22.466],[88.903,22.455],[88.904,22.446],[88.919,22.43],[88.926,22.406],[88.997,22.429],[88.934,22.556]]],[[[88.813,22.019],[88.752,21.959],[88.857,21.919],[88.907,21.93],[88.9,22.013],[88.813,22.019]]],[[[88.921,21.926],[88.857,21.911],[88.89,21.812],[88.977,21.868],[88.921,21.926]]],[[[89.018,22.05],[88.974,21.995],[89.063,21.935],[89.078,21.986],[89.018,22.05]]],[[[88.727,22.056],[88.775,22.145],[88.766,22.14],[88.754,22.137],[88.746,22.127],[88.745,22.126],[88.744,22.123],[88.738,22.11],[88.735,22.105],[88.721,22.092],[88.71,22.085],[88.708,22.084],[88.706,22.082],[88.704,22.067],[88.727,22.056]]],[[[89.001,22.199],[88.98,22.079],[89.031,22.094],[89.001,22.199]]],[[[88.898,22.549],[88.867,22.53],[88.861,22.413],[88.905,22.412],[88.908,22.434],[88.901,22.445],[88.898,22.459],[88.892,22.466],[88.896,22.472],[88.893,22.487],[88.898,22.549]]],[[[88.832,21.766],[88.809,21.64],[88.86,21.643],[88.832,21.766]]],[[[89.059,21.722],[89.026,21.644],[89.093,21.637],[89.059,21.722]]],[[[88.776,22.182],[88.827,22.196],[88.807,22.283],[88.79,22.259],[88.787,22.258],[88.77,22.241],[88.763,22.241],[88.751,22.227],[88.75,22.216],[88.75,22.197],[88.756,22.196],[88.76,22.194],[88.768,22.194],[88.77,22.191],[88.77,22.19],[88.776,22.182]]]]},"properties":{"DISTRICT":"North 24 Parganas","ST_NM":"West Bengal"}},
{"type":"Feature","geometry":{"type":"Polygon","coordinates":[[[93.252,24.972],[93.248,25.015],[93.335,25.092],[93.353,25.178],[93.403,25.259],[93.474,25.305],[93.457,25.438],[93.332,25.543],[93.201,25.557],[93.192,25.625],[93.145,25.713],[93.073,25.775],[92.972,25.79],[92.822,25.74],[92.751,25.6],[92.662,25.579],[92.582,25.493],[92.761,25.333],[92.793,25.284],[92.747,25.205],[92.677,25.18],[92.622,25.115],[92.543,25.097],[92.702,25.109],[92.757,25.139],[92.841,25.053],[93.019,25.095],[93.072,24.997],[93.171,24.997],[93.252,24.972]]]},"properties":{"DISTRICT":"Dima Hasao","ST_NM":"Assam"}},
{"type":"Feature","geometry":{"type":"Polygon","coordinates":[[[77.328,28.674],[77.336,28.677],[77.337,28.68],[77.214,28.784],[77.251,28.662],[77.328,28.674]]]},"properties":{"DISTRICT":"North East","ST_NM":"NCT of Delhi"}},
{"type":"Feature","geometry":{"type":"Polygon","coordinates":[[[74.119,15.652],[73.995,15.611],[73.968,15.631],[73.937,15.744],[73.857,15.8],[73.777,15.725],[73.676,15.728],[73.702,15.691],[73.765,15.5],[73.923,15.404],[74.071,15.293],[74.104,15.368],[74.073,15.411],[74.186,15.445],[74.25,15.492],[74.277,15.522],[74.248,15.568],[74.249,15.656],[74.119,15.652]]]},"properties":{"DISTRICT":"North Goa","ST_NM":"Goa"}},
{"type":"Feature","geometry":{"type":"Polygon","coordinates":[[[92.171,23.738],[92.268,23.724],[92.259,23.813],[92.331,23.91],[92.324,24.204],[92.296,24.25],[92.213,24.248],[92.273,24.387],[92.233,24.502],[92.154,24.503],[92.172,24.422],[92.095,24.374],[91.975,24.383],[91.928,24.339],[91.945,24.275],[91.913,24.14],[91.969,24.072],[92.053,24.099],[92.158,23.848],[92.171,23.738]]]},"properties":{"DISTRICT":"North Tripura","ST_NM":"Tripura"}},
{"type":"Feature","geometry":{"type":"Polygon","coordinates":[[[77.197,28.862],[77.06,28.868],[77.042,28.832],[76.952,28.816],[76.964,28.695],[77.171,28.668],[77.22,28.715],[77.211,28.787],[77.228,28.83],[77.197,28.862]]]},"properties":{"DISTRICT":"North West","ST_NM":"NCT of Delhi"}},
{"type":"Feature","geometry":{"type":"Polygon","coordinates":[[[82.703,20.726],[82.686,20.884],[82.694,21.022],[82.639,21.09],[82.63,21.04],[82.56,20.945],[82.491,20.903],[82.485,20.85],[82.349,20.873],[82.351,20.702],[82.375,20.633],[82.331,20.558],[82.388,20.514],[82.417,20.407],[82.401,20.34],[82.421,20.207],[82.386,20.149],[82.403,20.054],[82.59,19.995],[82.705,19.998],[82.739,20.024],[82.825,20.166],[82.862,20.27],[82.814,20.295],[82.687,20.45],[82.743,20.623],[82.703,20.726]]]},"properties":{"DISTRICT":"Nuapada","ST_NM":"Odisha"}},
{"type":"Feature","geometry":{"type":"Polygon","coordinates":[[[75.314,18.519],[75.302,18.429],[75.36,18.37],[75.429,18.264],[75.429,18.181],[75.551,18.145],[75.575,18.24],[75.764,18.44],[75.799,18.384],[75.884,18.366],[75.924,18.302],[75.96,18.161],[75.942,18.125],[76.016,18.04],[75.997,17.993],[75.839,17.978],[75.845,17.892],[75.876,17.846],[76.018,17.829],[76.003,17.754],[76.096,17.779],[76.146,17.754],[76.19,17.682],[76.299,17.729],[76.43,17.646],[76.486,17.671],[76.525,17.76],[76.605,17.757],[76.692,17.682],[76.741,17.781],[76.79,17.828],[76.742,17.9],[76.676,17.922],[76.677,17.997],[76.597,18.033],[76.428,18.03],[76.382,18.089],[76.331,18.074],[76.277,18.139],[76.319,18.329],[76.208,18.388],[76.272,18.42],[76.255,18.519],[76.277,18.557],[76.254,18.577],[76.099,18.588],[76.052,18.575],[75.994,18.62],[75.825,18.671],[75.783,18.662],[75.587,18.697],[75.452,18.589],[75.423,18.535],[75.346,18.562],[75.314,18.519]]]},"properties":{"DISTRICT":"Osmanabad","ST_NM":"Maharashtra"}},
{"type":"Feature","geometry":{"type":"Polygon","coordinates":[[[87.892,24.564],[87.917,24.663],[87.906,24.723],[87.837,24.747],[87.722,24.764],[87.712,24.734],[87.575,24.81],[87.511,24.797],[87.462,24.793],[87.466,24.57],[87.406,24.506],[87.5,24.525],[87.574,24.505],[87.584,24.258],[87.647,24.251],[87.741,24.29],[87.803,24.384],[87.801,24.564],[87.892,24.564]]]},"properties":{"DISTRICT":"Pakur","ST_NM":"Jharkhand"}},
{"type":"Feature","geometry":{"type":"Polygon","coordinates":[[[76.707,11.239],[76.633,11.193],[76.447,11.202],[76.412,11.119],[76.352,11.093],[76.321,10.912],[76.233,10.886],[76.133,10.896],[76.094,10.839],[76.034,10.825],[76.07,10.727],[76.163,10.705],[76.224,10.781],[76.252,10.747],[76.471,10.751],[76.412,10.578],[76.48,10.484],[76.586,10.435],[76.622,10.381],[76.839,10.338],[76.83,10.447],[76.842,10.593],[76.884,10.638],[76.909,10.779],[76.829,10.87],[76.743,10.889],[76.658,10.937],[76.751,11.118],[76.696,11.165],[76.707,11.239]]]},"properties":{"DISTRICT":"Palakkad","ST_NM":"Kerala"}},
{"type":"Feature","geometry":{"type":"Polygon","coordinates":[[[84,24.637],[83.936,24.547],[83.876,24.532],[83.875,24.528],[83.872,24.525],[83.855,24.493],[83.856,24.408],[83.821,24.378],[83.819,24.291],[83.9,24.193],[83.905,24.19],[83.977,24.124],[83.867,24.07],[83.827,24.002],[83.832,23.949],[83.907,23.948],[83.933,23.865],[84.018,23.796],[84.138,23.9],[84.14,23.943],[84.253,23.898],[84.334,23.91],[84.447,23.961],[84.485,23.894],[84.565,23.928],[84.571,23.957],[84.587,23.971],[84.588,23.979],[84.586,23.986],[84.575,24.07],[84.528,24.191],[84.473,24.21],[84.501,24.287],[84.486,24.303],[84.469,24.317],[84.343,24.395],[84.301,24.45],[84.329,24.489],[84.266,24.537],[84.18,24.541],[84.117,24.481],[84.054,24.611],[84,24.637]]]},"properties":{"DISTRICT":"Palamu","ST_NM":"Jharkhand"}},
{"type":"Feature","geometry":{"type":"Polygon","coordinates":[[[74.291,26.449],[74.238,26.461],[74.175,26.421],[73.873,26.43],[73.814,26.349],[73.786,26.164],[73.806,26.1],[73.724,26.109],[73.65,26.078],[73.629,26.147],[73.466,26.085],[73.377,26.156],[73.359,26.075],[73.316,26.034],[73.207,26.077],[73.059,26.012],[73.05,25.968],[72.958,25.902],[72.842,25.891],[72.834,25.863],[72.778,25.802],[72.889,25.735],[72.935,25.639],[73.056,25.56],[73.097,25.468],[73.05,25.4],[72.972,25.371],[72.993,25.257],[72.94,25.244],[72.999,25.144],[73.057,25.159],[73.131,25.065],[73.048,25.005],[73.008,24.922],[73.028,24.888],[73.143,24.843],[73.145,24.758],[73.231,24.794],[73.239,24.83],[73.328,24.909],[73.33,24.977],[73.392,25.066],[73.503,25.118],[73.601,25.203],[73.612,25.286],[73.734,25.382],[73.807,25.511],[73.865,25.651],[73.906,25.685],[73.944,25.831],[74.009,25.863],[74.056,25.829],[74.117,25.866],[74.16,25.929],[74.131,25.963],[74.288,26.121],[74.303,26.185],[74.377,26.206],[74.254,26.286],[74.304,26.329],[74.291,26.449]]]},"properties":{"DISTRICT":"Pali","ST_NM":"Rajasthan"}},
{"type":"Feature","geometry":{"type":"Polygon","coordinates":[[[77.479,28.078],[77.521,28.159],[77.403,28.175],[77.239,28.269],[77.179,28.2],[77.102,28.005],[77.259,27.877],[77.338,27.846],[77.478,27.927],[77.528,27.926],[77.545,27.988],[77.479,28.078]]]},"properties":{"DISTRICT":"Palwal","ST_NM":"Haryana"}},
{"type":"Feature","geometry":{"type":"Polygon","coordinates":[[[74.012,23.332],[74.001,23.334],[73.959,23.38],[73.891,23.335],[73.824,23.445],[73.629,23.451],[73.615,23.39],[73.526,23.286],[73.577,23.249],[73.498,23.152],[73.43,23.156],[73.415,23.029],[73.452,22.968],[73.372,22.899],[73.387,22.851],[73.351,22.789],[73.416,22.659],[73.373,22.553],[73.423,22.427],[73.485,22.346],[73.631,22.323],[73.699,22.285],[73.754,22.345],[73.727,22.461],[73.758,22.546],[73.805,22.549],[73.811,22.547],[73.858,22.556],[73.802,22.668],[73.848,22.743],[73.849,22.814],[73.882,22.867],[73.919,23.084],[74.023,23.093],[73.986,23.155],[73.998,23.283],[74.001,23.309],[74.003,23.314],[74.012,23.331],[74.012,23.332]]]},"properties":{"DISTRICT":"Panch Mahals","ST_NM":"Gujarat"}},
{"type":"Feature","geometry":{"type":"Polygon","coordinates":[[[77.125,30.563],[77.126,30.564],[77.171,30.595],[77.167,30.684],[77.09,30.741],[77.018,30.748],[76.916,30.893],[76.866,30.867],[76.783,30.903],[76.841,30.829],[76.841,30.76],[76.833,30.682],[76.926,30.596],[76.898,30.536],[76.931,30.503],[76.93,30.5],[76.936,30.497],[76.94,30.491],[76.942,30.48],[76.955,30.473],[77.125,30.563]]]},"properties":{"DISTRICT":"Panchkula","ST_NM":"Haryana"}},
{"type":"Feature","geometry":{"type":"Polygon","coordinates":[[[77.153,29.296],[77.135,29.448],[76.964,29.458],[76.869,29.49],[76.756,29.466],[76.734,29.393],[76.65,29.369],[76.635,29.316],[76.682,29.27],[76.777,29.277],[76.801,29.227],[76.916,29.219],[77.143,29.167],[77.153,29.296]]]},"properties":{"DISTRICT":"Panipat","ST_NM":"Haryana"}},
{"type":"Feature","geometry":{"type":"MultiPolygon","coordinates":[[[[80.275,25.026],[80.15,24.936],[80.035,24.922],[80.093,24.823],[79.998,24.723],[79.96,24.657],[79.897,24.693],[79.844,24.597],[79.888,24.57],[79.868,24.507],[79.884,24.374],[79.797,24.373],[79.859,24.299],[79.813,24.159],[79.762,24.073],[79.845,24.022],[79.839,23.933],[79.866,23.829],[79.941,23.829],[80.015,23.976],[80.06,23.993],[80.157,23.944],[80.228,23.95],[80.31,23.913],[80.358,23.967],[80.623,24.159],[80.579,24.3],[80.462,24.436],[80.425,24.442],[80.464,24.584],[80.368,24.691],[80.441,24.747],[80.634,24.865],[80.58,24.9],[80.497,24.91],[80.481,24.976],[80.402,25.068],[80.322,24.999],[80.275,25.026]]],[[[80.356,25.126],[80.29,25.056],[80.353,25.054],[80.356,25.126]]]]},"properties":{"DISTRICT":"Panna","ST_NM":"Madhya Pradesh"}},
{"type":"Feature","geometry":{"type":"Polygon","coordinates":[[[93.393,26.957],[93.47,26.936],[93.678,26.968],[93.7,26.992],[93.839,27.075],[93.811,27.149],[94.002,27.332],[94.224,27.504],[94.154,27.53],[94.123,27.497],[93.945,27.511],[93.856,27.465],[93.839,27.363],[93.669,27.336],[93.604,27.367],[93.571,27.472],[93.621,27.532],[93.518,27.65],[93.333,27.669],[93.242,27.614],[93.333,27.554],[93.302,27.526],[93.375,27.371],[93.293,27.329],[93.298,27.29],[93.23,27.251],[93.298,27.163],[93.216,27.116],[93.316,27.079],[93.343,27.001],[93.393,26.957]]]},"properties":{"DISTRICT":"Papum Pare","ST_NM":"Arunanchal Pradesh"}},
{"type":"Feature","geometry":{"type":"Polygon","coordinates":[[[76.727,18.749],[76.746,18.774],[76.885,18.835],[76.995,18.827],[77.021,18.934],[77.055,18.988],[77.063,19.067],[77.104,19.104],[77.088,19.172],[77.013,19.252],[76.921,19.256],[76.893,19.311],[76.969,19.545],[76.943,19.622],[76.857,19.645],[76.851,19.704],[76.734,19.716],[76.706,19.836],[76.679,19.846],[76.647,19.866],[76.533,19.85],[76.494,19.76],[76.488,19.677],[76.454,19.667],[76.443,19.541],[76.396,19.531],[76.366,19.468],[76.291,19.432],[76.265,19.334],[76.209,19.278],[76.227,19.241],[76.312,19.261],[76.365,19.234],[76.361,19.156],[76.439,19.088],[76.479,18.956],[76.511,18.927],[76.584,18.945],[76.585,18.883],[76.667,18.819],[76.676,18.761],[76.727,18.749]]]},"properties":{"DISTRICT":"Parbhani","ST_NM":"Maharashtra"}},
{"type":"Feature","geometry":{"type":"Polygon","coordinates":[[[84.493,26.602],[84.6,26.687],[84.657,26.68],[84.724,26.743],[84.736,26.842],[84.685,26.891],[84.763,27],[84.646,27.047],[84.688,27.155],[84.691,27.223],[84.626,27.337],[84.277,27.397],[84.255,27.45],[84.117,27.521],[84.026,27.435],[83.845,27.442],[83.867,27.345],[83.908,27.276],[83.995,27.179],[83.951,27.117],[84.034,27.042],[84.059,26.988],[84.062,26.889],[84.141,26.853],[84.238,26.867],[84.335,26.682],[84.417,26.636],[84.493,26.602]]]},"properties":{"DISTRICT":"Pashchim Champaran","ST_NM":"Bihar"}},
{"type":"Feature","geometry":{"type":"Polygon","coordinates":[[[87.444,21.769],[87.451,21.889],[87.488,21.957],[87.467,22.029],[87.497,22.09],[87.672,22.108],[87.73,22.192],[87.701,22.229],[87.724,22.322],[87.648,22.341],[87.678,22.484],[87.795,22.482],[87.886,22.509],[87.855,22.598],[87.816,22.617],[87.745,22.739],[87.746,22.773],[87.636,22.812],[87.51,22.904],[87.525,22.93],[87.48,22.913],[87.36,22.952],[87.286,22.911],[87.168,22.881],[87.054,22.824],[87.088,22.738],[87.021,22.668],[86.951,22.67],[86.927,22.627],[86.847,22.685],[86.66,22.788],[86.612,22.799],[86.56,22.711],[86.642,22.658],[86.657,22.579],[86.761,22.578],[86.794,22.478],[86.769,22.427],[86.849,22.4],[86.825,22.265],[86.796,22.222],[86.728,22.219],[86.721,22.148],[86.795,22.158],[86.811,22.118],[86.962,22.088],[87.022,22.046],[87.039,21.994],[87.003,21.912],[87.035,21.87],[87.099,21.865],[87.098,21.913],[87.239,21.959],[87.249,21.861],[87.285,21.804],[87.444,21.769]]]},"properties":{"DISTRICT":"Pashchim Medinipur","ST_NM":"West Bengal"}},
{"type":"Feature","geometry":{"type":"Polygon","coordinates":[[[85.678,22.055],[85.785,22.04],[85.79,21.983],[85.9,21.982],[85.948,22.023],[86.032,22.189],[85.976,22.247],[86.024,22.308],[86.027,22.385],[85.967,22.482],[85.899,22.526],[85.91,22.603],[85.828,22.719],[85.727,22.685],[85.702,22.807],[85.649,22.849],[85.517,22.809],[85.458,22.802],[85.343,22.885],[85.196,22.812],[85.149,22.806],[85.116,22.658],[85.08,22.571],[85.069,22.481],[85.112,22.294],[85.032,22.157],[85.03,22.115],[85.105,22.1],[85.217,22.047],[85.237,22.004],[85.28,22.084],[85.369,22.158],[85.416,22.16],[85.597,22.078],[85.678,22.055]]]},"properties":{"DISTRICT":"Pashchimi Singhbhum","ST_NM":"Jharkhand"}},
{"type":"Feature","geometry":{"type":"Polygon","coordinates":[[[71.316,23.982],[71.265,23.922],[71.212,23.931],[71.1,23.901],[71.062,23.836],[71.074,23.602],[71.139,23.629],[71.178,23.711],[71.223,23.661],[71.377,23.645],[71.446,23.48],[71.533,23.482],[71.611,23.504],[71.768,23.471],[71.835,23.422],[71.864,23.475],[71.97,23.531],[71.957,23.591],[72.006,23.635],[72.06,23.575],[72.194,23.64],[72.284,23.615],[72.269,23.694],[72.301,23.799],[72.291,23.848],[72.342,23.892],[72.394,23.882],[72.478,23.93],[72.354,24.025],[72.231,24.065],[72.217,24.104],[72.098,24.048],[72.036,23.982],[71.963,23.993],[71.929,23.953],[71.972,23.892],[71.753,23.842],[71.717,23.926],[71.669,23.97],[71.443,23.983],[71.445,23.941],[71.316,23.982]]]},"properties":{"DISTRICT":"Patan","ST_NM":"Gujarat"}},
{"type":"Feature","geometry":{"type":"Polygon","coordinates":[[[76.656,9.149],[76.66,9.093],[76.759,9.073],[76.929,9.139],[77.056,9.122],[77.209,9.071],[77.269,9.152],[77.284,9.271],[77.227,9.296],[77.248,9.385],[77.205,9.451],[77.142,9.489],[77.049,9.451],[76.941,9.43],[76.748,9.473],[76.654,9.48],[76.591,9.417],[76.516,9.4],[76.564,9.349],[76.625,9.34],[76.664,9.267],[76.656,9.149]]]},"properties":{"DISTRICT":"Pathanamthitta","ST_NM":"Kerala"}},
{"type":"Feature","geometry":{"type":"Polygon","coordinates":[[[76.77,30.434],[76.805,30.478],[76.723,30.562],[76.668,30.584],[76.63,30.646],[76.58,30.647],[76.582,30.571],[76.501,30.561],[76.504,30.473],[76.384,30.422],[76.339,30.451],[76.293,30.574],[76.102,30.52],[76.088,30.527],[76.081,30.512],[76.081,30.459],[75.99,30.338],[76.156,30.314],[76.203,30.284],[76.05,30.189],[76.106,30.114],[76.012,30.018],[76.032,29.964],[75.983,29.907],[76.06,29.868],[76.102,29.807],[76.213,29.842],[76.219,29.84],[76.221,29.839],[76.21,30.034],[76.263,30.115],[76.402,30.124],[76.467,30.096],[76.567,30.095],[76.635,30.145],[76.64,30.151],[76.651,30.202],[76.603,30.25],[76.751,30.356],[76.77,30.434]]]},"properties":{"DISTRICT":"Patiala","ST_NM":"Punjab"}},
{"type":"Feature","geometry":{"type":"Polygon","coordinates":[[[85.736,25.527],[85.639,25.463],[85.539,25.505],[85.497,25.494],[85.311,25.515],[85.252,25.596],[85.195,25.624],[85.142,25.626],[85.088,25.711],[85.031,25.732],[84.953,25.702],[84.854,25.695],[84.819,25.575],[84.771,25.537],[84.778,25.447],[84.705,25.315],[84.812,25.219],[84.865,25.216],[84.867,25.216],[84.906,25.289],[84.994,25.321],[85.031,25.286],[85.12,25.284],[85.181,25.309],[85.189,25.402],[85.362,25.403],[85.406,25.461],[85.498,25.429],[85.579,25.425],[85.651,25.34],[85.715,25.356],[85.811,25.292],[85.906,25.294],[85.932,25.323],[86.029,25.293],[86.064,25.334],[85.967,25.404],[85.873,25.441],[85.886,25.502],[85.805,25.547],[85.736,25.527]]]},"properties":{"DISTRICT":"Patna","ST_NM":"Bihar"}},
{"type":"Feature","geometry":{"type":"Polygon","coordinates":[[[79.17,11.377],[79.108,11.401],[78.965,11.401],[78.876,11.505],[78.845,11.52],[78.791,11.452],[78.7,11.453],[78.652,11.42],[78.665,11.372],[78.733,11.321],[78.701,11.192],[78.673,11.164],[78.701,11.071],[78.884,11.101],[78.966,11.094],[79.009,11.057],[79.063,11.14],[79.132,11.333],[79.17,11.377]]]},"properties":{"DISTRICT":"Perambalur","ST_NM":"Tamil Nadu"}},
{"type":"Feature","geometry":{"type":"Polygon","coordinates":[[[93.544,25.699],[93.483,25.642],[93.418,25.617],[93.332,25.543],[93.457,25.438],[93.474,25.305],[93.504,25.249],[93.607,25.198],[93.687,25.327],[93.808,25.461],[93.764,25.511],[93.836,25.559],[93.943,25.559],[93.935,25.646],[93.824,25.696],[93.605,25.663],[93.544,25.699]]]},"properties":{"DISTRICT":"Peren","ST_NM":"Nagaland"}},
{"type":"Feature","geometry":{"type":"Polygon","coordinates":[[[94.715,25.758],[94.559,25.777],[94.469,25.831],[94.442,25.888],[94.354,25.924],[94.216,25.675],[94.194,25.547],[94.222,25.491],[94.302,25.489],[94.424,25.547],[94.492,25.608],[94.572,25.692],[94.556,25.507],[94.681,25.453],[94.811,25.489],[94.887,25.586],[94.856,25.609],[94.861,25.717],[94.757,25.78],[94.715,25.758]]]},"properties":{"DISTRICT":"Phek","ST_NM":"Nagaland"}},
{"type":"Feature","geometry":{"type":"Polygon","coordinates":[[[79.685,28.263],[79.714,28.205],[79.782,28.16],[79.84,28.209],[79.937,28.116],[79.965,28.168],[79.942,28.311],[80.015,28.358],[80.072,28.332],[80.108,28.383],[80.172,28.352],[80.301,28.453],[80.433,28.503],[80.372,28.595],[80.304,28.617],[80.329,28.674],[80.248,28.758],[80.133,28.822],[80.07,28.829],[80,28.711],[79.852,28.803],[79.786,28.886],[79.643,28.853],[79.673,28.743],[79.629,28.709],[79.6,28.616],[79.676,28.583],[79.685,28.529],[79.744,28.466],[79.678,28.306],[79.685,28.263]]]},"properties":{"DISTRICT":"Pilibhit","ST_NM":"Uttar Pradesh"}},
{"type":"Feature","geometry":{"type":"Polygon","coordinates":[[[80.072,29.521],[80.146,29.473],[80.247,29.443],[80.352,29.515],[80.349,29.547],[80.425,29.636],[80.37,29.725],[80.41,29.79],[80.49,29.794],[80.555,29.854],[80.573,29.923],[80.682,29.961],[80.763,30.048],[80.875,30.131],[80.868,30.172],[81.043,30.199],[81.008,30.265],[80.826,30.314],[80.746,30.397],[80.608,30.477],[80.545,30.455],[80.293,30.569],[80.226,30.577],[80.252,30.735],[80.174,30.807],[80.102,30.786],[79.981,30.705],[80.042,30.601],[79.997,30.538],[80.037,30.44],[79.994,30.314],[80.07,30.279],[80.119,30.224],[80.072,30.024],[80.157,29.899],[80.014,29.885],[80.035,29.784],[79.98,29.759],[79.907,29.798],[79.856,29.768],[79.896,29.702],[79.956,29.679],[80.01,29.548],[80.072,29.521]]]},"properties":{"DISTRICT":"Pithoragarh","ST_NM":"Uttarakhand"}},
{"type":"Feature","geometry":{"type":"Polygon","coordinates":[[[69.374,21.828],[69.701,21.542],[69.982,21.227],[70.015,21.278],[69.943,21.369],[70,21.473],[69.981,21.53],[70.033,21.635],[70.148,21.662],[70.075,21.732],[70.021,21.708],[69.99,21.808],[69.818,21.74],[69.815,21.822],[69.657,21.869],[69.719,21.935],[69.717,21.974],[69.581,21.945],[69.536,21.891],[69.374,21.828]]]},"properties":{"DISTRICT":"Porbandar","ST_NM":"Gujarat"}},
{"type":"Feature","geometry":{"type":"Polygon","coordinates":[[[79.076,15.055],[79.131,15.102],[79.199,15.088],[79.256,15.108],[79.563,15.043],[79.744,15.032],[79.782,14.976],[79.858,14.954],[79.911,15.006],[80.049,15.018],[80.051,15.113],[80.087,15.216],[80.08,15.257],[80.13,15.38],[80.197,15.463],[80.24,15.614],[80.345,15.752],[80.439,15.806],[80.379,15.986],[80.306,16.054],[80.233,16.031],[80.151,16.044],[80.102,16.009],[80.071,16.069],[80,16.139],[79.875,16.162],[79.921,16.078],[79.872,16.025],[79.925,15.965],[79.887,15.92],[79.802,15.939],[79.768,15.896],[79.705,15.899],[79.569,15.947],[79.583,16.021],[79.557,16.141],[79.575,16.197],[79.556,16.305],[79.464,16.311],[79.368,16.243],[79.304,16.23],[79.226,16.181],[79.2,16.23],[79.028,16.251],[78.916,16.198],[78.921,16.116],[78.933,16.07],[78.902,15.964],[78.813,15.875],[78.773,15.663],[78.774,15.406],[78.744,15.305],[78.77,15.186],[78.823,15.208],[78.962,15.18],[79.068,15.176],[79.076,15.055]]]},"properties":{"DISTRICT":"Prakasam","ST_NM":"Andhra Pradesh"}},
{"type":"Feature","geometry":{"type":"Polygon","coordinates":[[[74.773,23.54],[74.851,23.554],[74.94,23.627],[74.94,23.763],[74.91,23.798],[74.915,23.909],[74.993,24.026],[74.96,24.107],[74.881,24.213],[74.905,24.243],[74.876,24.275],[74.767,24.27],[74.755,24.276],[74.785,24.364],[74.858,24.448],[74.815,24.489],[74.716,24.505],[74.714,24.506],[74.707,24.501],[74.691,24.492],[74.673,24.488],[74.611,24.475],[74.543,24.479],[74.521,24.315],[74.468,24.222],[74.417,24.245],[74.415,24.292],[74.398,24.303],[74.398,24.296],[74.391,24.285],[74.394,24.268],[74.384,24.235],[74.36,24.193],[74.432,24.116],[74.36,24.092],[74.328,24.048],[74.325,23.937],[74.326,23.936],[74.384,23.906],[74.48,23.924],[74.551,23.826],[74.52,23.637],[74.599,23.63],[74.672,23.666],[74.773,23.589],[74.773,23.54]]]},"properties":{"DISTRICT":"Pratapgarh","ST_NM":"Rajasthan"}},
{"type":"Feature","geometry":{"type":"Polygon","coordinates":[[[82.156,25.679],[82.197,25.739],[82.177,25.82],[82.256,25.832],[82.296,25.892],[82.376,25.913],[82.35,25.962],[82.432,26.009],[82.248,26.057],[82.187,26.041],[82.106,26.075],[82.067,26.052],[81.965,26.078],[81.933,26.052],[81.787,26.026],[81.77,26.068],[81.619,26.178],[81.541,26.119],[81.572,25.973],[81.335,25.87],[81.337,25.81],[81.405,25.747],[81.369,25.712],[81.467,25.635],[81.614,25.593],[81.751,25.669],[81.755,25.734],[81.806,25.749],[81.918,25.714],[81.946,25.74],[82.013,25.746],[82.027,25.709],[82.063,25.659],[82.111,25.654],[82.119,25.659],[82.125,25.663],[82.124,25.681],[82.144,25.684],[82.156,25.682],[82.156,25.679]]]},"properties":{"DISTRICT":"Pratapgarh","ST_NM":"Uttar Pradesh"}},
{"type":"Feature","geometry":{"type":"Polygon","coordinates":[[[78.871,10.706],[78.79,10.647],[78.708,10.73],[78.63,10.704],[78.596,10.657],[78.526,10.673],[78.451,10.605],[78.525,10.436],[78.508,10.375],[78.515,10.265],[78.581,10.285],[78.647,10.258],[78.708,10.174],[78.811,10.211],[78.847,10.125],[78.909,10.129],[78.93,10.022],[78.991,9.945],[79.046,9.86],[79.114,9.846],[79.125,9.889],[79.222,10.007],[79.263,10.036],[79.229,10.14],[79.152,10.167],[79.117,10.237],[79.15,10.343],[79.14,10.498],[79.184,10.575],[79.071,10.636],[79.064,10.668],[78.871,10.706]]]},"properties":{"DISTRICT":"Pudukkottai","ST_NM":"Tamil Nadu"}},
{"type":"Feature","geometry":{"type":"Polygon","coordinates":[[[75.149,34.084],[75.046,34.064],[74.929,33.979],[74.92,33.917],[74.845,33.836],[74.78,33.804],[74.844,33.784],[74.885,33.83],[74.978,33.834],[75.022,33.793],[75.055,33.827],[75.191,33.917],[75.189,34.044],[75.149,34.084]]]},"properties":{"DISTRICT":"Pulwama","ST_NM":"Jammu & Kashmir"}},
{"type":"Feature","geometry":{"type":"Polygon","coordinates":[[[74.413,33.857],[74.32,33.956],[74.162,34.01],[74.149,33.928],[73.945,33.837],[73.884,33.743],[73.881,33.65],[73.921,33.562],[74.082,33.522],[74.074,33.437],[74.129,33.375],[74.273,33.546],[74.386,33.566],[74.446,33.511],[74.555,33.477],[74.514,33.663],[74.394,33.826],[74.413,33.857]]]},"properties":{"DISTRICT":"Punch","ST_NM":"Jammu & Kashmir"}},
{"type":"Feature","geometry":{"type":"Polygon","coordinates":[[[73.782,19.386],[73.798,19.336],[73.674,19.303],[73.665,19.24],[73.609,19.189],[73.539,19.174],[73.527,19.129],[73.547,19.018],[73.462,18.966],[73.428,18.863],[73.387,18.847],[73.352,18.723],[73.389,18.654],[73.324,18.559],[73.387,18.502],[73.402,18.4],[73.444,18.36],[73.424,18.305],[73.532,18.247],[73.582,18.179],[73.597,18.106],[73.659,18.028],[73.706,18.048],[73.792,18.022],[73.858,18.032],[73.902,18.161],[74.077,18.121],[74.241,18.097],[74.303,18.069],[74.376,18.074],[74.71,18.029],[74.864,17.991],[74.867,17.951],[75.018,17.907],[75.072,17.914],[75.135,17.97],[75.025,17.981],[75.091,18.064],[75.11,18.214],[75.022,18.187],[74.951,18.263],[74.833,18.246],[74.834,18.339],[74.784,18.406],[74.735,18.398],[74.727,18.48],[74.644,18.45],[74.58,18.473],[74.544,18.583],[74.476,18.648],[74.476,18.689],[74.386,18.808],[74.311,18.853],[74.294,18.903],[74.175,19.042],[74.211,19.125],[74.271,19.186],[74.085,19.231],[74.027,19.269],[74,19.358],[73.931,19.341],[73.782,19.386]]]},"properties":{"DISTRICT":"Pune","ST_NM":"Maharashtra"}},
{"type":"Feature","geometry":{"type":"Polygon","coordinates":[[[84.877,26.255],[84.905,26.321],[85.115,26.313],[85.283,26.349],[85.267,26.399],[85.211,26.427],[85.186,26.498],[85.264,26.59],[85.269,26.638],[85.258,26.756],[85.179,26.815],[85.196,26.869],[85.033,26.874],[84.962,26.963],[84.829,27.021],[84.763,27],[84.685,26.891],[84.736,26.842],[84.724,26.743],[84.657,26.68],[84.6,26.687],[84.493,26.602],[84.513,26.533],[84.581,26.485],[84.661,26.463],[84.73,26.383],[84.877,26.255]]]},"properties":{"DISTRICT":"Purba Champaran","ST_NM":"Bihar"}},
{"type":"Feature","geometry":{"type":"MultiPolygon","coordinates":[[[[87.49,21.603],[87.667,21.632],[87.837,21.716],[87.961,21.826],[88.053,22.013],[88.167,22.074],[88.194,22.111],[88.136,22.185],[87.99,22.209],[87.938,22.265],[87.943,22.364],[87.916,22.417],[87.905,22.422],[87.883,22.441],[87.886,22.509],[87.795,22.482],[87.678,22.484],[87.648,22.341],[87.724,22.322],[87.701,22.229],[87.73,22.192],[87.672,22.108],[87.497,22.09],[87.467,22.029],[87.488,21.957],[87.451,21.889],[87.444,21.769],[87.475,21.712],[87.49,21.603]]],[[[88.125,21.995],[88.07,21.991],[88.067,21.92],[88.125,21.995]]]]},"properties":{"DISTRICT":"Purba Medinipur","ST_NM":"West Bengal"}},
{"type":"Feature","geometry":{"type":"Polygon","coordinates":[[[86.728,22.219],[86.796,22.222],[86.825,22.265],[86.849,22.4],[86.769,22.427],[86.794,22.478],[86.761,22.578],[86.657,22.579],[86.642,22.658],[86.56,22.711],[86.484,22.726],[86.422,22.78],[86.438,22.919],[86.399,22.977],[86.285,23.013],[86.24,22.996],[86.198,22.969],[86.197,22.818],[86.159,22.748],[86.157,22.637],[86.068,22.552],[86.107,22.494],[86.208,22.474],[86.293,22.429],[86.358,22.349],[86.43,22.31],[86.505,22.345],[86.653,22.24],[86.728,22.219]]]},"properties":{"DISTRICT":"Purbi Singhbhum","ST_NM":"Jharkhand"}},
{"type":"Feature","geometry":{"type":"Polygon","coordinates":[[[86.083,20.106],[85.904,20.123],[85.827,20.158],[85.689,20.149],[85.68,20.072],[85.624,20.066],[85.611,20.001],[85.51,19.946],[85.536,19.886],[85.429,19.893],[85.328,19.801],[85.253,19.781],[85.184,19.675],[85.177,19.558],[85.139,19.524],[85.178,19.464],[85.351,19.584],[85.696,19.751],[85.898,19.817],[86.045,19.841],[86.229,19.895],[86.368,19.975],[86.282,20.055],[86.189,20.053],[86.154,20.042],[86.083,20.106]]]},"properties":{"DISTRICT":"Puri","ST_NM":"Odisha"}},
{"type":"Feature","geometry":{"type":"Polygon","coordinates":[[[87.082,25.96],[86.993,25.934],[87.041,25.835],[87.011,25.744],[87.052,25.688],[87.03,25.651],[87.103,25.514],[87.111,25.433],[87.232,25.451],[87.213,25.484],[87.254,25.598],[87.262,25.669],[87.244,25.698],[87.261,25.717],[87.34,25.682],[87.49,25.673],[87.555,25.68],[87.669,25.689],[87.688,25.745],[87.804,25.765],[87.822,25.811],[87.825,25.882],[87.824,25.933],[87.812,25.958],[87.867,26.093],[87.824,26.111],[87.678,26.111],[87.561,25.986],[87.268,25.984],[87.177,25.942],[87.082,25.96]]]},"properties":{"DISTRICT":"Purnia","ST_NM":"Bihar"}},
{"type":"Feature","geometry":{"type":"Polygon","coordinates":[[[86.899,23.64],[86.801,23.695],[86.717,23.699],[86.534,23.631],[86.445,23.622],[86.364,23.545],[86.358,23.466],[86.231,23.438],[86.161,23.506],[86.145,23.572],[86.043,23.585],[86.047,23.492],[85.944,23.457],[85.884,23.478],[85.867,23.43],[85.868,23.305],[85.832,23.265],[85.841,23.194],[85.895,23.154],[85.921,23.132],[86.043,23.146],[86.122,23.096],[86.181,23.016],[86.24,22.996],[86.285,23.013],[86.399,22.977],[86.438,22.919],[86.422,22.78],[86.484,22.726],[86.56,22.711],[86.612,22.799],[86.705,22.872],[86.692,22.93],[86.745,23.094],[86.716,23.121],[86.775,23.231],[86.784,23.342],[86.842,23.382],[86.899,23.64]]]},"properties":{"DISTRICT":"Puruliya","ST_NM":"West Bengal"}},
{"type":"Feature","geometry":{"type":"Polygon","coordinates":[[[81.166,26.593],[81.045,26.502],[81,26.535],[80.985,26.473],[81.038,26.361],[80.999,26.314],[80.939,26.357],[80.832,26.349],[80.888,26.292],[80.812,26.208],[80.732,26.176],[80.676,26.121],[80.811,26.033],[80.94,26.066],[81.019,26.063],[81.116,25.955],[81.217,25.926],[81.221,25.874],[81.337,25.81],[81.335,25.87],[81.572,25.973],[81.541,26.119],[81.619,26.178],[81.555,26.309],[81.571,26.449],[81.542,26.521],[81.462,26.571],[81.316,26.539],[81.19,26.604],[81.166,26.593]]]},"properties":{"DISTRICT":"Rae Bareli","ST_NM":"Uttar Pradesh"}},
{"type":"Feature","geometry":{"type":"Polygon","coordinates":[[[76.286,15.901],[76.428,15.888],[76.451,15.851],[76.444,15.736],[76.693,15.645],[76.814,15.547],[76.834,15.616],[76.919,15.7],[76.928,15.735],[77.028,15.834],[77.081,15.914],[77.147,15.945],[77.253,15.962],[77.431,15.947],[77.514,15.926],[77.508,16.078],[77.491,16.12],[77.492,16.254],[77.596,16.317],[77.523,16.375],[77.416,16.367],[77.289,16.407],[77.171,16.435],[77.145,16.478],[77.011,16.545],[76.97,16.505],[76.883,16.493],[76.848,16.433],[76.747,16.412],[76.605,16.339],[76.479,16.29],[76.329,16.191],[76.241,16.165],[76.246,16.111],[76.303,16.073],[76.328,15.931],[76.286,15.901]]]},"properties":{"DISTRICT":"Raichur","ST_NM":"Karnataka"}},
{"type":"Feature","geometry":{"type":"Polygon","coordinates":[[[83.49,21.643],[83.463,21.697],[83.498,21.811],[83.581,21.832],[83.608,21.913],[83.542,21.966],[83.564,22.102],[83.653,22.227],[83.753,22.243],[83.805,22.292],[83.741,22.378],[83.694,22.378],[83.585,22.455],[83.596,22.533],[83.47,22.506],[83.407,22.554],[83.438,22.672],[83.385,22.743],[83.165,22.773],[83.114,22.677],[83.089,22.474],[83.111,22.365],[83.038,22.249],[83.031,22.169],[82.941,22.122],[83.015,22.074],[83.008,21.963],[83.094,21.973],[83.117,21.931],[83.202,21.918],[83.184,21.845],[83.24,21.79],[83.27,21.712],[83.089,21.714],[83.028,21.737],[82.951,21.722],[82.984,21.642],[82.93,21.557],[82.935,21.494],[83,21.458],[83.277,21.378],[83.382,21.343],[83.401,21.403],[83.349,21.488],[83.388,21.616],[83.49,21.643]]]},"properties":{"DISTRICT":"Raigarh","ST_NM":"Chhattisgarh"}},
{"type":"Feature","geometry":{"type":"Polygon","coordinates":[[[72.84,18.845],[72.865,18.804],[72.853,18.693],[72.868,18.62],[72.908,18.579],[72.892,18.459],[72.933,18.281],[72.976,18.199],[72.971,18.129],[73.028,17.964],[73.116,17.978],[73.178,18.06],[73.266,18.069],[73.409,17.885],[73.509,17.853],[73.57,17.877],[73.547,17.904],[73.636,17.968],[73.659,18.028],[73.597,18.106],[73.582,18.179],[73.532,18.247],[73.424,18.305],[73.444,18.36],[73.402,18.4],[73.387,18.502],[73.324,18.559],[73.389,18.654],[73.352,18.723],[73.387,18.847],[73.428,18.863],[73.462,18.966],[73.547,19.018],[73.527,19.129],[73.35,19.129],[73.247,19.064],[73.177,19.109],[73.047,19.098],[73.046,19.017],[72.959,18.987],[72.897,18.979],[72.84,18.845]]]},"properties":{"DISTRICT":"Raigarh","ST_NM":"Maharashtra"}},
{"type":"Feature","geometry":{"type":"Polygon","coordinates":[[[81.943,21.815],[81.849,21.758],[81.808,21.77],[81.7,21.75],[81.726,21.711],[81.664,21.646],[81.699,21.617],[81.632,21.506],[81.639,21.404],[81.536,21.298],[81.547,21.245],[81.603,21.206],[81.584,21.072],[81.613,21.024],[81.66,20.998],[81.752,21.01],[81.838,20.94],[81.924,20.819],[81.927,20.749],[82.013,20.675],[81.997,20.64],[82.021,20.529],[82.083,20.413],[82.108,20.289],[82.175,20.259],[82.094,20.102],[82.018,20.049],[82.065,20.054],[82.192,19.986],[82.269,19.976],[82.347,19.835],[82.396,19.887],[82.483,19.906],[82.605,19.866],[82.593,19.776],[82.653,19.831],[82.706,19.832],[82.705,19.998],[82.59,19.995],[82.403,20.054],[82.386,20.149],[82.421,20.207],[82.401,20.34],[82.417,20.407],[82.388,20.514],[82.331,20.558],[82.375,20.633],[82.351,20.702],[82.349,20.873],[82.284,20.935],[82.199,20.941],[82.164,21.013],[82.103,21.028],[82.008,21.087],[82.02,21.219],[82.068,21.271],[82.166,21.328],[82.242,21.433],[82.261,21.309],[82.394,21.265],[82.466,21.323],[82.554,21.319],[82.704,21.372],[82.69,21.481],[82.772,21.52],[82.828,21.501],[82.876,21.55],[82.935,21.494],[82.93,21.557],[82.984,21.642],[82.951,21.722],[82.867,21.689],[82.795,21.723],[82.6,21.713],[82.446,21.743],[82.441,21.739],[82.44,21.738],[82.332,21.712],[82.291,21.751],[82.193,21.773],[82.19,21.836],[82.126,21.834],[82.038,21.884],[81.943,21.815]]]},"properties":{"DISTRICT":"Raipur","ST_NM":"Chhattisgarh"}},
{"type":"Feature","geometry":{"type":"Polygon","coordinates":[[[77.383,23.089],[77.365,23.001],[77.438,22.92],[77.629,22.831],[77.684,22.875],[77.778,22.897],[77.844,22.94],[77.965,22.961],[78.034,22.908],[78.029,22.803],[78.103,22.79],[78.137,22.845],[78.214,22.892],[78.281,22.868],[78.442,22.985],[78.464,23.004],[78.726,23.044],[78.796,23.092],[78.807,23.236],[78.719,23.351],[78.664,23.333],[78.623,23.418],[78.738,23.576],[78.594,23.547],[78.506,23.556],[78.433,23.744],[78.369,23.726],[78.377,23.654],[78.293,23.674],[78.222,23.529],[78.134,23.516],[78.022,23.345],[77.961,23.372],[77.915,23.452],[77.811,23.461],[77.735,23.535],[77.673,23.518],[77.626,23.464],[77.522,23.518],[77.492,23.427],[77.626,23.329],[77.568,23.145],[77.506,23.106],[77.383,23.089]]]},"properties":{"DISTRICT":"Raisen","ST_NM":"Madhya Pradesh"}},
{"type":"Feature","geometry":{"type":"Polygon","coordinates":[[[74.542,33.063],[74.625,33.102],[74.612,33.15],[74.517,33.192],[74.528,33.228],[74.645,33.216],[74.641,33.404],[74.601,33.453],[74.555,33.477],[74.446,33.511],[74.386,33.566],[74.273,33.546],[74.129,33.375],[74.173,33.205],[74.217,33.146],[74.355,33.108],[74.401,33.071],[74.542,33.063]]]},"properties":{"DISTRICT":"Rajouri","ST_NM":"Jammu & Kashmir"}},
{"type":"Feature","geometry":{"type":"Polygon","coordinates":[[[77.228,23.896],[77.164,23.949],[77.189,24.005],[77.183,24.082],[76.958,24.073],[76.882,24.131],[76.795,24.121],[76.678,24.189],[76.706,24.244],[76.62,24.258],[76.527,24.159],[76.467,24.225],[76.415,24.205],[76.356,24.245],[76.219,24.213],[76.204,24.1],[76.266,24.053],[76.315,23.921],[76.398,23.762],[76.405,23.672],[76.49,23.511],[76.529,23.572],[76.603,23.561],[76.695,23.487],[76.963,23.501],[77.052,23.481],[77.15,23.574],[77.139,23.641],[77.17,23.687],[77.222,23.821],[77.228,23.896]]]},"properties":{"DISTRICT":"Rajgarh","ST_NM":"Madhya Pradesh"}},
{"type":"Feature","geometry":{"type":"Polygon","coordinates":[[[71.392,21.978],[71.504,22.053],[71.479,22.184],[71.433,22.261],[71.232,22.277],[71.219,22.221],[71.283,22.211],[71.289,22.164],[71.156,22.166],[71.105,22.248],[71.022,22.329],[71.011,22.41],[71.077,22.404],[71.163,22.501],[71.076,22.557],[71.11,22.639],[71.162,22.681],[71.124,22.756],[70.988,22.792],[71.018,22.873],[70.996,22.968],[70.954,23.011],[71.045,23.171],[70.983,23.173],[70.831,23.126],[70.778,23.159],[70.7,23.123],[70.554,23.018],[70.541,22.959],[70.438,22.967],[70.437,22.964],[70.579,22.915],[70.646,22.859],[70.615,22.765],[70.615,22.653],[70.574,22.631],[70.537,22.529],[70.495,22.474],[70.474,22.376],[70.522,22.245],[70.575,22.238],[70.548,22.048],[70.454,22.051],[70.326,22.018],[70.216,21.965],[70.215,21.908],[70.097,21.848],[70.075,21.732],[70.148,21.662],[70.301,21.587],[70.437,21.659],[70.611,21.625],[70.641,21.651],[70.739,21.644],[70.777,21.662],[70.793,21.665],[70.826,21.743],[70.894,21.764],[70.977,21.73],[71.047,21.756],[71.059,21.903],[71.201,21.974],[71.307,22.042],[71.344,21.985],[71.392,21.978]]]},"properties":{"DISTRICT":"Rajkot","ST_NM":"Gujarat"}},
{"type":"Feature","geometry":{"type":"Polygon","coordinates":[[[80.663,21.331],[80.646,21.256],[80.568,21.207],[80.464,21.173],[80.431,21.01],[80.466,20.929],[80.542,20.932],[80.563,20.821],[80.55,20.793],[80.585,20.68],[80.526,20.663],[80.62,20.592],[80.61,20.435],[80.593,20.394],[80.624,20.328],[80.518,20.272],[80.39,20.244],[80.458,20.147],[80.547,20.112],[80.585,20.175],[80.73,20.267],[80.832,20.308],[80.866,20.385],[80.946,20.441],[80.944,20.508],[80.989,20.61],[80.814,20.696],[80.826,20.764],[80.938,20.781],[80.966,20.913],[80.958,20.99],[81.12,21.007],[81.161,21.101],[81.216,21.172],[81.164,21.237],[81.193,21.391],[81.173,21.437],[81.196,21.514],[81.142,21.557],[81.177,21.597],[81.176,21.703],[81.102,21.731],[81,21.725],[80.943,21.804],[80.845,21.83],[80.819,21.764],[80.747,21.757],[80.714,21.672],[80.737,21.473],[80.663,21.331]]]},"properties":{"DISTRICT":"Rajnandgaon","ST_NM":"Chhattisgarh"}},
{"type":"Feature","geometry":{"type":"MultiPolygon","coordinates":[[[[74.117,25.866],[74.056,25.829],[74.093,25.767],[74.017,25.747],[74.013,25.704],[73.949,25.651],[73.906,25.685],[73.865,25.651],[73.807,25.511],[73.734,25.382],[73.612,25.286],[73.601,25.203],[73.503,25.118],[73.507,24.976],[73.562,24.934],[73.612,24.775],[73.703,24.789],[73.796,24.745],[73.855,24.887],[74.002,24.892],[74.045,24.833],[74.122,24.852],[74.188,24.93],[74.2,24.979],[74.271,24.992],[74.259,25.065],[74.189,25.06],[74.165,25.127],[74.08,25.149],[74.123,25.242],[74.027,25.272],[74.022,25.432],[74.045,25.499],[74.098,25.515],[74.066,25.58],[74.117,25.636],[74.098,25.716],[74.196,25.739],[74.184,25.848],[74.117,25.866]]],[[[74.268,25.871],[74.346,25.903],[74.389,25.962],[74.346,26.023],[74.232,25.934],[74.268,25.871]]]]},"properties":{"DISTRICT":"Rajsamand","ST_NM":"Rajasthan"}},
{"type":"Feature","geometry":{"type":"Polygon","coordinates":[[[77.205,13.184],[77.157,13.191],[77.073,13.124],[77.073,13.046],[77.138,12.995],[77.169,12.93],[77.133,12.858],[77.15,12.783],[77.081,12.746],[77.115,12.553],[77.148,12.462],[77.214,12.486],[77.27,12.465],[77.287,12.392],[77.334,12.353],[77.323,12.307],[77.436,12.282],[77.473,12.245],[77.614,12.363],[77.635,12.486],[77.588,12.516],[77.599,12.657],[77.618,12.706],[77.478,12.754],[77.467,12.809],[77.413,12.876],[77.349,12.867],[77.331,12.973],[77.31,13.103],[77.224,13.149],[77.205,13.184]]]},"properties":{"DISTRICT":"Ramanagara","ST_NM":"Karnataka"}},
{"type":"Feature","geometry":{"type":"Polygon","coordinates":[[[78.991,9.945],[78.917,9.916],[78.873,9.861],[78.884,9.754],[78.762,9.772],[78.8,9.691],[78.82,9.593],[78.708,9.598],[78.617,9.536],[78.451,9.619],[78.419,9.596],[78.377,9.566],[78.33,9.479],[78.22,9.444],[78.245,9.377],[78.338,9.366],[78.378,9.292],[78.283,9.275],[78.276,9.141],[78.391,9.094],[78.527,9.136],[78.652,9.157],[78.673,9.194],[78.878,9.257],[78.988,9.275],[79.094,9.26],[78.988,9.354],[78.9,9.457],[78.925,9.586],[78.992,9.713],[79.114,9.846],[79.046,9.86],[78.991,9.945]]]},"properties":{"DISTRICT":"Ramanathapuram","ST_NM":"Tamil Nadu"}},
{"type":"Feature","geometry":{"type":"Polygon","coordinates":[[[75.153,33.579],[75.123,33.47],[75.01,33.461],[75.037,33.407],[75.018,33.221],[75.076,33.164],[75.292,33.097],[75.301,33.185],[75.333,33.219],[75.319,33.297],[75.417,33.358],[75.349,33.393],[75.153,33.579]]]},"properties":{"DISTRICT":"Ramban","ST_NM":"Jammu & Kashmir"}},
{"type":"Feature","geometry":{"type":"Polygon","coordinates":[[[85.647,23.933],[85.579,23.912],[85.493,23.802],[85.455,23.786],[85.449,23.688],[85.409,23.674],[85.34,23.701],[85.293,23.689],[85.252,23.697],[85.227,23.699],[85.223,23.69],[85.206,23.643],[85.268,23.58],[85.551,23.538],[85.607,23.482],[85.722,23.442],[85.759,23.46],[85.867,23.43],[85.884,23.478],[85.816,23.563],[85.774,23.657],[85.665,23.611],[85.615,23.622],[85.622,23.779],[85.594,23.847],[85.647,23.933]]]},"properties":{"DISTRICT":"Ramgarh","ST_NM":"Jharkhand"}},
{"type":"Feature","geometry":{"type":"Polygon","coordinates":[[[79.407,28.879],[79.413,28.926],[79.291,28.959],[79.147,29.076],[79.085,29.146],[78.973,29.156],[78.935,29.079],[78.95,29.033],[78.892,28.974],[78.888,28.898],[78.938,28.855],[78.976,28.763],[78.946,28.713],[78.839,28.66],[78.938,28.563],[78.92,28.479],[79,28.385],[79.078,28.483],[79.14,28.49],[79.222,28.572],[79.239,28.639],[79.304,28.719],[79.388,28.757],[79.407,28.879]]]},"properties":{"DISTRICT":"Rampur","ST_NM":"Uttar Pradesh"}},
{"type":"Feature","geometry":{"type":"Polygon","coordinates":[[[84.964,23.714],[84.922,23.646],[84.946,23.608],[84.886,23.558],[84.945,23.501],[84.886,23.402],[84.898,23.32],[84.914,23.244],[84.951,23.228],[84.886,23.14],[84.904,23.055],[84.943,23.011],[85.037,23.105],[85.054,23.201],[85.19,23.244],[85.315,23.184],[85.463,23.177],[85.472,23.213],[85.554,23.278],[85.542,23.159],[85.603,23.104],[85.58,23.052],[85.614,22.933],[85.705,22.944],[85.829,22.904],[85.87,22.912],[85.808,23.053],[85.895,23.154],[85.841,23.194],[85.832,23.265],[85.868,23.305],[85.867,23.43],[85.759,23.46],[85.722,23.442],[85.607,23.482],[85.551,23.538],[85.268,23.58],[85.206,23.643],[85.223,23.69],[85.227,23.699],[85.108,23.664],[85.055,23.71],[85.054,23.714],[85.036,23.69],[85.018,23.687],[84.964,23.714]]]},"properties":{"DISTRICT":"Ranchi","ST_NM":"Jharkhand"}},
{"type":"Feature","geometry":{"type":"Polygon","coordinates":[[[77.467,17.107],[77.479,17.175],[77.617,17.167],[77.728,17.206],[77.788,17.154],[77.755,17.062],[77.769,17.019],[77.738,16.881],[77.866,16.853],[77.969,16.869],[78.014,16.95],[77.94,17.024],[77.936,17.086],[78.055,17.196],[78.102,17.101],[78.183,17.1],[78.173,17.171],[78.294,17.224],[78.308,17.151],[78.389,17.035],[78.453,17],[78.511,17.013],[78.585,16.952],[78.702,16.933],[78.79,16.973],[78.85,17.087],[78.795,17.173],[78.827,17.236],[78.771,17.259],[78.713,17.439],[78.713,17.524],[78.688,17.578],[78.72,17.667],[78.664,17.696],[78.572,17.687],[78.43,17.701],[78.387,17.665],[78.355,17.524],[78.263,17.419],[78.085,17.497],[78.02,17.475],[77.923,17.574],[77.874,17.581],[77.856,17.643],[77.774,17.602],[77.761,17.559],[77.69,17.509],[77.577,17.433],[77.514,17.43],[77.525,17.365],[77.46,17.348],[77.384,17.223],[77.38,17.141],[77.467,17.107]],[[78.512,17.454],[78.515,17.33],[78.482,17.304],[78.401,17.357],[78.393,17.412],[78.512,17.454]]]},"properties":{"DISTRICT":"Rangareddy","ST_NM":"Andhra Pradesh"}},
{"type":"Feature","geometry":{"type":"Polygon","coordinates":[[[74.74,23.227],[74.78,23.147],[74.885,23.135],[74.917,23.159],[75.009,23.111],[75.235,23.088],[75.241,23.136],[75.229,23.213],[75.261,23.301],[75.215,23.329],[75.158,23.436],[75.184,23.518],[75.274,23.542],[75.28,23.587],[75.398,23.602],[75.497,23.526],[75.525,23.669],[75.622,23.662],[75.691,23.747],[75.686,23.757],[75.567,23.812],[75.564,23.854],[75.458,23.917],[75.333,23.839],[75.051,23.823],[75.025,23.784],[74.94,23.763],[74.94,23.627],[74.851,23.554],[74.773,23.54],[74.612,23.459],[74.532,23.32],[74.547,23.284],[74.631,23.261],[74.7,23.269],[74.74,23.227]]]},"properties":{"DISTRICT":"Ratlam","ST_NM":"Madhya Pradesh"}},
{"type":"Feature","geometry":{"type":"Polygon","coordinates":[[[73.709,17.17],[73.696,17.263],[73.661,17.376],[73.742,17.531],[73.703,17.658],[73.657,17.699],[73.566,17.722],[73.603,17.795],[73.57,17.877],[73.509,17.853],[73.409,17.885],[73.266,18.069],[73.178,18.06],[73.116,17.978],[73.028,17.964],[73.076,17.878],[73.138,17.719],[73.117,17.693],[73.145,17.549],[73.184,17.508],[73.188,17.384],[73.243,17.32],[73.22,17.275],[73.282,17.111],[73.295,16.975],[73.282,16.893],[73.318,16.797],[73.304,16.743],[73.341,16.561],[73.366,16.516],[73.465,16.493],[73.661,16.576],[73.69,16.624],[73.768,16.603],[73.768,16.66],[73.854,16.65],[73.866,16.67],[73.753,16.813],[73.748,16.905],[73.788,16.993],[73.789,17.093],[73.709,17.17]]]},"properties":{"DISTRICT":"Ratnagiri","ST_NM":"Maharashtra"}},
{"type":"Feature","geometry":{"type":"Polygon","coordinates":[[[83.943,19.635],[83.921,19.679],[83.844,19.71],[83.831,19.709],[83.814,19.717],[83.809,19.717],[83.793,19.712],[83.781,19.712],[83.773,19.714],[83.769,19.713],[83.768,19.708],[83.761,19.675],[83.751,19.666],[83.744,19.658],[83.741,19.655],[83.734,19.654],[83.729,19.659],[83.724,19.668],[83.701,19.686],[83.638,19.672],[83.62,19.815],[83.545,19.843],[83.562,19.925],[83.496,19.96],[83.494,19.959],[83.485,19.961],[83.481,19.964],[83.475,19.964],[83.452,19.973],[83.449,19.969],[83.409,19.923],[83.456,19.74],[83.333,19.596],[83.267,19.599],[83.245,19.506],[83.168,19.432],[83.074,19.562],[82.939,19.45],[82.958,19.325],[82.891,19.254],[82.902,19.229],[82.879,19.184],[82.951,19.155],[82.981,19.153],[83.031,19.08],[83.032,19.057],[83.048,19.054],[83.064,19.044],[83.071,19.049],[83.07,19.065],[83.076,19.081],[83.138,19.137],[83.186,19.114],[83.19,19.015],[83.207,18.976],[83.242,18.973],[83.277,19.114],[83.341,19.101],[83.348,19.017],[83.482,19.008],[83.612,19.101],[83.692,19.052],[83.754,18.927],[83.778,18.91],[83.749,18.992],[83.796,19.016],[83.863,18.979],[83.952,18.989],[84.024,19.141],[83.984,19.205],[84.022,19.285],[84.017,19.374],[83.947,19.398],[83.977,19.53],[83.936,19.566],[83.927,19.63],[83.943,19.635]]]},"properties":{"DISTRICT":"Rayagada","ST_NM":"Odisha"}},
{"type":"Feature","geometry":{"type":"Polygon","coordinates":[[[74.591,32.996],[74.669,32.957],[74.73,33.024],[74.782,33.032],[74.846,32.963],[74.835,32.88],[74.947,32.877],[74.962,32.945],[75.045,33.002],[75.017,33.092],[75.076,33.164],[75.018,33.221],[75.037,33.407],[75.01,33.461],[74.84,33.458],[74.754,33.525],[74.601,33.453],[74.641,33.404],[74.645,33.216],[74.528,33.228],[74.517,33.192],[74.612,33.15],[74.625,33.102],[74.542,33.063],[74.591,32.996]]]},"properties":{"DISTRICT":"Reasi","ST_NM":"Jammu & Kashmir"}},
{"type":"Feature","geometry":{"type":"Polygon","coordinates":[[[81.542,25.185],[81.5,25.145],[81.492,25.072],[81.358,25.164],[81.277,25.162],[81.27,25.065],[81.125,24.898],[81.053,24.796],[81.177,24.692],[81.157,24.542],[81.225,24.491],[81.291,24.396],[81.306,24.322],[81.549,24.442],[81.738,24.512],[81.765,24.503],[81.787,24.505],[82.199,24.616],[82.299,24.596],[82.307,24.599],[82.302,24.611],[82.251,24.699],[82.247,24.752],[82.108,24.807],[82.09,24.819],[82.073,24.821],[82.013,24.848],[81.963,24.836],[81.911,24.881],[81.91,24.98],[81.8,25.007],[81.655,25.072],[81.599,25.12],[81.628,25.152],[81.542,25.185]]]},"properties":{"DISTRICT":"Rewa","ST_NM":"Madhya Pradesh"}},
{"type":"Feature","geometry":{"type":"Polygon","coordinates":[[[76.863,28.22],[76.855,28.235],[76.682,28.263],[76.665,28.371],[76.667,28.378],[76.667,28.381],[76.45,28.427],[76.432,28.462],[76.376,28.428],[76.35,28.436],[76.3,28.432],[76.3,28.425],[76.291,28.425],[76.291,28.423],[76.331,28.365],[76.36,28.346],[76.345,28.223],[76.316,28.179],[76.368,28.139],[76.481,28.145],[76.547,28.034],[76.539,27.974],[76.669,28.014],[76.657,28.087],[76.8,28.152],[76.863,28.22]]]},"properties":{"DISTRICT":"Rewari","ST_NM":"Haryana"}},
{"type":"Feature","geometry":{"type":"Polygon","coordinates":[[[92.136,25.641],[92.162,25.672],[92.155,25.811],[92.183,25.87],[92.168,25.963],[92.304,26.075],[92.18,26.078],[92.135,26.044],[91.886,26.029],[91.878,26.096],[91.822,26.118],[91.734,26.058],[91.723,25.953],[91.672,25.904],[91.633,25.944],[91.635,26.021],[91.573,26.026],[91.478,25.856],[91.472,25.858],[91.471,25.858],[91.345,25.835],[91.362,25.806],[91.461,25.788],[91.59,25.811],[91.701,25.804],[91.753,25.827],[91.831,25.688],[91.811,25.643],[92.136,25.641]]]},"properties":{"DISTRICT":"Ri Bhoi","ST_NM":"Meghalaya"}},
{"type":"Feature","geometry":{"type":"Polygon","coordinates":[[[76.407,28.682],[76.453,28.737],[76.576,28.736],[76.648,28.806],[76.785,28.743],[76.903,28.862],[76.812,28.865],[76.732,29.009],[76.679,29.063],[76.567,29.067],[76.479,29.096],[76.302,29.087],[76.235,29.052],[76.22,28.981],[76.237,28.901],[76.3,28.905],[76.36,28.866],[76.333,28.806],[76.406,28.751],[76.406,28.681],[76.407,28.682]]]},"properties":{"DISTRICT":"Rohtak","ST_NM":"Haryana"}},
{"type":"Feature","geometry":{"type":"Polygon","coordinates":[[[84.448,25.128],[84.466,25.161],[84.321,25.215],[84.336,25.298],[84.279,25.353],[84.275,25.36],[84.046,25.374],[84.06,25.307],[83.99,25.264],[83.906,25.294],[83.9,25.293],[83.897,25.289],[83.899,25.262],[83.835,25.243],[83.809,25.114],[83.812,24.96],[83.72,24.832],[83.777,24.794],[83.733,24.647],[83.749,24.577],[83.709,24.542],[83.664,24.554],[83.608,24.541],[83.557,24.543],[83.534,24.542],[83.53,24.543],[83.525,24.548],[83.506,24.526],[83.756,24.51],[83.79,24.523],[83.866,24.536],[83.876,24.532],[83.936,24.547],[84,24.637],[84.09,24.77],[84.31,25.002],[84.425,25.079],[84.448,25.128]]]},"properties":{"DISTRICT":"Rohtas","ST_NM":"Bihar"}},
{"type":"Feature","geometry":{"type":"Polygon","coordinates":[[[79.279,30.726],[79.275,30.725],[79.259,30.724],[79.249,30.733],[79.217,30.74],[79.091,30.776],[79.033,30.807],[79.018,30.753],[78.915,30.691],[78.909,30.626],[78.859,30.551],[78.87,30.515],[78.837,30.393],[78.896,30.257],[79.047,30.31],[79.08,30.22],[79.159,30.332],[79.169,30.437],[79.264,30.568],[79.357,30.628],[79.308,30.675],[79.3,30.717],[79.296,30.72],[79.29,30.723],[79.279,30.726]]]},"properties":{"DISTRICT":"Rudraprayag","ST_NM":"Uttarakhand"}},
{"type":"Feature","geometry":{"type":"Polygon","coordinates":[[[76.396,31.408],[76.291,31.307],[76.339,31.226],[76.512,30.98],[76.362,30.971],[76.308,30.992],[76.337,30.859],[76.471,30.746],[76.533,30.765],[76.56,30.865],[76.568,30.868],[76.686,30.918],[76.693,30.926],[76.715,30.929],[76.731,30.935],[76.739,30.939],[76.624,31.001],[76.64,31.107],[76.604,31.18],[76.649,31.21],[76.442,31.322],[76.396,31.408]]]},"properties":{"DISTRICT":"Rupnagar","ST_NM":"Punjab"}},
{"type":"Feature","geometry":{"type":"Polygon","coordinates":[[[72.865,24.016],[72.816,23.945],[72.788,23.833],[72.798,23.74],[72.833,23.67],[72.808,23.503],[72.802,23.502],[72.796,23.423],[72.763,23.353],[72.861,23.312],[72.959,23.243],[72.973,23.167],[73.015,23.161],[73.157,23.189],[73.174,23.142],[73.274,23.059],[73.329,23.082],[73.376,23.173],[73.375,23.237],[73.453,23.283],[73.526,23.286],[73.615,23.39],[73.629,23.451],[73.657,23.622],[73.567,23.652],[73.366,23.814],[73.356,23.854],[73.416,23.922],[73.41,24.05],[73.323,24.062],[73.249,24.011],[73.197,24.045],[73.22,24.098],[73.119,24.14],[73.079,24.185],[73.112,24.262],[73.183,24.335],[73.081,24.394],[73.103,24.42],[73.009,24.482],[72.977,24.451],[72.961,24.351],[72.969,24.303],[73.03,24.281],[72.903,24.022],[72.865,24.016]]]},"properties":{"DISTRICT":"Sabar Kantha","ST_NM":"Gujarat"}},
{"type":"Feature","geometry":{"type":"Polygon","coordinates":[[[78.072,24.256],[78.134,24.211],[78.118,24.041],[78.182,24.011],[78.212,24.068],[78.278,24.029],[78.299,23.828],[78.26,23.724],[78.293,23.674],[78.377,23.654],[78.369,23.726],[78.433,23.744],[78.506,23.556],[78.594,23.547],[78.738,23.576],[78.623,23.418],[78.664,23.333],[78.719,23.351],[78.807,23.236],[78.981,23.198],[79.097,23.201],[79.148,23.171],[79.19,23.22],[79.236,23.339],[79.193,23.363],[79.183,23.431],[79.286,23.477],[79.332,23.526],[79.298,23.573],[79.285,23.745],[79.113,23.88],[79.076,23.931],[79.182,24.008],[79.146,24.101],[79.076,24.129],[79.05,24.223],[79.173,24.277],[79.233,24.339],[79.239,24.416],[79.168,24.43],[79.073,24.403],[78.994,24.419],[78.975,24.353],[78.914,24.297],[78.865,24.209],[78.791,24.181],[78.761,24.243],[78.705,24.23],[78.624,24.292],[78.585,24.353],[78.506,24.39],[78.441,24.293],[78.392,24.269],[78.333,24.334],[78.369,24.374],[78.267,24.449],[78.093,24.319],[78.072,24.256]]]},"properties":{"DISTRICT":"Sagar","ST_NM":"Madhya Pradesh"}},
{"type":"Feature","geometry":{"type":"Polygon","coordinates":[[[77.576,30.4],[77.588,30.38],[77.583,30.306],[77.413,30.108],[77.283,30.044],[77.223,29.936],[77.164,29.788],[77.125,29.744],[77.144,29.695],[77.3,29.671],[77.342,29.645],[77.446,29.67],[77.489,29.632],[77.744,29.604],[77.823,29.667],[77.77,29.711],[77.777,29.78],[77.716,29.862],[77.771,30.041],[77.833,30.088],[77.945,30.242],[77.724,30.334],[77.649,30.405],[77.576,30.4]]]},"properties":{"DISTRICT":"Saharanpur","ST_NM":"Uttar Pradesh"}},
{"type":"Feature","geometry":{"type":"Polygon","coordinates":[[[86.311,25.867],[86.362,25.856],[86.414,25.794],[86.417,25.728],[86.512,25.611],[86.734,25.661],[86.808,25.638],[86.877,25.716],[86.841,25.867],[86.713,25.867],[86.676,25.936],[86.618,25.947],[86.635,26.028],[86.552,26.035],[86.517,25.998],[86.429,26.075],[86.377,26.044],[86.369,25.938],[86.311,25.867]]]},"properties":{"DISTRICT":"Saharsa","ST_NM":"Bihar"}},
{"type":"Feature","geometry":{"type":"Polygon","coordinates":[[[87.478,25.195],[87.476,25.106],[87.519,25.057],[87.459,24.933],[87.511,24.797],[87.575,24.81],[87.712,24.734],[87.722,24.764],[87.837,24.747],[87.902,24.855],[87.972,24.882],[87.967,24.937],[87.87,25.041],[87.778,25.1],[87.793,25.221],[87.714,25.257],[87.69,25.311],[87.658,25.308],[87.613,25.312],[87.553,25.331],[87.544,25.297],[87.479,25.241],[87.478,25.195]]]},"properties":{"DISTRICT":"Sahibganj","ST_NM":"Jharkhand"}},
{"type":"Feature","geometry":{"type":"Polygon","coordinates":[[[76.93,30.5],[76.931,30.503],[76.898,30.536],[76.926,30.596],[76.833,30.682],[76.728,30.71],[76.704,30.756],[76.773,30.795],[76.841,30.76],[76.841,30.829],[76.783,30.903],[76.74,30.936],[76.739,30.939],[76.731,30.935],[76.715,30.929],[76.693,30.926],[76.686,30.918],[76.568,30.868],[76.56,30.865],[76.533,30.765],[76.541,30.758],[76.58,30.647],[76.63,30.646],[76.668,30.584],[76.723,30.562],[76.805,30.478],[76.77,30.434],[76.903,30.433],[76.929,30.495],[76.93,30.5]]]},"properties":{"DISTRICT":"Sahibzada Ajit Singh Nagar","ST_NM":"Punjab"}},
{"type":"Feature","geometry":{"type":"Polygon","coordinates":[[[92.855,22.064],[92.939,22.016],[92.998,22.053],[93.044,22.136],[93.051,22.201],[93.16,22.179],[93.149,22.245],[93.199,22.278],[93.188,22.424],[93.132,22.472],[93.113,22.552],[93.143,22.583],[93.096,22.698],[93.102,22.784],[93.032,22.796],[93.006,22.754],[92.92,22.764],[92.955,22.627],[92.935,22.555],[92.932,22.395],[92.866,22.324],[92.826,22.33],[92.855,22.064]]]},"properties":{"DISTRICT":"Saiha","ST_NM":"Mizoram"}},
{"type":"Feature","geometry":{"type":"Polygon","coordinates":[[[77.676,11.949],[77.669,11.821],[77.723,11.792],[77.693,11.716],[77.703,11.631],[77.739,11.602],[77.734,11.511],[77.696,11.458],[77.77,11.479],[77.83,11.464],[77.874,11.409],[77.972,11.466],[77.982,11.526],[78.058,11.512],[78.104,11.553],[78.159,11.535],[78.329,11.555],[78.452,11.593],[78.446,11.398],[78.486,11.403],[78.552,11.357],[78.556,11.315],[78.665,11.372],[78.652,11.42],[78.7,11.453],[78.791,11.452],[78.845,11.52],[78.829,11.576],[78.779,11.604],[78.782,11.699],[78.651,11.664],[78.641,11.76],[78.695,11.846],[78.627,11.864],[78.543,11.8],[78.454,11.824],[78.256,11.935],[78.235,11.975],[78.146,11.962],[77.974,11.893],[77.867,11.913],[77.847,11.893],[77.676,11.949]]]},"properties":{"DISTRICT":"Salem","ST_NM":"Tamil Nadu"}},
{"type":"Feature","geometry":{"type":"Polygon","coordinates":[[[86.293,25.64],[86.417,25.728],[86.414,25.794],[86.362,25.856],[86.311,25.867],[86.267,25.908],[86.212,25.888],[86.11,25.894],[86.04,25.947],[85.982,25.937],[85.874,25.985],[85.867,26.022],[85.719,26.047],[85.715,26.09],[85.681,26.027],[85.627,26.005],[85.633,25.923],[85.606,25.797],[85.612,25.707],[85.573,25.68],[85.534,25.585],[85.539,25.505],[85.639,25.463],[85.736,25.527],[85.775,25.588],[85.843,25.576],[85.843,25.645],[85.946,25.653],[86.026,25.603],[86.018,25.706],[86.152,25.765],[86.194,25.663],[86.293,25.64]]]},"properties":{"DISTRICT":"Samastipur","ST_NM":"Bihar"}},
{"type":"Feature","geometry":{"type":"Polygon","coordinates":[[[74.83,32.486],[74.947,32.443],[75.033,32.493],[75.11,32.47],[75.13,32.406],[75.201,32.409],[75.246,32.541],[75.31,32.562],[75.372,32.63],[75.293,32.643],[75.2,32.712],[75.161,32.77],[75.051,32.723],[74.976,32.662],[74.947,32.596],[74.83,32.486]]]},"properties":{"DISTRICT":"Samba","ST_NM":"Jammu & Kashmir"}},
{"type":"Feature","geometry":{"type":"Polygon","coordinates":[[[84.745,21.171],[84.728,21.224],[84.766,21.272],[84.717,21.315],[84.574,21.262],[84.538,21.381],[84.482,21.424],[84.512,21.559],[84.491,21.638],[84.513,21.683],[84.628,21.695],[84.68,21.735],[84.594,21.758],[84.529,21.813],[84.539,21.86],[84.504,21.978],[84.514,22.053],[84.478,22.189],[84.279,22.108],[84.27,22.014],[84.358,22.037],[84.393,21.992],[84.297,21.796],[84.19,21.754],[84.115,21.789],[83.969,21.755],[83.981,21.595],[83.964,21.571],[83.815,21.591],[83.8,21.566],[83.847,21.527],[83.887,21.439],[83.872,21.311],[83.913,21.246],[83.896,21.178],[83.986,21.135],[83.991,21.079],[84.048,21.044],[84.148,21.036],[84.242,20.926],[84.283,20.927],[84.407,20.979],[84.485,21.083],[84.572,21.066],[84.671,21.086],[84.686,21.149],[84.745,21.171]]]},"properties":{"DISTRICT":"Sambalpur","ST_NM":"Odisha"}},
{"type":"Feature","geometry":{"type":"Polygon","coordinates":[[[75.343,16.954],[75.466,16.987],[75.491,16.947],[75.569,16.965],[75.644,16.953],[75.667,16.985],[75.673,17.115],[75.63,17.162],[75.656,17.272],[75.604,17.305],[75.515,17.239],[75.422,17.265],[75.225,17.183],[75.248,17.255],[75.017,17.225],[74.926,17.145],[74.867,17.195],[74.914,17.275],[74.962,17.293],[75.007,17.368],[75.041,17.474],[74.985,17.466],[74.941,17.513],[74.906,17.627],[74.859,17.556],[74.861,17.506],[74.81,17.452],[74.7,17.455],[74.695,17.391],[74.535,17.416],[74.495,17.383],[74.298,17.421],[74.262,17.384],[74.294,17.315],[74.257,17.293],[74.279,17.172],[74.037,17.091],[73.885,17.156],[73.833,17.227],[73.732,17.274],[73.696,17.263],[73.709,17.17],[73.781,17.18],[73.849,17.153],[73.915,17.074],[74.023,16.984],[74.039,16.924],[74.25,16.886],[74.298,16.892],[74.414,16.842],[74.496,16.856],[74.559,16.807],[74.632,16.786],[74.693,16.717],[74.912,16.787],[74.908,16.857],[75,16.947],[75.091,16.923],[75.227,16.843],[75.28,16.876],[75.282,16.955],[75.343,16.954]]]},"properties":{"DISTRICT":"Sangli","ST_NM":"Maharashtra"}},
{"type":"Feature","geometry":{"type":"Polygon","coordinates":[[[75.579,30.143],[75.687,30.007],[75.647,29.952],[75.733,29.933],[75.775,29.835],[75.737,29.809],[75.831,29.812],[75.874,29.749],[75.949,29.73],[76.052,29.745],[76.102,29.807],[76.06,29.868],[75.983,29.907],[76.032,29.964],[76.012,30.018],[76.106,30.114],[76.05,30.189],[76.203,30.284],[76.156,30.314],[75.99,30.338],[76.081,30.459],[76.081,30.512],[76.088,30.527],[76.084,30.562],[76.028,30.615],[75.929,30.576],[75.876,30.638],[75.791,30.66],[75.74,30.629],[75.656,30.635],[75.662,30.631],[75.668,30.623],[75.665,30.613],[75.686,30.608],[75.657,30.544],[75.663,30.301],[75.726,30.279],[75.561,30.199],[75.579,30.143]]]},"properties":{"DISTRICT":"Sangrur","ST_NM":"Punjab"}},
{"type":"Feature","geometry":{"type":"Polygon","coordinates":[[[83.071,26.408],[83.097,26.484],[83.155,26.542],[83.09,26.715],[83.135,26.864],[83.217,26.884],[83.227,26.987],[83.174,27.002],[83.128,27.102],[83.034,27.096],[82.947,27.021],[82.905,27.021],[82.915,26.959],[82.866,26.939],[82.84,26.842],[82.98,26.731],[82.884,26.571],[82.882,26.54],[83.025,26.474],[83.071,26.408]]]},"properties":{"DISTRICT":"Sant Kabir Nagar","ST_NM":"Uttar Pradesh"}},
{"type":"Feature","geometry":{"type":"Polygon","coordinates":[[[82.269,25.182],[82.244,25.215],[82.3,25.272],[82.333,25.213],[82.402,25.26],[82.539,25.239],[82.672,25.248],[82.702,25.326],[82.694,25.394],[82.545,25.437],[82.506,25.472],[82.381,25.518],[82.353,25.514],[82.349,25.528],[82.342,25.534],[82.336,25.536],[82.33,25.536],[82.329,25.534],[82.327,25.533],[82.327,25.53],[82.329,25.525],[82.339,25.512],[82.329,25.498],[82.318,25.521],[82.305,25.495],[82.311,25.461],[82.318,25.397],[82.313,25.386],[82.316,25.374],[82.308,25.369],[82.319,25.343],[82.302,25.308],[82.222,25.276],[82.205,25.19],[82.269,25.182]]]},"properties":{"DISTRICT":"Sant Ravi Das Nagar(bhadohi)","ST_NM":"Uttar Pradesh"}},
{"type":"Feature","geometry":{"type":"Polygon","coordinates":[[[85.517,22.809],[85.649,22.849],[85.702,22.807],[85.727,22.685],[85.828,22.719],[85.91,22.603],[85.899,22.526],[85.967,22.482],[86.068,22.552],[86.157,22.637],[86.159,22.748],[86.197,22.818],[86.198,22.969],[86.24,22.996],[86.181,23.016],[86.122,23.096],[86.043,23.146],[85.921,23.132],[85.895,23.154],[85.808,23.053],[85.87,22.912],[85.829,22.904],[85.705,22.944],[85.614,22.933],[85.541,22.866],[85.517,22.809]]]},"properties":{"DISTRICT":"Saraikela-kharsawan","ST_NM":"Jharkhand"}},
{"type":"Feature","geometry":{"type":"Polygon","coordinates":[[[84.604,25.738],[84.631,25.706],[84.854,25.695],[84.953,25.702],[85.031,25.732],[85.088,25.711],[85.142,25.626],[85.195,25.624],[85.2,25.675],[85.167,25.833],[85.125,25.853],[85.07,25.971],[84.94,26.017],[84.952,26.105],[84.899,26.215],[84.763,26.211],[84.781,26.176],[84.708,26.083],[84.616,26.083],[84.573,26.033],[84.416,26.032],[84.459,25.888],[84.537,25.876],[84.629,25.791],[84.604,25.738]]]},"properties":{"DISTRICT":"Saran (chhapra)","ST_NM":"Bihar"}},
{"type":"Feature","geometry":{"type":"Polygon","coordinates":[[[73.659,18.028],[73.636,17.968],[73.547,17.904],[73.57,17.877],[73.603,17.795],[73.566,17.722],[73.657,17.699],[73.703,17.658],[73.742,17.531],[73.661,17.376],[73.696,17.263],[73.732,17.274],[73.833,17.227],[73.885,17.156],[74.037,17.091],[74.279,17.172],[74.257,17.293],[74.294,17.315],[74.262,17.384],[74.298,17.421],[74.495,17.383],[74.535,17.416],[74.695,17.391],[74.7,17.455],[74.81,17.452],[74.861,17.506],[74.859,17.556],[74.906,17.627],[74.889,17.675],[74.82,17.747],[74.714,17.783],[74.679,17.85],[74.626,17.831],[74.668,17.975],[74.71,18.029],[74.376,18.074],[74.303,18.069],[74.241,18.097],[74.077,18.121],[73.902,18.161],[73.858,18.032],[73.792,18.022],[73.706,18.048],[73.659,18.028]]]},"properties":{"DISTRICT":"Satara","ST_NM":"Maharashtra"}},
{"type":"Feature","geometry":{"type":"Polygon","coordinates":[[[80.481,24.976],[80.497,24.91],[80.58,24.9],[80.634,24.865],[80.441,24.747],[80.368,24.691],[80.464,24.584],[80.425,24.442],[80.462,24.436],[80.579,24.3],[80.623,24.159],[80.358,23.967],[80.485,23.995],[80.738,24.135],[80.714,24.07],[80.758,24.029],[80.84,24.026],[80.866,24.075],[80.958,24.066],[80.977,24.068],[80.986,24.078],[81.004,24.093],[81.012,24.092],[81.128,24.134],[81.201,24.11],[81.286,24.19],[81.348,24.19],[81.391,24.265],[81.352,24.254],[81.306,24.322],[81.291,24.396],[81.225,24.491],[81.157,24.542],[81.177,24.692],[81.053,24.796],[81.125,24.898],[81.085,24.949],[80.865,24.932],[80.879,25.067],[80.827,25.127],[80.759,25.138],[80.723,25.064],[80.682,25.05],[80.603,25.151],[80.587,25.084],[80.514,25.04],[80.481,24.976]]]},"properties":{"DISTRICT":"Satna","ST_NM":"Madhya Pradesh"}},
{"type":"Feature","geometry":{"type":"Polygon","coordinates":[[[77.17,23.687],[77.139,23.641],[77.15,23.574],[77.052,23.481],[76.997,23.399],[76.994,23.285],[76.894,23.206],[76.899,23.133],[76.864,23.105],[76.734,23.142],[76.688,23.192],[76.628,23.137],[76.538,23.129],[76.462,23.071],[76.452,22.929],[76.521,22.862],[76.52,22.818],[76.581,22.773],[76.626,22.798],[76.789,22.834],[76.827,22.868],[77,22.868],[77.041,22.672],[77.088,22.654],[77.124,22.559],[77.207,22.569],[77.268,22.608],[77.35,22.599],[77.58,22.676],[77.619,22.742],[77.734,22.755],[77.841,22.861],[77.939,22.8],[78.029,22.803],[78.034,22.908],[77.965,22.961],[77.844,22.94],[77.778,22.897],[77.684,22.875],[77.629,22.831],[77.438,22.92],[77.365,23.001],[77.383,23.089],[77.286,23.104],[77.241,23.194],[77.19,23.242],[77.183,23.311],[77.298,23.432],[77.276,23.61],[77.17,23.687]]]},"properties":{"DISTRICT":"Sehore","ST_NM":"Madhya Pradesh"}},
{"type":"Feature","geometry":{"type":"Polygon","coordinates":[[[93.774,24.737],[93.848,24.951],[93.915,25],[93.955,24.938],[94.047,24.957],[94.062,24.887],[94.127,24.9],[94.061,24.703],[94.087,24.693],[94.15,24.618],[94.203,24.626],[94.184,24.766],[94.15,24.875],[94.174,24.926],[94.121,25.069],[94.132,25.112],[94.299,25.249],[94.381,25.357],[94.378,25.388],[94.492,25.608],[94.424,25.547],[94.302,25.489],[94.222,25.491],[94.194,25.547],[94.138,25.519],[94.012,25.57],[93.943,25.559],[93.836,25.559],[93.764,25.511],[93.808,25.461],[93.922,25.397],[93.893,25.351],[93.955,25.286],[93.83,25.221],[93.778,25.15],[93.804,25.06],[93.794,24.962],[93.706,24.911],[93.717,24.82],[93.665,24.793],[93.7,24.612],[93.725,24.592],[93.774,24.737]]]},"properties":{"DISTRICT":"Senapati","ST_NM":"Manipur"}},
{"type":"Feature","geometry":{"type":"Polygon","coordinates":[[[80.1,22.34],[80.093,22.427],[80.055,22.458],[80.009,22.578],[80.113,22.627],[80.193,22.603],[80.281,22.786],[80.216,22.801],[80.185,22.766],[80.075,22.758],[79.964,22.853],[79.9,22.863],[79.838,22.831],[79.723,22.92],[79.623,22.955],[79.625,22.873],[79.545,22.818],[79.514,22.72],[79.413,22.722],[79.326,22.616],[79.342,22.483],[79.288,22.323],[79.364,22.264],[79.343,22.159],[79.409,22.04],[79.277,21.831],[79.277,21.773],[79.234,21.721],[79.291,21.693],[79.495,21.673],[79.512,21.589],[79.608,21.676],[79.672,21.693],[79.692,21.799],[79.77,21.807],[79.801,21.858],[79.924,21.971],[79.929,22.062],[80.071,22.081],[80.036,22.186],[80.097,22.245],[80.1,22.34]]]},"properties":{"DISTRICT":"Seoni","ST_NM":"Madhya Pradesh"}},
{"type":"Feature","geometry":{"type":"Polygon","coordinates":[[[92.689,23.328],[92.691,23.243],[92.817,23.226],[92.867,23.177],[92.925,23.187],[92.96,23.116],[93.128,23.003],[93.197,23.055],[93.165,23.179],[93.051,23.213],[93.015,23.274],[93.047,23.315],[93.045,23.411],[92.948,23.514],[92.881,23.519],[92.781,23.3],[92.689,23.328]]]},"properties":{"DISTRICT":"Serchhip","ST_NM":"Mizoram"}},
{"type":"Feature","geometry":{"type":"Polygon","coordinates":[[[81.981,23.416],[81.979,23.419],[81.924,23.531],[81.835,23.51],[81.737,23.564],[81.701,23.522],[81.613,23.509],[81.621,23.659],[81.695,23.72],[81.605,23.887],[81.503,23.994],[81.539,24.07],[81.474,24.171],[81.481,24.24],[81.391,24.265],[81.348,24.19],[81.286,24.19],[81.201,24.11],[81.128,24.134],[81.012,24.092],[81.007,24.088],[81.002,24.085],[81.003,24.071],[81.073,23.963],[81.131,23.967],[81.162,23.891],[81.224,23.855],[81.182,23.796],[81.248,23.725],[81.229,23.679],[81.252,23.577],[81.301,23.558],[81.293,23.496],[81.349,23.35],[81.257,23.209],[81.333,23.147],[81.318,23.11],[81.442,23.057],[81.552,23.092],[81.602,23.193],[81.758,23.214],[81.789,23.259],[81.872,23.239],[81.872,23.297],[81.97,23.371],[81.981,23.416]]]},"properties":{"DISTRICT":"Shahdol","ST_NM":"Madhya Pradesh"}},
{"type":"Feature","geometry":{"type":"Polygon","coordinates":[[[75.892,31.276],[75.788,31.199],[75.853,31.182],[75.928,31.094],[75.954,31.012],[76,30.989],[76.135,30.986],[76.214,31.006],[76.308,30.992],[76.362,30.971],[76.512,30.98],[76.339,31.226],[76.239,31.238],[76.173,31.136],[76.053,31.227],[75.892,31.276]]]},"properties":{"DISTRICT":"Shahid Bhagat Singh Nagar","ST_NM":"Punjab"}},
{"type":"Feature","geometry":{"type":"Polygon","coordinates":[[[79.498,28.02],[79.46,27.849],[79.357,27.79],[79.35,27.652],[79.445,27.64],[79.48,27.596],[79.59,27.591],[79.653,27.614],[79.664,27.495],[79.716,27.473],[79.728,27.537],[79.696,27.653],[79.767,27.713],[79.814,27.657],[79.882,27.7],[80.059,27.741],[80.063,27.77],[80.037,27.837],[80.124,27.996],[80.207,28.03],[80.302,28.152],[80.307,28.259],[80.368,28.332],[80.301,28.453],[80.172,28.352],[80.108,28.383],[80.072,28.332],[80.015,28.358],[79.942,28.311],[79.965,28.168],[79.937,28.116],[79.84,28.209],[79.782,28.16],[79.714,28.205],[79.685,28.263],[79.586,28.091],[79.498,28.02]]]},"properties":{"DISTRICT":"Shahjahanpur","ST_NM":"Uttar Pradesh"}},
{"type":"Feature","geometry":{"type":"Polygon","coordinates":[[[76.538,23.129],[76.628,23.137],[76.688,23.192],[76.734,23.142],[76.864,23.105],[76.899,23.133],[76.894,23.206],[76.994,23.285],[76.997,23.399],[77.052,23.481],[76.963,23.501],[76.695,23.487],[76.603,23.561],[76.529,23.572],[76.49,23.511],[76.405,23.672],[76.398,23.762],[76.315,23.921],[76.266,24.053],[76.204,24.1],[76.219,24.213],[76.198,24.281],[76.126,24.201],[76.137,24.091],[76.046,24.07],[75.963,24.021],[75.978,23.929],[75.855,23.89],[75.724,23.823],[75.686,23.757],[75.691,23.747],[75.784,23.723],[75.852,23.57],[76.063,23.562],[76.196,23.499],[76.209,23.386],[76.182,23.276],[76.113,23.241],[76.158,23.222],[76.409,23.217],[76.509,23.179],[76.538,23.129]]]},"properties":{"DISTRICT":"Shajapur","ST_NM":"Madhya Pradesh"}},
{"type":"Feature","geometry":{"type":"Polygon","coordinates":[[[85.912,25.013],[85.989,25.156],[85.919,25.239],[85.829,25.218],[85.702,25.27],[85.688,25.136],[85.641,25.099],[85.777,25.093],[85.767,25.028],[85.838,24.983],[85.912,25.013]]]},"properties":{"DISTRICT":"Sheikhpura","ST_NM":"Bihar"}},
{"type":"Feature","geometry":{"type":"Polygon","coordinates":[[[85.267,26.399],[85.283,26.449],[85.383,26.491],[85.349,26.632],[85.269,26.638],[85.264,26.59],[85.186,26.498],[85.211,26.427],[85.267,26.399]]]},"properties":{"DISTRICT":"Sheohar","ST_NM":"Bihar"}},
{"type":"Feature","geometry":{"type":"Polygon","coordinates":[[[77.116,26.22],[77.112,26.214],[77.112,26.204],[77.103,26.19],[77.091,26.182],[77.059,26.181],[77.03,26.171],[77.001,26.133],[76.901,26.093],[76.851,26.034],[76.801,25.939],[76.739,25.897],[76.647,25.901],[76.572,25.835],[76.535,25.793],[76.516,25.668],[76.525,25.525],[76.579,25.432],[76.607,25.384],[76.775,25.307],[76.859,25.325],[76.964,25.292],[77.03,25.296],[77.081,25.335],[77.09,25.38],[77.187,25.514],[77.295,25.534],[77.257,25.594],[77.282,25.63],[77.276,25.72],[77.326,25.786],[77.4,25.782],[77.442,25.891],[77.558,25.814],[77.651,25.906],[77.599,25.918],[77.641,25.962],[77.615,26.03],[77.552,26.024],[77.403,26.153],[77.206,26.113],[77.175,26.175],[77.152,26.162],[77.148,26.192],[77.137,26.203],[77.116,26.22]]]},"properties":{"DISTRICT":"Sheopur","ST_NM":"Madhya Pradesh"}},
{"type":"Feature","geometry":{"type":"Polygon","coordinates":[[[77.805,30.921],[77.839,31.001],[77.819,31.049],[77.917,31.154],[78.107,31.188],[78.163,31.227],[78.248,31.23],[78.314,31.283],[78.307,31.286],[78.295,31.293],[78.241,31.341],[78.089,31.422],[77.964,31.403],[77.903,31.443],[77.845,31.527],[77.825,31.638],[77.772,31.704],[77.751,31.714],[77.716,31.704],[77.686,31.704],[77.648,31.658],[77.656,31.578],[77.709,31.502],[77.632,31.45],[77.634,31.397],[77.532,31.353],[77.43,31.342],[77.402,31.362],[77.387,31.361],[77.385,31.358],[77.372,31.359],[77.364,31.356],[77.358,31.352],[77.353,31.346],[77.348,31.336],[77.341,31.323],[77.337,31.298],[77.306,31.271],[77.133,31.229],[77.032,31.275],[77.005,31.237],[77.02,31.219],[77.006,31.181],[77.034,31.159],[77.026,31.087],[77.087,31.043],[77.145,31.021],[77.149,31.009],[77.171,31.005],[77.177,31.008],[77.179,31.008],[77.181,31.009],[77.186,31.009],[77.246,30.919],[77.374,31.022],[77.441,30.976],[77.411,30.926],[77.493,30.794],[77.587,30.776],[77.602,30.781],[77.62,30.794],[77.624,30.808],[77.702,30.764],[77.798,30.867],[77.805,30.921]]]},"properties":{"DISTRICT":"Shimla","ST_NM":"Himachal Pradesh"}},
{"type":"Feature","geometry":{"type":"Polygon","coordinates":[[[75.88,13.81],[75.827,13.972],[75.814,14.098],[75.586,14.057],[75.516,14.096],[75.4,14.114],[75.479,14.215],[75.529,14.21],[75.536,14.277],[75.371,14.37],[75.347,14.483],[75.265,14.579],[75.208,14.615],[75.051,14.649],[74.979,14.552],[74.906,14.529],[74.922,14.433],[74.976,14.335],[74.926,14.322],[74.919,14.231],[74.717,14.234],[74.667,14.188],[74.64,14.097],[74.678,14.038],[74.668,13.984],[74.717,13.907],[74.792,13.914],[74.914,13.857],[74.933,13.776],[74.999,13.739],[75.017,13.637],[75.06,13.593],[75.049,13.541],[75.14,13.463],[75.224,13.528],[75.244,13.606],[75.342,13.587],[75.407,13.632],[75.395,13.7],[75.489,13.76],[75.536,13.731],[75.609,13.761],[75.733,13.769],[75.825,13.817],[75.88,13.81]]]},"properties":{"DISTRICT":"Shimoga","ST_NM":"Karnataka"}},
{"type":"Feature","geometry":{"type":"Polygon","coordinates":[[[78.172,24.843],[78.177,24.88],[78.334,24.995],[78.332,25.079],[78.45,25.124],[78.449,25.152],[78.451,25.168],[78.424,25.168],[78.392,25.19],[78.338,25.332],[78.301,25.362],[78.342,25.426],[78.429,25.474],[78.416,25.503],[78.416,25.528],[78.433,25.556],[78.444,25.559],[78.453,25.572],[78.457,25.573],[78.459,25.567],[78.461,25.564],[78.464,25.564],[78.466,25.57],[78.468,25.579],[78.468,25.584],[78.444,25.595],[78.414,25.57],[78.41,25.598],[78.389,25.607],[78.344,25.66],[78.322,25.673],[78.311,25.682],[78.31,25.688],[78.31,25.698],[78.308,25.704],[78.305,25.705],[78.301,25.7],[78.298,25.699],[78.283,25.701],[78.26,25.719],[78.214,25.739],[78.058,25.711],[77.918,25.753],[77.868,25.804],[77.798,25.824],[77.745,25.882],[77.713,25.879],[77.698,25.888],[77.693,25.908],[77.689,25.911],[77.685,25.913],[77.677,25.916],[77.651,25.906],[77.558,25.814],[77.442,25.891],[77.4,25.782],[77.326,25.786],[77.276,25.72],[77.282,25.63],[77.257,25.594],[77.295,25.534],[77.187,25.514],[77.09,25.38],[77.081,25.335],[77.159,25.308],[77.311,25.431],[77.412,25.221],[77.392,25.117],[77.308,25.079],[77.358,24.944],[77.45,24.928],[77.477,24.877],[77.563,24.871],[77.621,24.908],[77.706,24.852],[77.748,24.867],[77.826,25],[77.906,24.999],[78.008,24.961],[77.97,24.874],[78.031,24.837],[78.049,24.856],[78.08,24.846],[78.09,24.847],[78.112,24.835],[78.164,24.839],[78.172,24.843]]]},"properties":{"DISTRICT":"Shivpuri","ST_NM":"Madhya Pradesh"}},
{"type":"Feature","geometry":{"type":"Polygon","coordinates":[[[81.731,27.33],[81.797,27.296],[81.921,27.331],[81.933,27.42],[82.077,27.411],[82.036,27.57],[82.13,27.702],[82.145,27.767],[82.209,27.844],[82.126,27.866],[82.075,27.924],[81.971,27.929],[81.891,27.858],[81.75,27.948],[81.699,27.929],[81.626,27.848],[81.675,27.685],[81.679,27.584],[81.767,27.559],[81.671,27.438],[81.713,27.402],[81.731,27.33]]]},"properties":{"DISTRICT":"Shrawasti","ST_NM":"Uttar Pradesh"}},
{"type":"Feature","geometry":{"type":"Polygon","coordinates":[[[74.555,33.692],[74.605,33.673],[74.749,33.675],[74.779,33.625],[74.853,33.624],[74.882,33.673],[74.994,33.712],[75.022,33.793],[74.978,33.834],[74.885,33.83],[74.844,33.784],[74.78,33.804],[74.607,33.731],[74.555,33.692]]]},"properties":{"DISTRICT":"Shupiyan","ST_NM":"Jammu & Kashmir"}},
{"type":"Feature","geometry":{"type":"Polygon","coordinates":[[[94.596,27.145],[94.471,27.001],[94.49,26.834],[94.516,26.775],[94.596,26.725],[94.687,26.727],[94.738,26.764],[94.791,26.796],[94.887,26.927],[94.986,26.913],[95.087,26.947],[95.196,27.037],[95.249,27.024],[95.372,27.105],[95.359,27.168],[95.289,27.197],[95.163,27.131],[94.981,27.15],[94.97,27.229],[94.849,27.108],[94.766,27.128],[94.779,27.239],[94.754,27.269],[94.647,27.247],[94.596,27.145]]]},"properties":{"DISTRICT":"Sivasagar","ST_NM":"Assam"}},
{"type":"Feature","geometry":{"type":"Polygon","coordinates":[[[82.48,27.156],[82.478,27.162],[82.476,27.166],[82.568,27.075],[82.631,27.124],[82.759,27.105],[82.905,27.021],[82.947,27.021],[83.034,27.096],[83.128,27.102],[83.13,27.141],[83.293,27.337],[83.272,27.381],[83.184,27.453],[83.053,27.448],[82.926,27.5],[82.741,27.502],[82.761,27.432],[82.669,27.407],[82.599,27.421],[82.481,27.321],[82.514,27.218],[82.484,27.204],[82.44,27.173],[82.48,27.156]]]},"properties":{"DISTRICT":"Siddharth Nagar","ST_NM":"Uttar Pradesh"}},
{"type":"Feature","geometry":{"type":"Polygon","coordinates":[[[82.212,23.852],[82.241,23.892],[82.195,23.981],[82.094,23.992],[81.952,24.064],[81.879,24.124],[81.938,24.234],[82,24.238],[82.042,24.286],[82.166,24.361],[82.241,24.47],[82.339,24.511],[82.379,24.559],[82.307,24.599],[82.299,24.596],[82.199,24.616],[81.787,24.505],[81.765,24.503],[81.738,24.512],[81.549,24.442],[81.306,24.322],[81.352,24.254],[81.391,24.265],[81.481,24.24],[81.474,24.171],[81.539,24.07],[81.503,23.994],[81.605,23.887],[81.669,23.924],[81.71,23.861],[81.819,23.808],[81.958,23.851],[81.97,23.855],[82.053,23.819],[82.177,23.823],[82.212,23.852]]]},"properties":{"DISTRICT":"Sidhi","ST_NM":"Madhya Pradesh"}},
{"type":"Feature","geometry":{"type":"Polygon","coordinates":[[[74.681,27.667],[74.762,27.568],[74.723,27.501],[74.857,27.45],[74.899,27.33],[75.009,27.347],[75.074,27.385],[75.168,27.316],[75.072,27.219],[75.179,27.141],[75.301,27.129],[75.316,27.159],[75.329,27.214],[75.392,27.23],[75.395,27.283],[75.477,27.289],[75.531,27.344],[75.614,27.315],[75.665,27.366],[75.794,27.381],[75.871,27.416],[75.939,27.497],[75.991,27.703],[76.035,27.732],[76.088,27.847],[75.983,27.86],[75.931,27.929],[75.77,27.833],[75.712,27.756],[75.689,27.674],[75.536,27.709],[75.418,27.644],[75.35,27.7],[75.289,27.716],[75.288,27.816],[75.242,27.81],[75.149,28.026],[75.103,28.064],[75.129,28.135],[75.081,28.19],[75.03,28.198],[74.893,28.192],[74.808,28.058],[74.781,27.956],[74.817,27.8],[74.741,27.764],[74.681,27.667]]]},"properties":{"DISTRICT":"Sikar","ST_NM":"Rajasthan"}},
{"type":"Feature","geometry":{"type":"Polygon","coordinates":[[[84.295,22.773],[84.232,22.737],[84.239,22.691],[84.157,22.636],[84.087,22.638],[84.012,22.571],[84.01,22.523],[84.144,22.469],[84.143,22.423],[84.201,22.374],[84.296,22.34],[84.433,22.355],[84.509,22.418],[84.639,22.431],[84.75,22.417],[84.808,22.446],[84.887,22.42],[85.069,22.481],[85.08,22.571],[85.046,22.675],[85.059,22.735],[84.979,22.785],[84.933,22.79],[84.795,22.754],[84.733,22.801],[84.696,22.742],[84.57,22.727],[84.551,22.791],[84.451,22.831],[84.418,22.765],[84.34,22.746],[84.295,22.773]]]},"properties":{"DISTRICT":"Simdega","ST_NM":"Jharkhand"}},
{"type":"Feature","geometry":{"type":"Polygon","coordinates":[[[74.211,15.781],[74.084,15.868],[74.084,16.004],[74.002,16.038],[73.999,16.087],[73.901,16.089],[73.856,16.145],[73.947,16.172],[73.916,16.248],[73.849,16.313],[73.888,16.449],[73.826,16.544],[73.854,16.65],[73.768,16.66],[73.768,16.603],[73.69,16.624],[73.661,16.576],[73.465,16.493],[73.366,16.516],[73.341,16.561],[73.315,16.539],[73.387,16.358],[73.474,16.096],[73.488,15.975],[73.59,15.91],[73.629,15.856],[73.676,15.728],[73.777,15.725],[73.857,15.8],[73.937,15.744],[73.968,15.631],[73.995,15.611],[74.119,15.652],[74.128,15.724],[74.211,15.781]]]},"properties":{"DISTRICT":"Sindhudurg","ST_NM":"Maharashtra"}},
{"type":"Feature","geometry":{"type":"Polygon","coordinates":[[[82.499,23.785],[82.637,23.838],[82.662,23.905],[82.756,23.921],[82.816,23.962],[82.754,24.012],[82.716,24.079],[82.735,24.222],[82.772,24.291],[82.769,24.371],[82.734,24.425],[82.724,24.555],[82.809,24.551],[82.774,24.64],[82.7,24.647],[82.674,24.698],[82.537,24.65],[82.527,24.676],[82.428,24.703],[82.417,24.596],[82.302,24.611],[82.307,24.599],[82.379,24.559],[82.339,24.511],[82.241,24.47],[82.166,24.361],[82.042,24.286],[82,24.238],[81.938,24.234],[81.879,24.124],[81.952,24.064],[82.094,23.992],[82.195,23.981],[82.241,23.892],[82.212,23.852],[82.239,23.806],[82.499,23.785]]]},"properties":{"DISTRICT":"Singrauli","ST_NM":"Madhya Pradesh"}},
{"type":"Feature","geometry":{"type":"Polygon","coordinates":[[[77.213,30.496],[77.213,30.495],[77.324,30.449],[77.359,30.457],[77.448,30.399],[77.504,30.413],[77.588,30.38],[77.576,30.4],[77.813,30.506],[77.819,30.556],[77.746,30.602],[77.789,30.636],[77.702,30.764],[77.624,30.808],[77.62,30.794],[77.602,30.781],[77.587,30.776],[77.493,30.794],[77.411,30.926],[77.441,30.976],[77.374,31.022],[77.246,30.919],[77.166,30.845],[77.018,30.748],[77.09,30.741],[77.167,30.684],[77.171,30.595],[77.126,30.564],[77.125,30.563],[77.213,30.502],[77.213,30.496]]]},"properties":{"DISTRICT":"Sirmaur","ST_NM":"Himachal Pradesh"}},
{"type":"Feature","geometry":{"type":"Polygon","coordinates":[[[72.961,24.351],[72.977,24.451],[73.009,24.482],[73.027,24.531],[73.138,24.688],[73.145,24.758],[73.143,24.843],[73.028,24.888],[73.008,24.922],[73.048,25.005],[73.131,25.065],[73.057,25.159],[72.999,25.144],[72.94,25.244],[72.828,25.287],[72.689,25.048],[72.658,25.041],[72.581,24.941],[72.506,24.923],[72.482,24.75],[72.373,24.761],[72.326,24.702],[72.335,24.625],[72.352,24.554],[72.459,24.409],[72.537,24.506],[72.654,24.457],[72.728,24.362],[72.864,24.366],[72.92,24.327],[72.961,24.351]]]},"properties":{"DISTRICT":"Sirohi","ST_NM":"Rajasthan"}},
{"type":"Feature","geometry":{"type":"Polygon","coordinates":[[[74.707,29.97],[74.65,29.922],[74.529,29.943],[74.563,29.865],[74.501,29.826],[74.481,29.744],[74.615,29.752],[74.581,29.555],[74.62,29.531],[74.579,29.405],[74.659,29.371],[74.785,29.359],[74.859,29.401],[74.936,29.363],[74.962,29.28],[75.033,29.289],[75.087,29.23],[75.244,29.249],[75.224,29.398],[75.285,29.463],[75.3,29.559],[75.183,29.628],[75.208,29.729],[75.241,29.75],[75.189,29.835],[75.112,29.801],[75.076,29.877],[75,29.855],[74.934,29.94],[74.811,29.992],[74.707,29.97]]]},"properties":{"DISTRICT":"Sirsa","ST_NM":"Haryana"}},
{"type":"Feature","geometry":{"type":"Polygon","coordinates":[[[85.769,26.436],[85.819,26.603],[85.724,26.681],[85.736,26.795],[85.678,26.845],[85.609,26.857],[85.455,26.781],[85.409,26.791],[85.337,26.741],[85.258,26.756],[85.269,26.638],[85.349,26.632],[85.383,26.491],[85.283,26.449],[85.267,26.399],[85.283,26.349],[85.372,26.342],[85.44,26.271],[85.51,26.382],[85.705,26.307],[85.71,26.446],[85.769,26.436]]]},"properties":{"DISTRICT":"Sitamarhi","ST_NM":"Bihar"}},
{"type":"Feature","geometry":{"type":"Polygon","coordinates":[[[81.303,27.681],[81.186,27.732],[81.181,27.785],[80.993,27.825],[81.01,27.88],[80.847,27.823],[80.725,27.806],[80.638,27.836],[80.606,27.75],[80.49,27.773],[80.312,27.679],[80.306,27.581],[80.354,27.484],[80.448,27.403],[80.518,27.267],[80.641,27.265],[80.728,27.235],[80.816,27.166],[80.827,27.101],[80.929,27.159],[80.966,27.221],[81.077,27.228],[81.118,27.275],[81.184,27.246],[81.297,27.337],[81.321,27.273],[81.377,27.27],[81.412,27.337],[81.321,27.502],[81.303,27.681]]]},"properties":{"DISTRICT":"Sitapur","ST_NM":"Uttar Pradesh"}},
{"type":"Feature","geometry":{"type":"Polygon","coordinates":[[[78.139,9.762],[78.153,9.752],[78.173,9.748],[78.21,9.78],[78.309,9.715],[78.419,9.596],[78.451,9.619],[78.617,9.536],[78.708,9.598],[78.82,9.593],[78.8,9.691],[78.762,9.772],[78.884,9.754],[78.873,9.861],[78.917,9.916],[78.991,9.945],[78.93,10.022],[78.909,10.129],[78.847,10.125],[78.811,10.211],[78.708,10.174],[78.647,10.258],[78.581,10.285],[78.515,10.265],[78.508,10.375],[78.458,10.407],[78.381,10.309],[78.413,10.213],[78.396,10.178],[78.458,10.1],[78.458,9.968],[78.32,9.923],[78.313,9.865],[78.156,9.873],[78.127,9.843],[78.14,9.761],[78.139,9.762]]]},"properties":{"DISTRICT":"Sivaganga","ST_NM":"Tamil Nadu"}},
{"type":"Feature","geometry":{"type":"Polygon","coordinates":[[[84.459,25.888],[84.416,26.032],[84.573,26.033],[84.616,26.083],[84.708,26.083],[84.781,26.176],[84.763,26.211],[84.591,26.323],[84.488,26.335],[84.436,26.374],[84.366,26.368],[84.279,26.306],[84.18,26.372],[84.166,26.259],[84.011,26.188],[84.058,26.097],[84.3,25.946],[84.36,25.957],[84.459,25.888]]]},"properties":{"DISTRICT":"Siwan","ST_NM":"Bihar"}},
{"type":"Feature","geometry":{"type":"Polygon","coordinates":[[[76.649,31.21],[76.604,31.18],[76.64,31.107],[76.624,31.001],[76.739,30.939],[76.74,30.936],[76.783,30.903],[76.866,30.867],[76.916,30.893],[77.018,30.748],[77.166,30.845],[77.246,30.919],[77.186,31.009],[77.181,31.009],[77.179,31.008],[77.177,31.008],[77.171,31.005],[77.149,31.009],[77.145,31.021],[77.087,31.043],[77.026,31.087],[77.034,31.159],[77.006,31.181],[77.02,31.219],[77.005,31.237],[77.032,31.275],[77.003,31.298],[76.921,31.367],[76.876,31.354],[76.928,31.302],[76.838,31.232],[76.733,31.24],[76.649,31.21]]]},"properties":{"DISTRICT":"Solan","ST_NM":"Himachal Pradesh"}},
{"type":"Feature","geometry":{"type":"Polygon","coordinates":[[[74.834,18.339],[74.833,18.246],[74.951,18.263],[75.022,18.187],[75.11,18.214],[75.091,18.064],[75.025,17.981],[75.135,17.97],[75.072,17.914],[75.018,17.907],[74.867,17.951],[74.864,17.991],[74.71,18.029],[74.668,17.975],[74.626,17.831],[74.679,17.85],[74.714,17.783],[74.82,17.747],[74.889,17.675],[74.906,17.627],[74.941,17.513],[74.985,17.466],[75.041,17.474],[75.007,17.368],[74.962,17.293],[74.914,17.275],[74.867,17.195],[74.926,17.145],[75.017,17.225],[75.248,17.255],[75.225,17.183],[75.422,17.265],[75.515,17.239],[75.604,17.305],[75.634,17.479],[75.81,17.371],[75.821,17.421],[75.894,17.407],[75.931,17.326],[76.073,17.334],[76.229,17.365],[76.276,17.332],[76.383,17.314],[76.363,17.377],[76.332,17.596],[76.417,17.606],[76.43,17.646],[76.299,17.729],[76.19,17.682],[76.146,17.754],[76.096,17.779],[76.003,17.754],[76.018,17.829],[75.876,17.846],[75.845,17.892],[75.839,17.978],[75.997,17.993],[76.016,18.04],[75.942,18.125],[75.96,18.161],[75.924,18.302],[75.884,18.366],[75.799,18.384],[75.764,18.44],[75.575,18.24],[75.551,18.145],[75.429,18.181],[75.429,18.264],[75.36,18.37],[75.302,18.429],[75.314,18.519],[75.24,18.543],[75.106,18.489],[75.093,18.434],[74.834,18.339]]]},"properties":{"DISTRICT":"Solapur","ST_NM":"Maharashtra"}},
{"type":"Feature","geometry":{"type":"Polygon","coordinates":[[[84.283,20.927],[84.242,20.926],[84.148,21.036],[84.048,21.044],[83.991,21.079],[83.986,21.135],[83.896,21.178],[83.852,21.106],[83.782,21.155],[83.718,21.121],[83.614,21.129],[83.493,21.042],[83.459,21.055],[83.509,20.983],[83.626,20.985],[83.621,20.904],[83.58,20.873],[83.599,20.801],[83.678,20.742],[83.596,20.604],[83.606,20.53],[83.689,20.561],[83.759,20.716],[83.763,20.775],[83.852,20.823],[84.113,20.846],[84.218,20.902],[84.268,20.889],[84.283,20.927]]]},"properties":{"DISTRICT":"Subarnapur","ST_NM":"Odisha"}},
{"type":"Feature","geometry":{"type":"Polygon","coordinates":[[[83.108,24.817],[83.058,24.799],[82.955,24.838],[82.825,24.854],[82.659,24.785],[82.583,24.83],[82.547,24.808],[82.55,24.695],[82.527,24.676],[82.537,24.65],[82.674,24.698],[82.7,24.647],[82.774,24.64],[82.809,24.551],[82.724,24.555],[82.734,24.425],[82.769,24.371],[82.772,24.291],[82.735,24.222],[82.716,24.079],[82.754,24.012],[82.816,23.962],[82.961,23.872],[83.135,23.889],[83.197,23.92],[83.224,23.989],[83.286,24.024],[83.331,24.101],[83.357,24.126],[83.41,24.265],[83.383,24.312],[83.442,24.346],[83.438,24.403],[83.389,24.454],[83.401,24.5],[83.506,24.526],[83.525,24.548],[83.526,24.554],[83.542,24.614],[83.475,24.733],[83.47,24.734],[83.395,24.783],[83.289,24.729],[83.187,24.715],[83.103,24.768],[83.108,24.817]]]},"properties":{"DISTRICT":"Sonbhadra","ST_NM":"Uttar Pradesh"}},
{"type":"Feature","geometry":{"type":"Polygon","coordinates":[[[77.143,29.167],[76.916,29.219],[76.801,29.227],[76.777,29.277],[76.682,29.27],[76.562,29.283],[76.566,29.23],[76.502,29.182],[76.479,29.096],[76.567,29.067],[76.679,29.063],[76.732,29.009],[76.812,28.865],[76.903,28.862],[76.952,28.816],[77.042,28.832],[77.06,28.868],[77.197,28.862],[77.225,29.001],[77.135,29.096],[77.143,29.167]]]},"properties":{"DISTRICT":"Sonipat","ST_NM":"Haryana"}},
{"type":"Feature","geometry":{"type":"Polygon","coordinates":[[[92.346,26.502],[92.425,26.517],[92.467,26.498],[92.581,26.5],[92.705,26.526],[92.944,26.617],[93.124,26.577],[93.218,26.625],[93.247,26.684],[93.309,26.698],[93.349,26.732],[93.511,26.76],[93.651,26.705],[93.651,26.778],[93.774,26.844],[93.745,26.958],[93.7,26.992],[93.678,26.968],[93.47,26.936],[93.393,26.957],[93.269,26.954],[93.022,26.915],[92.92,26.962],[92.875,27.006],[92.772,27.031],[92.642,27.017],[92.588,26.96],[92.449,26.959],[92.368,26.931],[92.335,26.831],[92.368,26.706],[92.408,26.647],[92.364,26.586],[92.346,26.502]]]},"properties":{"DISTRICT":"Sonitpur","ST_NM":"Assam"}},
{"type":"Feature","geometry":{"type":"Polygon","coordinates":[[[77.265,28.607],[77.213,28.577],[77.179,28.517],[77.115,28.483],[77.175,28.403],[77.237,28.464],[77.348,28.503],[77.305,28.577],[77.265,28.607]]]},"properties":{"DISTRICT":"South","ST_NM":"NCT of Delhi"}},
{"type":"Feature","geometry":{"type":"Polygon","coordinates":[[[88.528,27.178],[88.45,27.261],[88.489,27.378],[88.422,27.418],[88.358,27.521],[88.284,27.513],[88.277,27.412],[88.361,27.378],[88.303,27.334],[88.31,27.226],[88.286,27.13],[88.439,27.081],[88.539,27.154],[88.528,27.178]]]},"properties":{"DISTRICT":"South","ST_NM":"Sikkim"}},
{"type":"Feature","geometry":{"type":"MultiPolygon","coordinates":[[[[88.098,22.302],[88.073,22.21],[88.188,22.187],[88.224,22.09],[88.214,22.035],[88.154,21.96],[88.164,21.879],[88.217,21.764],[88.282,21.755],[88.258,21.801],[88.26,21.81],[88.269,21.818],[88.306,21.831],[88.311,21.855],[88.326,21.862],[88.339,21.861],[88.355,21.856],[88.386,21.839],[88.397,21.886],[88.416,21.901],[88.424,21.908],[88.432,21.903],[88.442,21.911],[88.462,21.918],[88.458,21.898],[88.474,21.895],[88.528,21.853],[88.602,21.907],[88.598,21.968],[88.635,22.043],[88.619,22.105],[88.673,22.205],[88.699,22.21],[88.734,22.196],[88.744,22.229],[88.772,22.251],[88.79,22.259],[88.807,22.283],[88.808,22.285],[88.82,22.36],[88.822,22.362],[88.789,22.37],[88.668,22.491],[88.629,22.559],[88.542,22.576],[88.411,22.56],[88.368,22.499],[88.292,22.518],[88.274,22.555],[88.166,22.48],[88.142,22.408],[88.099,22.376],[88.098,22.302]]],[[[88.137,21.875],[88.044,21.718],[88.042,21.649],[88.116,21.626],[88.155,21.653],[88.171,21.745],[88.137,21.875]]],[[[88.705,22.207],[88.653,22.163],[88.634,22.106],[88.689,22.09],[88.789,22.169],[88.705,22.207]]],[[[88.227,21.762],[88.217,21.62],[88.292,21.563],[88.312,21.672],[88.227,21.762]]],[[[88.337,21.86],[88.324,21.86],[88.312,21.854],[88.308,21.83],[88.266,21.814],[88.26,21.807],[88.264,21.794],[88.282,21.791],[88.304,21.761],[88.361,21.796],[88.351,21.855],[88.337,21.86]]],[[[88.445,21.905],[88.436,21.902],[88.42,21.903],[88.417,21.887],[88.4,21.873],[88.393,21.833],[88.443,21.802],[88.491,21.85],[88.484,21.885],[88.461,21.894],[88.445,21.905]]]]},"properties":{"DISTRICT":"South 24 Parganas","ST_NM":"West Bengal"}},
{"type":"Feature","geometry":{"type":"Polygon","coordinates":[[[90.323,25.465],[90.311,25.365],[90.264,25.321],[90.236,25.203],[90.335,25.191],[90.447,25.143],[90.513,25.168],[90.696,25.159],[90.793,25.182],[90.872,25.159],[90.973,25.172],[90.962,25.246],[90.845,25.351],[90.768,25.367],[90.76,25.431],[90.795,25.49],[90.769,25.554],[90.705,25.507],[90.647,25.416],[90.479,25.453],[90.323,25.465]]]},"properties":{"DISTRICT":"South Garo Hills","ST_NM":"Meghalaya"}},
{"type":"Feature","geometry":{"type":"Polygon","coordinates":[[[73.923,15.404],[73.892,15.338],[73.94,15.177],[73.94,15.12],[73.984,15.026],[74.046,14.987],[74.042,14.915],[74.088,14.896],[74.18,14.956],[74.235,14.949],[74.296,15.042],[74.275,15.104],[74.316,15.187],[74.27,15.277],[74.336,15.295],[74.322,15.37],[74.284,15.384],[74.25,15.492],[74.186,15.445],[74.073,15.411],[74.104,15.368],[74.071,15.293],[73.923,15.404]]]},"properties":{"DISTRICT":"South Goa","ST_NM":"Goa"}},
{"type":"Feature","geometry":{"type":"Polygon","coordinates":[[[91.779,23.691],[91.689,23.753],[91.598,23.759],[91.462,23.655],[91.399,23.574],[91.382,23.518],[91.39,23.352],[91.371,23.298],[91.315,23.273],[91.328,23.164],[91.356,23.096],[91.409,23.094],[91.384,23.195],[91.457,23.258],[91.518,23.144],[91.546,22.998],[91.622,22.944],[91.716,22.988],[91.821,23.099],[91.789,23.307],[91.867,23.408],[91.805,23.524],[91.779,23.691]]]},"properties":{"DISTRICT":"South Tripura","ST_NM":"Tripura"}},
{"type":"Feature","geometry":{"type":"Polygon","coordinates":[[[77.183,28.648],[77.113,28.614],[77.038,28.613],[76.952,28.67],[76.843,28.577],[76.889,28.504],[77.025,28.528],[77.115,28.483],[77.179,28.517],[77.213,28.577],[77.187,28.626],[77.183,28.648]]]},"properties":{"DISTRICT":"South West","ST_NM":"NCT of Delhi"}},
{"type":"Feature","geometry":{"type":"Polygon","coordinates":[[[83.796,19.016],[83.749,18.992],[83.778,18.91],[83.798,18.881],[83.806,18.872],[83.82,18.862],[83.823,18.854],[83.824,18.833],[83.821,18.829],[83.809,18.827],[83.8,18.826],[83.77,18.824],[83.766,18.82],[83.761,18.814],[83.757,18.802],[83.756,18.795],[83.756,18.79],[83.748,18.775],[83.672,18.805],[83.585,18.755],[83.526,18.7],[83.545,18.671],[83.52,18.559],[83.606,18.562],[83.573,18.431],[83.435,18.438],[83.414,18.415],[83.441,18.313],[83.525,18.28],[83.575,18.202],[83.604,18.168],[83.609,18.149],[83.617,18.141],[83.626,18.134],[83.619,18.127],[83.645,18.111],[83.67,18.083],[84.118,18.301],[84.135,18.35],[84.283,18.495],[84.31,18.554],[84.363,18.576],[84.493,18.734],[84.555,18.786],[84.581,18.867],[84.692,18.969],[84.769,19.08],[84.668,19.131],[84.604,19.029],[84.517,19.046],[84.435,18.992],[84.437,18.923],[84.393,18.892],[84.34,18.801],[84.224,18.796],[84.099,18.754],[84.056,18.792],[83.878,18.827],[83.796,19.016]]]},"properties":{"DISTRICT":"Srikakulam","ST_NM":"Andhra Pradesh"}},
{"type":"Feature","geometry":{"type":"Polygon","coordinates":[[[75.194,34.19],[75.025,34.26],[74.753,34.339],[74.714,34.347],[74.666,34.309],[74.72,34.148],[74.823,34.049],[74.891,34.049],[74.929,33.979],[75.046,34.064],[75.149,34.084],[75.194,34.19]]]},"properties":{"DISTRICT":"Srinagar","ST_NM":"Jammu & Kashmir"}},
{"type":"Feature","geometry":{"type":"Polygon","coordinates":[[[82.221,26.407],[82.11,26.471],[81.863,26.533],[81.702,26.54],[81.619,26.626],[81.582,26.652],[81.561,26.642],[81.561,26.641],[81.564,26.628],[81.542,26.521],[81.571,26.449],[81.555,26.309],[81.619,26.178],[81.77,26.068],[81.787,26.026],[81.933,26.052],[81.965,26.078],[82.067,26.052],[82.106,26.075],[82.187,26.041],[82.248,26.057],[82.432,26.009],[82.478,26.13],[82.567,26.141],[82.601,26.196],[82.682,26.151],[82.68,26.255],[82.582,26.257],[82.47,26.283],[82.403,26.327],[82.387,26.375],[82.221,26.407]]]},"properties":{"DISTRICT":"Sultanpur","ST_NM":"Uttar Pradesh"}},
{"type":"Feature","geometry":{"type":"Polygon","coordinates":[[[85.194,21.663],[85.205,21.768],[85.282,21.834],[85.349,21.834],[85.377,21.91],[85.347,21.951],[85.273,21.962],[85.237,22.004],[85.217,22.047],[85.105,22.1],[85.03,22.115],[85.032,22.157],[85.112,22.294],[85.069,22.481],[84.887,22.42],[84.808,22.446],[84.75,22.417],[84.639,22.431],[84.509,22.418],[84.433,22.355],[84.296,22.34],[84.201,22.374],[84.143,22.423],[84.144,22.469],[84.01,22.523],[84.049,22.466],[84.008,22.372],[83.868,22.346],[83.805,22.292],[83.753,22.243],[83.653,22.227],[83.564,22.102],[83.542,21.966],[83.608,21.913],[83.581,21.832],[83.722,21.786],[83.761,21.836],[83.897,21.946],[84.029,21.953],[84.094,21.999],[84.247,21.983],[84.27,22.014],[84.279,22.108],[84.478,22.189],[84.514,22.053],[84.504,21.978],[84.539,21.86],[84.529,21.813],[84.594,21.758],[84.68,21.735],[84.749,21.681],[84.866,21.652],[84.96,21.683],[85.028,21.672],[85.037,21.607],[85.151,21.594],[85.194,21.663]]]},"properties":{"DISTRICT":"Sundargarh","ST_NM":"Odisha"}},
{"type":"Feature","geometry":{"type":"Polygon","coordinates":[[[87.038,26.561],[86.933,26.512],[86.897,26.462],[86.725,26.431],[86.694,26.373],[86.573,26.334],[86.514,26.284],[86.505,26.225],[86.406,26.202],[86.468,26.153],[86.429,26.075],[86.517,25.998],[86.552,26.035],[86.635,26.028],[86.68,26.026],[86.733,26.119],[86.783,26.094],[87.012,26.077],[87.093,26.055],[87.111,26.18],[87.067,26.246],[87.046,26.336],[87.076,26.407],[87.038,26.561]]]},"properties":{"DISTRICT":"Supaul","ST_NM":"Bihar"}},
{"type":"Feature","geometry":{"type":"Polygon","coordinates":[[[72.687,21.447],[72.685,21.445],[72.685,21.444],[72.625,21.382],[72.589,21.279],[72.665,21.153],[72.716,21.141],[72.698,21.061],[72.8,21.075],[73.018,21.058],[73.094,20.936],[73.198,20.86],[73.303,20.817],[73.32,20.879],[73.291,20.929],[73.213,20.955],[73.203,21.074],[73.25,21.088],[73.295,21.193],[73.449,21.294],[73.456,21.38],[73.513,21.354],[73.7,21.395],[73.699,21.395],[73.677,21.473],[73.562,21.472],[73.451,21.523],[73.121,21.482],[73.039,21.524],[72.943,21.511],[72.91,21.43],[72.854,21.45],[72.787,21.423],[72.739,21.47],[72.687,21.447]]]},"properties":{"DISTRICT":"Surat","ST_NM":"Gujarat"}},
{"type":"Feature","geometry":{"type":"Polygon","coordinates":[[[72,23.504],[71.97,23.531],[71.864,23.475],[71.835,23.422],[71.768,23.471],[71.611,23.504],[71.533,23.482],[71.597,23.431],[71.588,23.359],[71.645,23.332],[71.618,23.229],[71.646,23.184],[71.594,23.137],[71.534,23.166],[71.469,23.146],[71.305,23.172],[71.214,23.149],[71.138,23.209],[71.045,23.171],[70.954,23.011],[70.996,22.968],[71.018,22.873],[70.988,22.792],[71.124,22.756],[71.162,22.681],[71.11,22.639],[71.076,22.557],[71.163,22.501],[71.077,22.404],[71.011,22.41],[71.022,22.329],[71.105,22.248],[71.156,22.166],[71.289,22.164],[71.283,22.211],[71.219,22.221],[71.232,22.277],[71.433,22.261],[71.53,22.343],[71.607,22.338],[71.62,22.381],[71.703,22.396],[71.734,22.361],[71.851,22.389],[71.923,22.449],[71.922,22.521],[72.031,22.506],[72.084,22.437],[72.161,22.479],[72.169,22.57],[72.063,22.599],[72.072,22.732],[71.983,22.856],[72.02,22.992],[72.013,23.059],[71.952,23.055],[71.901,23.11],[71.91,23.181],[71.99,23.216],[71.986,23.256],[71.875,23.279],[71.874,23.383],[71.959,23.393],[72,23.504]]]},"properties":{"DISTRICT":"Surendranagar","ST_NM":"Gujarat"}},
{"type":"Feature","geometry":{"type":"Polygon","coordinates":[[[83.331,24.101],[83.286,24.024],[83.224,23.989],[83.197,23.92],[83.135,23.889],[82.961,23.872],[82.816,23.962],[82.756,23.921],[82.662,23.905],[82.637,23.838],[82.499,23.785],[82.549,23.753],[82.603,23.666],[82.575,23.618],[82.582,23.542],[82.642,23.498],[82.653,23.384],[82.745,23.358],[82.758,23.255],[82.668,23.205],[82.64,23.141],[82.584,23.13],[82.572,23.07],[82.609,23.008],[82.575,22.943],[82.56,22.844],[82.658,22.809],[82.725,22.829],[82.778,22.77],[82.868,22.747],[82.946,22.674],[83.019,22.64],[83.114,22.677],[83.165,22.773],[83.385,22.743],[83.438,22.672],[83.561,22.7],[83.652,22.655],[83.649,22.823],[83.579,22.873],[83.51,22.956],[83.551,23.03],[83.511,23.088],[83.671,23.226],[83.832,23.233],[83.949,23.163],[84.041,23.169],[84.077,23.331],[83.974,23.375],[83.977,23.448],[84.03,23.545],[84.014,23.633],[84.008,23.633],[83.956,23.625],[83.947,23.623],[83.943,23.563],[83.782,23.6],[83.722,23.683],[83.737,23.755],[83.664,23.843],[83.589,23.862],[83.52,23.967],[83.517,24.025],[83.433,24.083],[83.331,24.101]]]},"properties":{"DISTRICT":"Surguja","ST_NM":"Chhattisgarh"}},
{"type":"Feature","geometry":{"type":"Polygon","coordinates":[[[93.214,24.858],[93.224,24.794],[93.179,24.783],[93.145,24.711],[93.207,24.703],[93.224,24.637],[93.191,24.55],[93.235,24.51],[93.288,24.566],[93.348,24.574],[93.493,24.55],[93.571,24.591],[93.7,24.612],[93.665,24.793],[93.717,24.82],[93.706,24.911],[93.794,24.962],[93.804,25.06],[93.778,25.15],[93.83,25.221],[93.955,25.286],[93.893,25.351],[93.922,25.397],[93.808,25.461],[93.687,25.327],[93.607,25.198],[93.504,25.249],[93.474,25.305],[93.403,25.259],[93.353,25.178],[93.335,25.092],[93.248,25.015],[93.252,24.972],[93.214,24.858]]]},"properties":{"DISTRICT":"Tamenglong","ST_NM":"Manipur"}},
{"type":"Feature","geometry":{"type":"Polygon","coordinates":[[[74.613,31.498],[74.655,31.463],[74.554,31.367],[74.524,31.274],[74.518,31.137],[74.6,31.094],[74.639,31.136],[74.703,31.115],[74.949,31.15],[75.051,31.192],[75.084,31.272],[75.146,31.334],[75.188,31.418],[75.192,31.432],[75.273,31.482],[75.28,31.483],[75.272,31.489],[75.264,31.494],[75.258,31.495],[75.252,31.502],[75.23,31.491],[75.163,31.512],[75.124,31.495],[75.057,31.543],[74.988,31.512],[74.901,31.541],[74.844,31.53],[74.739,31.565],[74.613,31.498]]]},"properties":{"DISTRICT":"Tarn Taran","ST_NM":"Punjab"}},
{"type":"Feature","geometry":{"type":"Polygon","coordinates":[[[92.472,27.814],[92.432,27.811],[92.419,27.822],[92.312,27.778],[92.26,27.861],[92.161,27.836],[92.06,27.758],[91.989,27.769],[91.95,27.728],[91.884,27.721],[91.833,27.807],[91.752,27.803],[91.675,27.856],[91.634,27.8],[91.629,27.706],[91.563,27.633],[91.567,27.584],[91.658,27.482],[91.778,27.464],[91.854,27.482],[91.944,27.46],[92.016,27.481],[92.115,27.525],[92.225,27.627],[92.346,27.672],[92.397,27.672],[92.425,27.766],[92.464,27.782],[92.472,27.814]]]},"properties":{"DISTRICT":"Tawang","ST_NM":"Arunanchal Pradesh"}},
{"type":"Feature","geometry":{"type":"Polygon","coordinates":[[[78.312,30.113],[78.414,30.136],[78.439,30.079],[78.508,30.057],[78.594,30.066],[78.594,30.14],[78.69,30.242],[78.757,30.215],[78.896,30.257],[78.837,30.393],[78.87,30.515],[78.859,30.551],[78.909,30.626],[78.915,30.691],[79.018,30.753],[79.033,30.807],[79,30.862],[78.879,30.877],[78.852,30.849],[78.855,30.755],[78.809,30.722],[78.726,30.732],[78.602,30.691],[78.596,30.628],[78.55,30.573],[78.484,30.627],[78.413,30.483],[78.282,30.61],[78.208,30.578],[78.155,30.635],[78.016,30.613],[77.987,30.466],[78.102,30.48],[78.229,30.437],[78.142,30.366],[78.188,30.303],[78.27,30.304],[78.299,30.244],[78.247,30.204],[78.256,30.142],[78.312,30.113]]]},"properties":{"DISTRICT":"Tehri Garhwal","ST_NM":"Uttarakhand"}},
{"type":"Feature","geometry":{"type":"Polygon","coordinates":[[[73.62,19.587],[73.567,19.621],[73.501,19.759],[73.462,19.759],[73.424,19.916],[73.453,19.982],[73.296,20.06],[73.25,20.125],[73.207,20.122],[73.153,20.073],[72.994,20.118],[72.96,20.213],[72.873,20.227],[72.817,20.157],[72.729,20.137],[72.704,20.081],[72.735,19.91],[72.644,19.839],[72.686,19.793],[72.676,19.714],[72.72,19.619],[72.71,19.553],[72.749,19.486],[72.758,19.374],[72.8,19.33],[72.782,19.263],[72.856,19.269],[72.907,19.242],[72.983,19.156],[72.979,19.033],[72.959,18.987],[73.046,19.017],[73.047,19.098],[73.177,19.109],[73.247,19.064],[73.35,19.129],[73.527,19.129],[73.539,19.174],[73.609,19.189],[73.665,19.24],[73.674,19.303],[73.798,19.336],[73.782,19.386],[73.691,19.439],[73.7,19.505],[73.626,19.543],[73.62,19.587]]]},"properties":{"DISTRICT":"Thane","ST_NM":"Maharashtra"}},
{"type":"Feature","geometry":{"type":"Polygon","coordinates":[[[79.007,10.889],[78.944,10.887],[78.855,10.844],[78.879,10.787],[78.871,10.706],[79.064,10.668],[79.071,10.636],[79.184,10.575],[79.14,10.498],[79.15,10.343],[79.117,10.237],[79.152,10.167],[79.229,10.14],[79.276,10.238],[79.388,10.322],[79.473,10.319],[79.46,10.418],[79.484,10.487],[79.35,10.585],[79.3,10.735],[79.363,10.752],[79.277,10.871],[79.304,10.937],[79.372,10.893],[79.467,10.862],[79.515,10.968],[79.515,11.04],[79.574,11.145],[79.525,11.182],[79.461,11.154],[79.413,11.08],[79.222,10.943],[79.084,10.923],[79.007,10.889]]]},"properties":{"DISTRICT":"Thanjavur","ST_NM":"Tamil Nadu"}},
{"type":"Feature","geometry":{"type":"MultiPolygon","coordinates":[[[[73.89,20.932],[73.796,20.958],[73.751,21.004],[73.66,21.006],[73.632,20.977],[73.549,21.008],[73.496,20.917],[73.499,20.818],[73.467,20.721],[73.489,20.686],[73.615,20.625],[73.629,20.579],[73.741,20.567],[73.84,20.623],[73.836,20.701],[73.934,20.768],[73.939,20.839],[73.89,20.932]]],[[[73.737,21.081],[73.741,21.039],[73.844,21],[73.792,21.067],[73.737,21.081]]]]},"properties":{"DISTRICT":"The Dangs","ST_NM":"Gujarat"}},
{"type":"Feature","geometry":{"type":"Polygon","coordinates":[[[76.431,11.666],[76.429,11.632],[76.241,11.525],[76.266,11.48],[76.37,11.455],[76.457,11.389],[76.547,11.359],[76.523,11.269],[76.447,11.202],[76.633,11.193],[76.707,11.239],[76.851,11.338],[76.964,11.383],[77.007,11.544],[76.941,11.576],[76.847,11.582],[76.761,11.614],[76.617,11.608],[76.562,11.62],[76.512,11.705],[76.431,11.666]]]},"properties":{"DISTRICT":"The Nilgiris","ST_NM":"Tamil Nadu"}},
{"type":"Feature","geometry":{"type":"Polygon","coordinates":[[[77.268,10.121],[77.202,10.105],[77.264,10.025],[77.276,9.973],[77.214,9.875],[77.239,9.852],[77.223,9.731],[77.181,9.657],[77.239,9.582],[77.32,9.602],[77.403,9.526],[77.478,9.563],[77.569,9.748],[77.625,9.823],[77.623,9.863],[77.681,9.934],[77.711,10.02],[77.717,10.129],[77.701,10.19],[77.612,10.212],[77.465,10.128],[77.394,10.159],[77.268,10.121]]]},"properties":{"DISTRICT":"Theni","ST_NM":"Tamil Nadu"}},
{"type":"Feature","geometry":{"type":"Polygon","coordinates":[[[80.303,13.141],[80.346,13.312],[80.328,13.385],[80.289,13.403],[80.302,13.476],[80.27,13.563],[80.225,13.483],[80.08,13.491],[80.042,13.537],[79.974,13.464],[79.938,13.349],[79.813,13.317],[79.684,13.248],[79.681,13.294],[79.578,13.262],[79.548,13.323],[79.429,13.334],[79.433,13.197],[79.286,13.133],[79.347,13.061],[79.424,13.144],[79.63,13.144],[79.655,13.208],[79.736,13.164],[79.732,13.095],[79.786,13.022],[79.825,12.963],[79.896,12.946],[80.031,13.13],[80.127,13.108],[80.148,13.03],[80.204,13.028],[80.228,13.126],[80.303,13.141]]]},"properties":{"DISTRICT":"Thiruvallur","ST_NM":"Tamil Nadu"}},
{"type":"Feature","geometry":{"type":"Polygon","coordinates":[[[77.27,8.579],[77.185,8.716],[77.201,8.769],[77.082,8.837],[77.035,8.841],[76.996,8.781],[76.935,8.761],[76.848,8.835],[76.76,8.794],[76.672,8.781],[76.892,8.5],[76.999,8.378],[77.1,8.291],[77.141,8.331],[77.208,8.443],[77.21,8.496],[77.267,8.51],[77.27,8.579]]]},"properties":{"DISTRICT":"Thiruvananthapuram","ST_NM":"Kerala"}},
{"type":"Feature","geometry":{"type":"Polygon","coordinates":[[[79.473,10.319],[79.677,10.325],[79.638,10.359],[79.631,10.435],[79.699,10.456],[79.697,10.554],[79.666,10.611],[79.707,10.78],[79.66,10.816],[79.656,10.884],[79.692,10.931],[79.708,10.912],[79.733,10.907],[79.742,10.909],[79.744,10.913],[79.746,10.918],[79.743,10.919],[79.743,10.922],[79.741,10.923],[79.738,10.92],[79.737,10.921],[79.738,10.926],[79.726,10.928],[79.727,10.933],[79.728,10.934],[79.721,10.934],[79.726,10.942],[79.73,10.943],[79.738,10.951],[79.736,10.956],[79.726,10.951],[79.721,10.95],[79.721,10.967],[79.729,10.967],[79.757,10.959],[79.763,10.959],[79.763,10.965],[79.757,10.971],[79.755,10.974],[79.757,10.981],[79.755,10.985],[79.747,10.986],[79.747,10.997],[79.703,11.013],[79.631,10.985],[79.515,10.968],[79.467,10.862],[79.372,10.893],[79.304,10.937],[79.277,10.871],[79.363,10.752],[79.3,10.735],[79.35,10.585],[79.484,10.487],[79.46,10.418],[79.473,10.319]]]},"properties":{"DISTRICT":"Thiruvarur","ST_NM":"Tamil Nadu"}},
{"type":"Feature","geometry":{"type":"Polygon","coordinates":[[[78.283,9.275],[78.225,9.296],[78.17,9.368],[78.06,9.361],[77.912,9.199],[77.848,9.242],[77.861,9.195],[77.676,9.136],[77.709,9.071],[77.695,8.929],[77.763,8.923],[77.84,8.815],[77.818,8.771],[77.821,8.551],[77.85,8.363],[77.914,8.322],[77.976,8.335],[78.041,8.358],[78.133,8.499],[78.126,8.635],[78.175,8.766],[78.172,8.88],[78.213,8.962],[78.391,9.094],[78.276,9.141],[78.283,9.275]]]},"properties":{"DISTRICT":"Thoothukkudi","ST_NM":"Tamil Nadu"}},
{"type":"Feature","geometry":{"type":"Polygon","coordinates":[[[93.88,24.286],[93.963,24.405],[93.986,24.468],[94.089,24.518],[94.15,24.618],[94.087,24.693],[94.018,24.67],[93.93,24.713],[93.912,24.569],[93.876,24.552],[93.884,24.488],[93.849,24.412],[93.854,24.311],[93.88,24.286]]]},"properties":{"DISTRICT":"Thoubal","ST_NM":"Manipur"}},
{"type":"Feature","geometry":{"type":"Polygon","coordinates":[[[76.839,10.338],[76.622,10.381],[76.586,10.435],[76.48,10.484],[76.412,10.578],[76.471,10.751],[76.252,10.747],[76.224,10.781],[76.163,10.705],[76.07,10.727],[76.01,10.687],[75.955,10.686],[76.042,10.525],[76.105,10.364],[76.14,10.233],[76.169,10.184],[76.261,10.2],[76.315,10.18],[76.418,10.296],[76.579,10.302],[76.689,10.267],[76.84,10.284],[76.905,10.251],[76.832,10.303],[76.839,10.338]]]},"properties":{"DISTRICT":"Thrissur","ST_NM":"Kerala"}},
{"type":"Feature","geometry":{"type":"Polygon","coordinates":[[[79.321,25.146],[79.284,25.115],[79.141,25.106],[79.034,25.23],[78.875,25.185],[78.801,25.288],[78.937,25.423],[78.949,25.526],[78.884,25.519],[78.732,25.458],[78.773,25.425],[78.772,25.353],[78.611,25.412],[78.528,25.283],[78.57,25.221],[78.604,25.093],[78.649,25.057],[78.632,24.957],[78.675,24.898],[78.771,24.857],[78.779,24.699],[78.759,24.598],[78.889,24.635],[78.952,24.549],[78.947,24.442],[78.989,24.443],[79.016,24.513],[79.092,24.63],[79.181,24.61],[79.208,24.648],[79.297,24.675],[79.308,24.791],[79.348,24.892],[79.321,25.146]]]},"properties":{"DISTRICT":"Tikamgarh","ST_NM":"Madhya Pradesh"}},
{"type":"Feature","geometry":{"type":"Polygon","coordinates":[[[95.882,27.547],[95.799,27.602],[95.759,27.725],[95.824,27.804],[95.93,27.885],[95.979,27.963],[95.827,27.972],[95.609,27.953],[95.518,27.877],[95.46,27.774],[95.402,27.725],[95.278,27.682],[95.303,27.583],[95.222,27.458],[95.271,27.405],[95.441,27.363],[95.491,27.243],[95.535,27.264],[95.637,27.23],[95.685,27.251],[95.963,27.31],[96.015,27.368],[95.974,27.43],[95.883,27.437],[95.882,27.547]]]},"properties":{"DISTRICT":"Tinsukia","ST_NM":"Assam"}},
{"type":"Feature","geometry":{"type":"Polygon","coordinates":[[[95.637,27.23],[95.535,27.264],[95.491,27.243],[95.458,27.129],[95.372,27.105],[95.249,27.024],[95.196,27.037],[95.23,26.88],[95.185,26.859],[95.237,26.68],[95.302,26.649],[95.423,26.69],[95.545,26.831],[95.611,26.814],[95.681,26.898],[95.685,26.984],[95.632,27.026],[95.672,27.178],[95.637,27.23]]]},"properties":{"DISTRICT":"Tirap","ST_NM":"Arunanchal Pradesh"}},
{"type":"Feature","geometry":{"type":"Polygon","coordinates":[[[79.009,11.057],[78.966,11.094],[78.884,11.101],[78.701,11.071],[78.673,11.164],[78.701,11.192],[78.733,11.321],[78.665,11.372],[78.556,11.315],[78.552,11.357],[78.486,11.403],[78.466,11.311],[78.382,11.138],[78.324,11.056],[78.248,11.091],[78.183,11.067],[78.168,11.011],[78.199,10.959],[78.382,10.965],[78.489,10.892],[78.549,10.876],[78.587,10.829],[78.546,10.792],[78.567,10.737],[78.514,10.692],[78.403,10.692],[78.378,10.725],[78.294,10.702],[78.261,10.58],[78.198,10.547],[78.208,10.472],[78.315,10.438],[78.281,10.37],[78.334,10.3],[78.381,10.309],[78.458,10.407],[78.508,10.375],[78.525,10.436],[78.451,10.605],[78.526,10.673],[78.596,10.657],[78.63,10.704],[78.708,10.73],[78.79,10.647],[78.871,10.706],[78.879,10.787],[78.855,10.844],[78.944,10.887],[79.007,10.889],[78.966,10.948],[79.01,11.007],[79.009,11.057]]]},"properties":{"DISTRICT":"Tiruchirappalli","ST_NM":"Tamil Nadu"}},
{"type":"Feature","geometry":{"type":"Polygon","coordinates":[[[77.284,9.271],[77.269,9.152],[77.209,9.071],[77.149,9.02],[77.265,8.84],[77.201,8.769],[77.185,8.716],[77.27,8.579],[77.425,8.513],[77.472,8.456],[77.493,8.38],[77.54,8.388],[77.539,8.176],[77.591,8.142],[77.733,8.169],[77.814,8.246],[77.87,8.261],[77.976,8.335],[77.914,8.322],[77.85,8.363],[77.821,8.551],[77.818,8.771],[77.84,8.815],[77.763,8.923],[77.695,8.929],[77.709,9.071],[77.676,9.136],[77.861,9.195],[77.848,9.242],[77.773,9.236],[77.713,9.289],[77.625,9.292],[77.547,9.372],[77.497,9.334],[77.341,9.417],[77.337,9.36],[77.284,9.271]]]},"properties":{"DISTRICT":"Tirunelveli","ST_NM":"Tamil Nadu"}},
{"type":"Feature","geometry":{"type":"Polygon","coordinates":[[[77.095,10.308],[77.176,10.355],[77.289,10.23],[77.35,10.276],[77.315,10.355],[77.325,10.45],[77.385,10.449],[77.369,10.536],[77.418,10.625],[77.482,10.649],[77.51,10.605],[77.597,10.675],[77.656,10.674],[77.73,10.63],[77.809,10.679],[77.839,10.832],[77.76,10.899],[77.791,11.03],[77.778,11.051],[77.631,11.12],[77.518,11.105],[77.51,11.181],[77.45,11.308],[77.364,11.316],[77.332,11.255],[77.267,11.317],[77.15,11.333],[77.144,11.334],[77.165,11.272],[77.142,11.214],[77.213,11.125],[77.163,11.065],[77.153,10.989],[77.175,10.923],[77.289,10.849],[77.241,10.775],[77.165,10.8],[77.138,10.741],[77.174,10.63],[77.151,10.583],[77.081,10.57],[77.055,10.417],[77.095,10.308]]]},"properties":{"DISTRICT":"Tiruppur","ST_NM":"Tamil Nadu"}},
{"type":"Feature","geometry":{"type":"Polygon","coordinates":[[[78.718,11.98],[78.761,12.009],[78.918,12.014],[78.961,12.067],[79.019,12.065],[79.1,12.023],[79.235,12.062],[79.279,12.123],[79.214,12.166],[79.287,12.319],[79.238,12.44],[79.402,12.435],[79.45,12.378],[79.645,12.345],[79.739,12.454],[79.757,12.518],[79.634,12.631],[79.737,12.7],[79.747,12.743],[79.64,12.816],[79.56,12.85],[79.49,12.872],[79.46,12.846],[79.477,12.776],[79.452,12.67],[79.384,12.627],[79.382,12.708],[79.288,12.78],[79.209,12.784],[79.206,12.74],[79.075,12.752],[78.981,12.666],[78.898,12.687],[78.712,12.305],[78.652,12.258],[78.635,12.175],[78.667,12.113],[78.741,12.134],[78.706,12.027],[78.718,11.98]]]},"properties":{"DISTRICT":"Tiruvannamalai","ST_NM":"Tamil Nadu"}},
{"type":"Feature","geometry":{"type":"Polygon","coordinates":[[[75.319,25.764],[75.391,25.759],[75.464,25.718],[75.511,25.736],[75.564,25.697],[75.632,25.709],[75.695,25.76],[75.761,25.756],[75.773,25.822],[75.894,25.869],[76.061,25.86],[76.157,25.762],[76.232,25.804],[76.322,25.809],[76.222,25.862],[76.249,25.913],[76.25,26.019],[76.146,25.966],[76.076,26.013],[76.116,26.056],[76.069,26.13],[75.994,26.116],[75.982,26.195],[76.03,26.252],[76.104,26.239],[76.148,26.308],[76.131,26.345],[76.181,26.486],[76.161,26.515],[75.974,26.502],[75.784,26.526],[75.771,26.467],[75.712,26.445],[75.574,26.446],[75.453,26.493],[75.352,26.501],[75.287,26.564],[75.206,26.516],[75.17,26.462],[75.13,26.397],[75.113,26.285],[75.188,26.11],[75.246,26.078],[75.277,26.135],[75.355,26.019],[75.307,25.941],[75.251,25.937],[75.264,25.853],[75.34,25.811],[75.319,25.764]]]},"properties":{"DISTRICT":"Tonk","ST_NM":"Rajasthan"}},
{"type":"Feature","geometry":{"type":"Polygon","coordinates":[[[95.021,25.881],[95.105,25.961],[95.184,26.078],[95.126,26.094],[95.135,26.381],[95.076,26.471],[94.986,26.481],[94.904,26.439],[94.861,26.375],[94.749,26.458],[94.709,26.444],[94.653,26.341],[94.565,26.279],[94.587,26.219],[94.693,26.193],[94.705,26.052],[94.672,26.017],[94.851,26.035],[94.914,25.937],[94.982,25.873],[95.021,25.881]]]},"properties":{"DISTRICT":"Tuensang","ST_NM":"Nagaland"}},
{"type":"Feature","geometry":{"type":"MultiPolygon","coordinates":[[[[76.952,14.092],[76.892,14.047],[76.815,13.916],[76.723,13.895],[76.767,13.836],[76.66,13.721],[76.573,13.713],[76.512,13.629],[76.411,13.579],[76.354,13.578],[76.364,13.546],[76.402,13.524],[76.418,13.447],[76.382,13.364],[76.346,13.36],[76.372,13.199],[76.476,13.141],[76.469,13.095],[76.617,13.063],[76.632,13.006],[76.674,13.054],[76.762,13.035],[76.852,12.977],[76.925,12.804],[77.081,12.746],[77.15,12.783],[77.133,12.858],[77.169,12.93],[77.138,12.995],[77.073,13.046],[77.073,13.124],[77.157,13.191],[77.205,13.184],[77.189,13.272],[77.231,13.311],[77.34,13.33],[77.351,13.453],[77.387,13.5],[77.363,13.613],[77.384,13.66],[77.457,13.683],[77.47,13.751],[77.432,13.834],[77.314,13.864],[77.247,13.901],[77.168,13.822],[77.173,13.762],[77.041,13.776],[76.975,13.817],[77.042,13.932],[76.937,14.029],[76.952,14.092]]],[[[77.01,14.238],[77.025,14.179],[77.029,14.06],[77.127,14.049],[77.141,14.005],[77.285,14.014],[77.32,14.032],[77.355,13.904],[77.426,13.902],[77.39,14.014],[77.345,14.061],[77.402,14.11],[77.396,14.172],[77.517,14.179],[77.506,14.268],[77.401,14.336],[77.366,14.276],[77.286,14.283],[77.287,14.338],[77.202,14.321],[77.158,14.344],[77.118,14.294],[77.116,14.228],[77.01,14.238]]]]},"properties":{"DISTRICT":"Tumkur","ST_NM":"Karnataka"}},
{"type":"Feature","geometry":{"type":"Polygon","coordinates":[[[74.122,24.852],[74.045,24.833],[74.002,24.892],[73.855,24.887],[73.796,24.745],[73.703,24.789],[73.612,24.775],[73.562,24.934],[73.507,24.976],[73.503,25.118],[73.392,25.066],[73.33,24.977],[73.328,24.909],[73.239,24.83],[73.231,24.794],[73.145,24.758],[73.138,24.688],[73.027,24.531],[73.009,24.482],[73.103,24.42],[73.081,24.394],[73.183,24.335],[73.112,24.262],[73.079,24.185],[73.119,24.14],[73.22,24.098],[73.197,24.045],[73.249,24.011],[73.323,24.062],[73.41,24.05],[73.416,23.922],[73.356,23.854],[73.366,23.814],[73.469,23.847],[73.518,23.931],[73.592,23.965],[73.671,23.939],[73.858,23.936],[73.918,23.983],[74.175,23.97],[74.259,23.93],[74.275,23.936],[74.314,23.945],[74.325,23.937],[74.328,24.048],[74.36,24.092],[74.432,24.116],[74.36,24.193],[74.384,24.235],[74.394,24.268],[74.391,24.285],[74.398,24.296],[74.398,24.303],[74.387,24.311],[74.353,24.337],[74.366,24.41],[74.334,24.493],[74.209,24.461],[74.279,24.565],[74.224,24.616],[74.173,24.716],[74.119,24.739],[74.122,24.852]]]},"properties":{"DISTRICT":"Udaipur","ST_NM":"Rajasthan"}},
{"type":"Feature","geometry":{"type":"Polygon","coordinates":[[[91.789,26.499],[91.936,26.574],[92.028,26.56],[92.076,26.629],[92.189,26.669],[92.27,26.592],[92.355,26.585],[92.364,26.586],[92.408,26.647],[92.368,26.706],[92.335,26.831],[92.368,26.931],[92.198,26.89],[92.111,26.893],[92.059,26.847],[91.989,26.857],[91.901,26.915],[91.806,26.851],[91.708,26.811],[91.746,26.687],[91.746,26.59],[91.789,26.499]]]},"properties":{"DISTRICT":"Udalguri","ST_NM":"Assam"}},
{"type":"Feature","geometry":{"type":"Polygon","coordinates":[[[75.292,33.097],[75.076,33.164],[75.017,33.092],[75.045,33.002],[74.962,32.945],[74.947,32.877],[74.997,32.846],[75.05,32.884],[75.161,32.77],[75.2,32.712],[75.293,32.643],[75.372,32.63],[75.47,32.689],[75.488,32.74],[75.654,32.755],[75.698,32.811],[75.825,32.854],[75.752,32.865],[75.667,32.934],[75.473,32.999],[75.442,33.031],[75.292,33.097]]]},"properties":{"DISTRICT":"Udhampur","ST_NM":"Jammu & Kashmir"}},
{"type":"Feature","geometry":{"type":"Polygon","coordinates":[[[79.643,28.853],[79.786,28.886],[79.852,28.803],[80,28.711],[80.07,28.829],[80.067,28.919],[80.121,28.985],[80.163,29.114],[79.97,29.053],[79.881,28.991],[79.805,29.023],[79.631,29.053],[79.419,29.051],[79.25,29.182],[79.275,29.24],[79.125,29.274],[79.031,29.265],[78.923,29.342],[78.841,29.362],[78.738,29.324],[78.771,29.281],[78.876,29.243],[78.917,29.157],[78.973,29.156],[79.085,29.146],[79.147,29.076],[79.291,28.959],[79.413,28.926],[79.407,28.879],[79.423,28.85],[79.545,28.884],[79.643,28.853]]]},"properties":{"DISTRICT":"Udham Singh Nagar","ST_NM":"Uttarakhand"}},
{"type":"Feature","geometry":{"type":"Polygon","coordinates":[[[75.14,13.463],[75.049,13.541],[75.06,13.593],[75.017,13.637],[74.999,13.739],[74.933,13.776],[74.914,13.857],[74.792,13.914],[74.717,13.907],[74.668,13.984],[74.582,13.926],[74.614,13.835],[74.672,13.6],[74.714,13.288],[74.763,13.119],[74.788,13.097],[74.831,13.126],[74.89,13.096],[74.886,13.044],[75.014,12.984],[75.077,13.045],[75.13,13.135],[75.2,13.179],[75.176,13.202],[75.113,13.358],[75.151,13.421],[75.14,13.463]]]},"properties":{"DISTRICT":"Udupi","ST_NM":"Karnataka"}},
{"type":"Feature","geometry":{"type":"Polygon","coordinates":[[[76.113,23.241],[76.182,23.276],[76.209,23.386],[76.196,23.499],[76.063,23.562],[75.852,23.57],[75.784,23.723],[75.691,23.747],[75.622,23.662],[75.525,23.669],[75.497,23.526],[75.398,23.602],[75.28,23.587],[75.274,23.542],[75.184,23.518],[75.158,23.436],[75.215,23.329],[75.261,23.301],[75.229,23.213],[75.241,23.136],[75.302,23.129],[75.332,22.839],[75.438,22.869],[75.479,23.002],[75.567,23.065],[75.635,23.021],[75.874,23.038],[75.9,23],[75.955,23.023],[75.99,23.087],[75.934,23.135],[75.954,23.181],[75.929,23.273],[75.992,23.28],[76.004,23.207],[76.077,23.049],[76.103,23.092],[76.06,23.139],[76.127,23.176],[76.113,23.241]]]},"properties":{"DISTRICT":"Ujjain","ST_NM":"Madhya Pradesh"}},
{"type":"Feature","geometry":{"type":"Polygon","coordinates":[[[94.407,24.483],[94.463,24.569],[94.518,24.61],[94.549,24.71],[94.608,24.715],[94.639,24.842],[94.69,24.893],[94.74,25.018],[94.744,25.13],[94.6,25.189],[94.597,25.283],[94.681,25.453],[94.556,25.507],[94.572,25.692],[94.492,25.608],[94.378,25.388],[94.381,25.357],[94.299,25.249],[94.132,25.112],[94.121,25.069],[94.174,24.926],[94.15,24.875],[94.184,24.766],[94.203,24.626],[94.286,24.601],[94.407,24.483]]]},"properties":{"DISTRICT":"Ukhrul","ST_NM":"Manipur"}},
{"type":"Feature","geometry":{"type":"Polygon","coordinates":[[[81.257,23.209],[81.349,23.35],[81.293,23.496],[81.301,23.558],[81.252,23.577],[81.229,23.679],[81.248,23.725],[81.182,23.796],[81.224,23.855],[81.162,23.891],[81.131,23.967],[81.073,23.963],[81.003,24.071],[81.002,24.085],[81.007,24.088],[81.012,24.092],[81.004,24.093],[80.986,24.078],[80.977,24.068],[80.958,24.066],[80.836,23.953],[80.895,23.861],[80.904,23.682],[80.822,23.669],[80.689,23.734],[80.652,23.637],[80.56,23.562],[80.565,23.468],[80.544,23.393],[80.574,23.352],[80.702,23.371],[80.757,23.344],[80.717,23.28],[80.872,23.237],[80.938,23.289],[81.068,23.194],[81.125,23.216],[81.138,23.235],[81.139,23.242],[81.193,23.29],[81.203,23.279],[81.257,23.209]]]},"properties":{"DISTRICT":"Umaria","ST_NM":"Madhya Pradesh"}},
{"type":"Feature","geometry":{"type":"Polygon","coordinates":[[[76.459,31.486],[76.394,31.62],[76.314,31.722],[76.29,31.687],[76.204,31.773],[76.115,31.805],[76.048,31.862],[75.959,31.856],[75.96,31.78],[76.017,31.645],[76.098,31.535],[76.171,31.402],[76.187,31.304],[76.291,31.307],[76.396,31.408],[76.472,31.424],[76.459,31.486]]]},"properties":{"DISTRICT":"Una","ST_NM":"Himachal Pradesh"}},
{"type":"Feature","geometry":{"type":"Polygon","coordinates":[[[80.676,26.121],[80.732,26.176],[80.812,26.208],[80.888,26.292],[80.832,26.349],[80.939,26.357],[80.999,26.314],[81.038,26.361],[80.985,26.473],[81,26.535],[80.892,26.598],[80.843,26.663],[80.699,26.689],[80.738,26.776],[80.681,26.861],[80.627,26.889],[80.6,26.984],[80.56,27.011],[80.384,26.93],[80.339,26.948],[80.305,27.025],[80.23,26.97],[80.1,26.98],[80.052,26.919],[80.107,26.872],[80.133,26.743],[80.187,26.687],[80.259,26.669],[80.304,26.606],[80.296,26.548],[80.422,26.424],[80.533,26.358],[80.567,26.227],[80.614,26.152],[80.676,26.121]]]},"properties":{"DISTRICT":"Unnao","ST_NM":"Uttar Pradesh"}},
{"type":"Feature","geometry":{"type":"Polygon","coordinates":[[[95.272,29.048],[95.256,29.108],[95.119,29.12],[95.01,29.169],[94.877,29.183],[94.803,29.164],[94.772,29.252],[94.634,29.348],[94.564,29.228],[94.437,29.226],[94.356,29.15],[94.294,29.148],[94.191,29.038],[94.346,28.984],[94.483,28.858],[94.7,28.728],[94.749,28.686],[94.762,28.534],[94.823,28.568],[94.992,28.529],[95.088,28.526],[95.114,28.462],[95.11,28.263],[95.227,28.152],[95.345,28.244],[95.385,28.31],[95.341,28.365],[95.34,28.477],[95.411,28.546],[95.379,28.605],[95.358,28.701],[95.393,28.741],[95.334,28.834],[95.303,28.956],[95.247,29],[95.272,29.048]]]},"properties":{"DISTRICT":"Upper Siang","ST_NM":"Arunanchal Pradesh"}},
{"type":"Feature","geometry":{"type":"Polygon","coordinates":[[[94.019,27.955],[94.063,27.869],[94.152,27.866],[94.197,27.811],[94.32,27.774],[94.473,27.832],[94.581,27.856],[94.516,28.015],[94.395,28.082],[94.371,28.211],[94.407,28.328],[94.312,28.375],[94.245,28.446],[94.136,28.451],[94.112,28.521],[94.005,28.577],[94.027,28.651],[93.965,28.712],[93.909,28.676],[93.849,28.706],[93.78,28.668],[93.737,28.688],[93.612,28.655],[93.501,28.683],[93.338,28.633],[93.281,28.504],[93.196,28.425],[93.237,28.4],[93.225,28.335],[93.34,28.353],[93.389,28.306],[93.575,28.256],[93.684,28.321],[93.769,28.263],[93.843,28.239],[93.896,28.128],[93.857,28.083],[93.941,28.002],[94.019,27.955]]]},"properties":{"DISTRICT":"Upper Subansiri","ST_NM":"Arunanchal Pradesh"}},
{"type":"Feature","geometry":{"type":"Polygon","coordinates":[[[88.461,25.593],[88.456,25.663],[88.301,25.759],[88.271,25.808],[88.212,25.786],[88.116,25.796],[88.094,25.894],[88.125,25.968],[88.18,26.022],[88.163,26.105],[88.253,26.193],[88.33,26.205],[88.364,26.293],[88.453,26.36],[88.523,26.383],[88.487,26.46],[88.345,26.497],[88.243,26.449],[88.274,26.422],[88.268,26.338],[88.231,26.289],[88.044,26.178],[87.966,26.084],[87.919,26.091],[87.849,26.044],[87.824,25.933],[87.825,25.882],[87.917,25.852],[87.907,25.78],[88.057,25.686],[88.033,25.554],[88.01,25.494],[87.992,25.503],[88.01,25.494],[88.076,25.481],[88.128,25.363],[88.115,25.328],[88.114,25.323],[88.183,25.29],[88.185,25.286],[88.267,25.425],[88.256,25.487],[88.33,25.55],[88.461,25.593]]]},"properties":{"DISTRICT":"Uttar Dinajpur","ST_NM":"West Bengal"}},
{"type":"Feature","geometry":{"type":"Polygon","coordinates":[[[74.277,15.522],[74.25,15.492],[74.284,15.384],[74.322,15.37],[74.336,15.295],[74.27,15.277],[74.316,15.187],[74.275,15.104],[74.296,15.042],[74.235,14.949],[74.18,14.956],[74.088,14.896],[74.125,14.833],[74.108,14.786],[74.204,14.733],[74.263,14.722],[74.279,14.619],[74.397,14.408],[74.414,14.312],[74.444,14.281],[74.516,13.989],[74.582,13.926],[74.668,13.984],[74.678,14.038],[74.64,14.097],[74.667,14.188],[74.717,14.234],[74.919,14.231],[74.926,14.322],[74.976,14.335],[74.922,14.433],[74.906,14.529],[74.979,14.552],[75.051,14.649],[75.032,14.707],[75.071,14.78],[75.07,15.016],[75.081,15.073],[74.94,15.066],[74.829,15.133],[74.909,15.251],[74.899,15.299],[74.826,15.343],[74.821,15.384],[74.743,15.411],[74.614,15.359],[74.534,15.419],[74.48,15.396],[74.34,15.519],[74.277,15.522]]]},"properties":{"DISTRICT":"Uttara Kannada","ST_NM":"Karnataka"}},
{"type":"Feature","geometry":{"type":"Polygon","coordinates":[[[78.016,30.613],[78.155,30.635],[78.208,30.578],[78.282,30.61],[78.413,30.483],[78.484,30.627],[78.55,30.573],[78.596,30.628],[78.602,30.691],[78.726,30.732],[78.809,30.722],[78.855,30.755],[78.852,30.849],[78.879,30.877],[79,30.862],[79.033,30.807],[79.091,30.776],[79.217,30.74],[79.249,30.733],[79.259,30.724],[79.275,30.725],[79.279,30.726],[79.281,30.727],[79.291,30.752],[79.23,30.808],[79.331,31.028],[79.408,31.074],[79.397,31.113],[79.315,31.144],[79.264,31.291],[79.145,31.434],[79.073,31.467],[78.996,31.352],[78.946,31.333],[78.925,31.229],[78.95,31.217],[78.951,31.201],[78.961,31.188],[78.987,31.177],[79.012,31.112],[78.895,31.099],[78.834,31.142],[78.81,31.2],[78.666,31.193],[78.616,31.231],[78.485,31.199],[78.384,31.283],[78.332,31.28],[78.321,31.281],[78.314,31.283],[78.248,31.23],[78.163,31.227],[78.107,31.188],[77.917,31.154],[77.819,31.049],[77.839,31.001],[77.805,30.921],[77.818,30.936],[77.841,30.934],[77.909,30.954],[77.917,30.962],[77.929,30.969],[77.971,30.975],[78.022,30.912],[77.989,30.849],[78.089,30.719],[78.016,30.613]]]},"properties":{"DISTRICT":"Uttarkashi","ST_NM":"Uttarakhand"}},
{"type":"Feature","geometry":{"type":"MultiPolygon","coordinates":[[[[74.063,22.549],[74.02,22.571],[73.908,22.508],[73.815,22.546],[73.811,22.547],[73.805,22.549],[73.758,22.546],[73.727,22.461],[73.754,22.345],[73.699,22.285],[73.631,22.323],[73.485,22.346],[73.423,22.427],[73.373,22.553],[73.416,22.659],[73.351,22.789],[73.281,22.779],[73.23,22.634],[73.163,22.59],[73.05,22.365],[73.063,22.313],[72.978,22.248],[72.915,22.278],[72.92,22.261],[72.899,22.232],[72.865,22.226],[72.868,22.156],[72.907,22.067],[72.981,22.047],[73.069,21.923],[73.21,21.82],[73.3,21.889],[73.367,21.928],[73.433,21.914],[73.504,22.037],[73.616,22.077],[73.698,22.005],[73.699,22.005],[73.7,22.005],[73.711,22.001],[73.707,21.997],[73.704,21.978],[73.715,21.978],[73.809,21.927],[73.859,21.95],[73.944,21.869],[74.042,21.921],[74.142,21.952],[74.096,22],[74.134,22.052],[74.119,22.211],[74.072,22.22],[74.068,22.359],[74.13,22.331],[74.195,22.341],[74.271,22.391],[74.234,22.437],[74.101,22.432],[74.063,22.549]]],[[[72.855,22.272],[72.867,22.243],[72.91,22.261],[72.855,22.272]]]]},"properties":{"DISTRICT":"Vadodara","ST_NM":"Gujarat"}},
{"type":"Feature","geometry":{"type":"Polygon","coordinates":[[[85.07,25.971],[85.125,25.853],[85.167,25.833],[85.2,25.675],[85.195,25.624],[85.252,25.596],[85.311,25.515],[85.497,25.494],[85.539,25.505],[85.534,25.585],[85.573,25.68],[85.612,25.707],[85.606,25.797],[85.633,25.923],[85.525,25.916],[85.387,25.927],[85.27,26.013],[85.17,26.01],[85.07,25.971]]]},"properties":{"DISTRICT":"Vaishali","ST_NM":"Bihar"}},
{"type":"Feature","geometry":{"type":"Polygon","coordinates":[[[73.207,20.122],[73.25,20.125],[73.302,20.207],[73.418,20.201],[73.428,20.282],[73.406,20.381],[73.468,20.495],[73.473,20.583],[73.408,20.626],[73.26,20.581],[73.216,20.604],[73.074,20.6],[73.036,20.703],[72.898,20.736],[72.845,20.731],[72.883,20.61],[72.873,20.506],[72.845,20.475],[72.896,20.421],[72.881,20.37],[72.802,20.374],[72.738,20.246],[72.729,20.137],[72.817,20.157],[72.873,20.227],[72.96,20.213],[72.935,20.294],[73.036,20.293],[73.045,20.326],[73.167,20.312],[73.092,20.229],[73.11,20.159],[73.171,20.203],[73.207,20.122]]]},"properties":{"DISTRICT":"Valsad","ST_NM":"Gujarat"}},
{"type":"Feature","geometry":{"type":"Polygon","coordinates":[[[83.18,25.51],[83.087,25.494],[83.072,25.551],[82.929,25.57],[82.743,25.546],[82.689,25.43],[82.694,25.394],[82.702,25.326],[82.672,25.248],[82.757,25.243],[82.857,25.169],[82.919,25.213],[83.002,25.203],[83.034,25.241],[83.09,25.33],[83.176,25.353],[83.191,25.419],[83.131,25.444],[83.18,25.51]]]},"properties":{"DISTRICT":"Varanasi","ST_NM":"Uttar Pradesh"}},
{"type":"Feature","geometry":{"type":"Polygon","coordinates":[[[78.409,12.624],[78.417,12.486],[78.451,12.449],[78.617,12.337],[78.607,12.263],[78.652,12.258],[78.712,12.305],[78.898,12.687],[78.981,12.666],[79.075,12.752],[79.206,12.74],[79.209,12.784],[79.288,12.78],[79.382,12.708],[79.384,12.627],[79.452,12.67],[79.477,12.776],[79.46,12.846],[79.49,12.872],[79.56,12.85],[79.573,12.899],[79.786,13.022],[79.732,13.095],[79.736,13.164],[79.655,13.208],[79.63,13.144],[79.424,13.144],[79.347,13.061],[79.286,13.133],[79.239,13.146],[79.165,13.019],[78.994,13.088],[78.958,13.075],[78.812,13.086],[78.632,12.985],[78.636,12.925],[78.564,12.708],[78.469,12.673],[78.409,12.624]]]},"properties":{"DISTRICT":"Vellore","ST_NM":"Tamil Nadu"}},
{"type":"Feature","geometry":{"type":"Polygon","coordinates":[[[77.649,24.315],[77.554,24.249],[77.451,24.24],[77.401,24.275],[77.264,24.07],[77.311,24.01],[77.319,23.894],[77.375,23.884],[77.418,23.805],[77.471,23.76],[77.574,23.769],[77.651,23.698],[77.58,23.653],[77.509,23.573],[77.522,23.518],[77.626,23.464],[77.673,23.518],[77.735,23.535],[77.811,23.461],[77.915,23.452],[77.961,23.372],[78.022,23.345],[78.134,23.516],[78.222,23.529],[78.293,23.674],[78.26,23.724],[78.299,23.828],[78.278,24.029],[78.212,24.068],[78.182,24.011],[78.118,24.041],[78.134,24.211],[78.072,24.256],[77.966,24.248],[77.888,24.277],[77.88,24.318],[77.716,24.302],[77.649,24.315]]]},"properties":{"DISTRICT":"Vidisha","ST_NM":"Madhya Pradesh"}},
{"type":"Feature","geometry":{"type":"Polygon","coordinates":[[[79.675,11.806],[79.676,11.814],[79.682,11.813],[79.683,11.812],[79.687,11.821],[79.691,11.82],[79.689,11.828],[79.703,11.831],[79.696,11.843],[79.695,11.859],[79.69,11.867],[79.69,11.882],[79.688,11.884],[79.686,11.881],[79.674,11.886],[79.695,11.894],[79.695,11.9],[79.695,11.908],[79.718,11.917],[79.717,11.891],[79.73,11.889],[79.731,11.901],[79.733,11.904],[79.719,11.927],[79.711,11.934],[79.713,11.931],[79.693,11.954],[79.716,11.966],[79.71,11.975],[79.657,11.99],[79.659,12],[79.659,12.007],[79.662,12.011],[79.707,12.025],[79.706,12.01],[79.717,12],[79.718,11.994],[79.767,11.99],[79.729,11.97],[79.752,11.942],[79.752,11.922],[79.756,11.922],[79.756,11.924],[79.763,11.943],[79.807,11.962],[79.807,11.972],[79.833,11.955],[79.841,12.013],[79.844,12.032],[79.85,12.05],[79.875,12.043],[80.005,12.256],[79.955,12.231],[79.871,12.244],[79.783,12.34],[79.685,12.316],[79.645,12.345],[79.45,12.378],[79.402,12.435],[79.238,12.44],[79.287,12.319],[79.214,12.166],[79.279,12.123],[79.235,12.062],[79.1,12.023],[79.019,12.065],[78.961,12.067],[78.918,12.014],[78.761,12.009],[78.718,11.98],[78.724,11.915],[78.627,11.864],[78.695,11.846],[78.641,11.76],[78.651,11.664],[78.782,11.699],[78.779,11.604],[78.829,11.576],[78.845,11.52],[78.876,11.505],[78.923,11.565],[79.018,11.604],[79.185,11.586],[79.211,11.634],[79.297,11.634],[79.383,11.679],[79.433,11.733],[79.456,11.87],[79.587,11.841],[79.636,11.8],[79.675,11.806]],[[79.628,12.03],[79.654,12.024],[79.64,11.99],[79.642,11.973],[79.649,11.96],[79.649,11.953],[79.643,11.945],[79.658,11.948],[79.659,11.944],[79.661,11.94],[79.661,11.938],[79.671,11.933],[79.672,11.922],[79.672,11.915],[79.663,11.914],[79.627,11.902],[79.628,11.904],[79.62,11.924],[79.62,11.94],[79.621,11.944],[79.629,11.944],[79.629,11.954],[79.618,11.97],[79.619,11.987],[79.625,11.988],[79.62,12],[79.62,12.009],[79.622,12.014],[79.628,12.03]],[[79.6,11.88],[79.631,11.888],[79.636,11.881],[79.637,11.887],[79.643,11.886],[79.65,11.88],[79.649,11.875],[79.657,11.871],[79.664,11.86],[79.627,11.852],[79.62,11.863],[79.602,11.857],[79.601,11.875],[79.6,11.88]],[[79.663,11.968],[79.689,11.972],[79.685,11.953],[79.654,11.959],[79.661,11.962],[79.663,11.968]],[[79.641,11.823],[79.661,11.839],[79.66,11.826],[79.671,11.823],[79.67,11.815],[79.646,11.816],[79.641,11.823]]]},"properties":{"DISTRICT":"Viluppuram","ST_NM":"Tamil Nadu"}},
{"type":"Feature","geometry":{"type":"Polygon","coordinates":[[[77.341,9.417],[77.497,9.334],[77.547,9.372],[77.625,9.292],[77.713,9.289],[77.773,9.236],[77.848,9.242],[77.912,9.199],[78.06,9.361],[78.17,9.368],[78.225,9.296],[78.283,9.275],[78.378,9.292],[78.338,9.366],[78.245,9.377],[78.22,9.444],[78.33,9.479],[78.377,9.566],[78.419,9.596],[78.309,9.715],[78.21,9.78],[78.173,9.748],[78.153,9.752],[78.139,9.762],[78.134,9.765],[78.063,9.741],[78.016,9.639],[77.776,9.64],[77.725,9.693],[77.644,9.705],[77.52,9.638],[77.478,9.563],[77.403,9.526],[77.399,9.47],[77.341,9.417]]]},"properties":{"DISTRICT":"Virudunagar","ST_NM":"Tamil Nadu"}},
{"type":"Feature","geometry":{"type":"Polygon","coordinates":[[[83.274,18.225],[83.268,18.275],[83.173,18.309],[83.074,18.402],[83.048,18.379],[83.02,18.387],[83.012,18.386],[83.005,18.384],[83,18.384],[82.989,18.375],[82.985,18.364],[82.911,18.365],[82.899,18.401],[82.807,18.448],[82.775,18.34],[82.598,18.265],[82.606,18.371],[82.543,18.398],[82.531,18.512],[82.437,18.493],[82.37,18.418],[82.341,18.224],[82.345,18.056],[82.267,18.043],[82.25,17.988],[82.172,18.05],[82.033,18.066],[81.982,18.014],[82.031,17.937],[81.978,17.842],[81.868,17.754],[81.97,17.744],[82.031,17.687],[82.003,17.636],[82.128,17.654],[82.163,17.615],[82.217,17.638],[82.337,17.59],[82.335,17.511],[82.412,17.473],[82.457,17.513],[82.56,17.52],[82.604,17.463],[82.554,17.392],[82.523,17.292],[82.55,17.248],[82.753,17.366],[82.993,17.471],[83.045,17.517],[83.217,17.59],[83.346,17.721],[83.453,17.88],[83.446,17.92],[83.429,17.941],[83.406,17.922],[83.379,17.922],[83.417,17.987],[83.397,18.052],[83.315,18.022],[83.31,17.983],[83.2,17.845],[83.144,17.844],[83.105,17.932],[83.009,17.968],[83,18],[83.058,18.087],[83.101,18.102],[83.147,18.177],[83.274,18.225]]]},"properties":{"DISTRICT":"Visakhapatnam","ST_NM":"Andhra Pradesh"}},
{"type":"Feature","geometry":{"type":"Polygon","coordinates":[[[83.074,18.402],[83.173,18.309],[83.268,18.275],[83.274,18.225],[83.147,18.177],[83.101,18.102],[83.058,18.087],[83,18],[83.009,17.968],[83.105,17.932],[83.144,17.844],[83.2,17.845],[83.31,17.983],[83.315,18.022],[83.397,18.052],[83.417,17.987],[83.379,17.922],[83.406,17.922],[83.429,17.941],[83.491,17.919],[83.566,18.002],[83.668,18.073],[83.619,18.127],[83.626,18.134],[83.617,18.141],[83.609,18.149],[83.604,18.168],[83.575,18.202],[83.525,18.28],[83.441,18.313],[83.414,18.415],[83.435,18.438],[83.573,18.431],[83.606,18.562],[83.52,18.559],[83.545,18.671],[83.526,18.7],[83.585,18.755],[83.672,18.805],[83.748,18.775],[83.756,18.79],[83.756,18.795],[83.757,18.802],[83.761,18.814],[83.766,18.82],[83.77,18.824],[83.8,18.826],[83.809,18.827],[83.821,18.829],[83.824,18.833],[83.823,18.854],[83.82,18.862],[83.806,18.872],[83.798,18.881],[83.778,18.91],[83.754,18.927],[83.692,19.052],[83.612,19.101],[83.482,19.008],[83.348,19.017],[83.321,18.974],[83.396,18.879],[83.092,18.664],[83.034,18.573],[83.074,18.402]]]},"properties":{"DISTRICT":"Vizianagaram","ST_NM":"Andhra Pradesh"}},
{"type":"Feature","geometry":{"type":"Polygon","coordinates":[[[80.344,18.595],[80.269,18.588],[80.229,18.553],[80.219,18.39],[80.153,18.413],[80.053,18.482],[79.959,18.507],[79.926,18.459],[79.857,18.485],[79.763,18.472],[79.685,18.497],[79.597,18.47],[79.58,18.425],[79.576,18.28],[79.624,18.182],[79.564,18.106],[79.479,18.115],[79.375,18.02],[79.292,18.017],[79.234,17.98],[79.096,18.025],[78.972,18.032],[78.833,17.894],[78.87,17.809],[78.989,17.788],[79.015,17.72],[79.075,17.712],[79.124,17.668],[79.162,17.579],[79.308,17.556],[79.403,17.5],[79.629,17.492],[79.759,17.431],[79.793,17.32],[79.872,17.333],[79.896,17.372],[79.987,17.401],[80.055,17.347],[80.161,17.394],[80.169,17.455],[80.084,17.528],[80.054,17.596],[80.076,17.682],[80.136,17.734],[80.173,17.712],[80.239,17.752],[80.314,17.977],[80.395,18.082],[80.457,18.067],[80.48,18.126],[80.598,18.082],[80.666,18.171],[80.474,18.307],[80.465,18.447],[80.381,18.474],[80.389,18.598],[80.344,18.595]]]},"properties":{"DISTRICT":"Warangal","ST_NM":"Andhra Pradesh"}},
{"type":"Feature","geometry":{"type":"Polygon","coordinates":[[[78.28,20.696],[78.25,20.643],[78.28,20.562],[78.413,20.511],[78.509,20.52],[78.577,20.429],[78.641,20.434],[78.708,20.309],[78.802,20.298],[78.819,20.387],[78.899,20.437],[78.951,20.428],[79.024,20.478],[79.131,20.454],[79.225,20.582],[79.143,20.676],[79.053,20.734],[78.945,20.767],[78.916,20.835],[78.805,20.877],[78.735,20.947],[78.731,21.005],[78.652,21.036],[78.559,21.115],[78.507,21.19],[78.443,21.235],[78.333,21.251],[78.251,21.329],[78.158,21.33],[78.105,21.355],[78.055,21.249],[78.143,21.14],[78.146,20.952],[78.238,20.896],[78.3,20.811],[78.311,20.735],[78.28,20.696]]]},"properties":{"DISTRICT":"Wardha","ST_NM":"Maharashtra"}},
{"type":"Feature","geometry":{"type":"Polygon","coordinates":[[[76.822,20.28],[76.759,20.131],[76.671,20.126],[76.66,19.976],[76.612,19.89],[76.647,19.866],[76.679,19.846],[76.739,19.872],[76.773,19.933],[77.036,20.01],[77.102,19.933],[77.209,19.947],[77.286,19.91],[77.374,20.046],[77.526,20.094],[77.581,20.03],[77.669,20.1],[77.669,20.248],[77.612,20.264],[77.575,20.393],[77.648,20.449],[77.653,20.564],[77.656,20.647],[77.616,20.76],[77.522,20.732],[77.455,20.656],[77.467,20.61],[77.34,20.576],[77.349,20.465],[77.296,20.42],[77.225,20.448],[77.132,20.4],[77.055,20.448],[76.98,20.372],[76.9,20.341],[76.822,20.28]]]},"properties":{"DISTRICT":"Washim","ST_NM":"Maharashtra"}},
{"type":"Feature","geometry":{"type":"Polygon","coordinates":[[[76.415,11.76],[76.342,11.737],[76.282,11.807],[76.225,11.807],[76.191,11.87],[76.114,11.858],[76.114,11.977],[76.035,11.939],[75.931,11.939],[75.929,11.843],[75.808,11.855],[75.777,11.798],[75.851,11.699],[75.896,11.699],[75.908,11.603],[76.042,11.501],[76.143,11.449],[76.241,11.525],[76.429,11.632],[76.431,11.666],[76.415,11.76]]]},"properties":{"DISTRICT":"Wayanad","ST_NM":"Kerala"}},
{"type":"Feature","geometry":{"type":"Polygon","coordinates":[[[77.186,28.658],[77.171,28.668],[76.964,28.695],[76.952,28.67],[77.038,28.613],[77.113,28.614],[77.183,28.648],[77.186,28.658]]]},"properties":{"DISTRICT":"West","ST_NM":"NCT of Delhi"}},
{"type":"Feature","geometry":{"type":"Polygon","coordinates":[[[88.286,27.13],[88.31,27.226],[88.303,27.334],[88.361,27.378],[88.277,27.412],[88.284,27.513],[88.212,27.581],[88.117,27.618],[88.047,27.493],[88.071,27.426],[88.062,27.329],[88.017,27.216],[88.066,27.213],[88.096,27.138],[88.286,27.13]]]},"properties":{"DISTRICT":"West","ST_NM":"Sikkim"}},
{"type":"Feature","geometry":{"type":"Polygon","coordinates":[[[89.856,25.477],[89.817,25.369],[89.872,25.287],[89.911,25.307],[90.115,25.224],[90.236,25.203],[90.264,25.321],[90.311,25.365],[90.323,25.465],[90.406,25.551],[90.445,25.696],[90.41,25.75],[90.385,25.867],[90.426,25.953],[90.228,25.925],[90.185,25.901],[90.115,25.954],[89.959,25.775],[89.898,25.727],[90.006,25.584],[89.89,25.558],[89.856,25.477]]]},"properties":{"DISTRICT":"West Garo Hills","ST_NM":"Meghalaya"}},
{"type":"Feature","geometry":{"type":"Polygon","coordinates":[[[81.507,17.498],[81.45,17.39],[81.394,17.364],[81.331,17.398],[81.276,17.328],[81.199,17.336],[81.172,17.241],[80.994,17.188],[80.914,17.209],[80.879,17.154],[80.868,17.059],[80.964,17.041],[80.936,16.964],[81.039,16.798],[80.972,16.633],[81.011,16.561],[81.186,16.623],[81.266,16.606],[81.285,16.667],[81.353,16.605],[81.34,16.514],[81.438,16.413],[81.548,16.387],[81.593,16.342],[81.72,16.328],[81.706,16.439],[81.752,16.436],[81.853,16.525],[81.868,16.616],[81.799,16.706],[81.749,16.813],[81.729,16.937],[81.726,17.07],[81.673,17.145],[81.648,17.253],[81.659,17.322],[81.567,17.452],[81.507,17.498]]]},"properties":{"DISTRICT":"West Godavari","ST_NM":"Andhra Pradesh"}},
{"type":"Feature","geometry":{"type":"Polygon","coordinates":[[[92.464,27.782],[92.425,27.766],[92.397,27.672],[92.346,27.672],[92.225,27.627],[92.115,27.525],[92.016,27.481],[92.059,27.399],[92.074,27.276],[92.032,27.078],[92.107,27.007],[92.111,26.893],[92.198,26.89],[92.368,26.931],[92.449,26.959],[92.588,26.96],[92.642,27.017],[92.593,27.079],[92.611,27.14],[92.753,27.195],[92.819,27.177],[92.903,27.208],[92.893,27.281],[92.851,27.289],[92.794,27.554],[92.682,27.537],[92.613,27.555],[92.598,27.63],[92.542,27.619],[92.519,27.734],[92.464,27.782]]]},"properties":{"DISTRICT":"West Kameng","ST_NM":"Arunanchal Pradesh"}},
{"type":"Feature","geometry":{"type":"Polygon","coordinates":[[[90.769,25.554],[90.795,25.49],[90.76,25.431],[90.768,25.367],[90.845,25.351],[90.962,25.246],[90.973,25.172],[91.084,25.201],[91.268,25.206],[91.391,25.17],[91.357,25.229],[91.406,25.263],[91.547,25.279],[91.528,25.344],[91.559,25.452],[91.545,25.511],[91.657,25.551],[91.699,25.542],[91.784,25.589],[91.811,25.643],[91.831,25.688],[91.753,25.827],[91.701,25.804],[91.59,25.811],[91.461,25.788],[91.362,25.806],[91.345,25.835],[91.278,25.746],[91.227,25.723],[91.156,25.849],[91.004,25.822],[90.985,25.744],[90.911,25.64],[90.769,25.554]]]},"properties":{"DISTRICT":"West Khasi Hills","ST_NM":"Meghalaya"}},
{"type":"Feature","geometry":{"type":"Polygon","coordinates":[[[75.619,21.391],[75.833,21.381],[75.888,21.397],[75.992,21.374],[76.005,21.481],[75.963,21.548],[76.079,21.572],[76.074,21.661],[76.119,21.72],[76.104,21.847],[76.171,21.885],[76.147,21.979],[76.234,22.073],[76.131,22.17],[76.033,22.197],[76.109,22.251],[76.183,22.272],[76.214,22.33],[76.238,22.393],[76.102,22.476],[76.087,22.547],[76.031,22.529],[76.059,22.462],[75.838,22.403],[75.773,22.367],[75.621,22.34],[75.559,22.375],[75.497,22.336],[75.536,22.226],[75.505,22.158],[75.319,22.134],[75.397,22.091],[75.42,22.028],[75.359,21.986],[75.31,21.839],[75.264,21.745],[75.209,21.729],[75.307,21.64],[75.34,21.666],[75.44,21.676],[75.501,21.617],[75.462,21.543],[75.502,21.488],[75.584,21.475],[75.619,21.391]]]},"properties":{"DISTRICT":"West Nimar","ST_NM":"Madhya Pradesh"}},
{"type":"Feature","geometry":{"type":"Polygon","coordinates":[[[94.868,27.742],[94.96,27.98],[94.884,28],[94.938,28.244],[94.873,28.413],[94.767,28.423],[94.762,28.534],[94.749,28.686],[94.7,28.728],[94.483,28.858],[94.346,28.984],[94.191,29.038],[94.161,28.954],[94,28.841],[93.965,28.712],[94.027,28.651],[94.005,28.577],[94.112,28.521],[94.136,28.451],[94.245,28.446],[94.312,28.375],[94.407,28.328],[94.371,28.211],[94.395,28.082],[94.516,28.015],[94.581,27.856],[94.473,27.832],[94.32,27.774],[94.325,27.703],[94.214,27.608],[94.37,27.573],[94.423,27.598],[94.502,27.574],[94.686,27.66],[94.745,27.66],[94.851,27.707],[94.868,27.742]]]},"properties":{"DISTRICT":"West Siang","ST_NM":"Arunanchal Pradesh"}},
{"type":"Feature","geometry":{"type":"Polygon","coordinates":[[[91.761,24.139],[91.663,24.186],[91.645,24.12],[91.553,24.076],[91.428,24.109],[91.363,23.985],[91.285,23.98],[91.233,23.886],[91.254,23.838],[91.228,23.745],[91.164,23.746],[91.163,23.601],[91.25,23.49],[91.315,23.273],[91.371,23.298],[91.39,23.352],[91.382,23.518],[91.399,23.574],[91.462,23.655],[91.598,23.759],[91.689,23.753],[91.779,23.691],[91.778,23.911],[91.755,23.956],[91.761,24.139]]]},"properties":{"DISTRICT":"West Tripura","ST_NM":"Tripura"}},
{"type":"Feature","geometry":{"type":"Polygon","coordinates":[[[93.983,25.922],[94.107,25.985],[94.169,25.974],[94.243,26.004],[94.359,26.01],[94.39,26.115],[94.37,26.192],[94.359,26.358],[94.293,26.418],[94.317,26.458],[94.283,26.559],[94.187,26.456],[94.168,26.349],[94.108,26.322],[94.013,26.182],[93.955,26.003],[93.983,25.922]]]},"properties":{"DISTRICT":"Wokha","ST_NM":"Nagaland"}},
{"type":"Feature","geometry":{"type":"Polygon","coordinates":[[[76.329,16.191],[76.479,16.29],[76.605,16.339],[76.747,16.412],[76.848,16.433],[76.883,16.493],[76.97,16.505],[77.011,16.545],[77.145,16.478],[77.171,16.435],[77.289,16.407],[77.255,16.472],[77.37,16.488],[77.42,16.522],[77.458,16.611],[77.421,16.667],[77.441,16.767],[77.471,16.78],[77.457,16.885],[77.408,16.881],[77.335,16.931],[77.24,16.943],[77.041,16.879],[76.934,16.829],[76.895,16.896],[76.755,16.831],[76.634,16.737],[76.605,16.766],[76.46,16.711],[76.405,16.648],[76.437,16.435],[76.334,16.424],[76.302,16.283],[76.348,16.274],[76.329,16.191]]]},"properties":{"DISTRICT":"Yadgir","ST_NM":"Karnataka"}},
{"type":"Feature","geometry":{"type":"Polygon","coordinates":[[[78.85,19.76],[78.952,19.753],[78.959,19.803],[79.029,19.801],[79.133,19.863],[79.095,19.915],[79.115,19.988],[79.071,20.064],[78.955,20.168],[78.922,20.237],[78.827,20.247],[78.802,20.298],[78.708,20.309],[78.641,20.434],[78.577,20.429],[78.509,20.52],[78.413,20.511],[78.28,20.562],[78.25,20.643],[78.28,20.696],[78.159,20.659],[78.064,20.673],[77.971,20.587],[77.919,20.605],[77.817,20.585],[77.772,20.54],[77.653,20.564],[77.648,20.449],[77.575,20.393],[77.612,20.264],[77.669,20.248],[77.669,20.1],[77.581,20.03],[77.526,20.094],[77.374,20.046],[77.286,19.91],[77.39,19.821],[77.379,19.743],[77.46,19.682],[77.617,19.638],[77.646,19.548],[77.75,19.522],[77.749,19.431],[77.848,19.456],[77.862,19.52],[77.959,19.511],[78.013,19.465],[78.114,19.491],[78.195,19.626],[78.131,19.667],[78.082,19.648],[78,19.681],[77.934,19.739],[77.861,19.744],[77.849,19.801],[77.892,19.871],[77.954,19.911],[78.053,19.931],[78.078,19.901],[78.315,19.913],[78.389,19.88],[78.402,19.837],[78.531,19.822],[78.85,19.76]]]},"properties":{"DISTRICT":"Yavatmal","ST_NM":"Maharashtra"}},
{"type":"Feature","geometry":{"type":"Polygon","coordinates":[[[94.672,26.017],[94.705,26.052],[94.693,26.193],[94.587,26.219],[94.55,26.202],[94.488,26.29],[94.437,26.204],[94.37,26.192],[94.39,26.115],[94.359,26.01],[94.354,25.924],[94.442,25.888],[94.469,25.831],[94.559,25.777],[94.715,25.758],[94.576,25.896],[94.672,26.017]]]},"properties":{"DISTRICT":"Zunheboto","ST_NM":"Nagaland"}},
{"type":"Feature","geometry":{"type":"Polygon","coordinates":[[[80.845,21.83],[80.943,21.804],[81,21.725],[81.102,21.731],[81.176,21.703],[81.298,21.768],[81.338,21.839],[81.459,21.916],[81.485,22.019],[81.504,22.013],[81.515,22.139],[81.551,22.27],[81.548,22.349],[81.492,22.411],[81.487,22.493],[81.484,22.492],[81.33,22.524],[81.231,22.451],[81.2,22.473],[81.194,22.489],[81.117,22.441],[81.121,22.294],[81.048,22.24],[81.006,22.061],[80.924,22.121],[80.84,21.947],[80.845,21.83]]]},"properties":{"DISTRICT":"Kabeerdham","ST_NM":"Chhattisgarh"}},
{"type":"Feature","geometry":{"type":"Polygon","coordinates":[[[77.065,30.123],[77.081,30.113],[77.092,30.101],[77.077,30.072],[77.118,29.989],[77.131,29.983],[77.223,29.936],[77.283,30.044],[77.413,30.108],[77.583,30.306],[77.588,30.38],[77.504,30.413],[77.448,30.399],[77.359,30.457],[77.324,30.449],[77.213,30.495],[77.213,30.496],[77.17,30.442],[77.155,30.361],[77.185,30.306],[77.129,30.23],[77.075,30.197],[77.068,30.127],[77.065,30.123]]]},"properties":{"DISTRICT":"Yamunanagar","ST_NM":"Haryana"}},
{"type":"Feature","geometry":{"type":"Polygon","coordinates":[[[75.96,29.565],[75.941,29.498],[75.997,29.482],[76.035,29.416],[76.231,29.388],[76.188,29.284],[76.235,29.208],[76.284,29.194],[76.302,29.087],[76.479,29.096],[76.502,29.182],[76.566,29.23],[76.562,29.283],[76.682,29.27],[76.635,29.316],[76.65,29.369],[76.734,29.393],[76.756,29.466],[76.661,29.492],[76.658,29.493],[76.552,29.458],[76.515,29.411],[76.454,29.404],[76.493,29.515],[76.494,29.516],[76.391,29.535],[76.345,29.581],[76.336,29.581],[76.285,29.546],[76.201,29.619],[76.182,29.724],[76.206,29.753],[76.222,29.804],[76.22,29.825],[76.219,29.84],[76.213,29.842],[76.102,29.807],[76.052,29.745],[75.949,29.73],[75.938,29.684],[75.96,29.565]]]},"properties":{"DISTRICT":"Jind","ST_NM":"Haryana"}},
{"type":"Feature","geometry":{"type":"Polygon","coordinates":[[[76.288,27.087],[76.234,26.91],[76.249,26.842],[76.174,26.755],[76.183,26.65],[76.161,26.515],[76.181,26.486],[76.25,26.441],[76.323,26.454],[76.394,26.388],[76.482,26.499],[76.416,26.582],[76.49,26.716],[76.491,26.719],[76.494,26.724],[76.54,26.772],[76.619,26.776],[76.768,26.877],[76.811,26.997],[76.903,26.971],[76.954,26.868],[77.012,26.87],[77.059,26.854],[77.074,26.857],[77.077,26.859],[77.078,26.859],[77.084,26.86],[77.078,26.859],[77.063,26.889],[77.018,26.928],[77.01,27.027],[76.965,27.146],[76.901,27.163],[76.872,27.231],[76.808,27.105],[76.708,27.116],[76.644,27.095],[76.621,27.177],[76.464,27.078],[76.364,27.056],[76.288,27.087]]]},"properties":{"DISTRICT":"Dausa","ST_NM":"Rajasthan"}},
{"type":"Feature","geometry":{"type":"Polygon","coordinates":[[[77.084,26.86],[77.078,26.859],[77.077,26.859],[77.074,26.857],[77.059,26.854],[77.012,26.87],[76.954,26.868],[76.903,26.971],[76.811,26.997],[76.768,26.877],[76.619,26.776],[76.54,26.772],[76.494,26.724],[76.491,26.719],[76.603,26.677],[76.659,26.616],[76.762,26.567],[76.821,26.628],[76.915,26.682],[76.981,26.611],[76.949,26.541],[76.687,26.393],[76.676,26.35],[76.603,26.336],[76.554,26.27],[76.579,26.214],[76.669,26.166],[76.741,26.154],[76.81,26.076],[76.815,26.07],[76.815,26.069],[76.851,26.034],[76.901,26.093],[77.001,26.133],[77.03,26.171],[77.059,26.181],[77.091,26.182],[77.103,26.19],[77.112,26.204],[77.112,26.214],[77.116,26.22],[77.12,26.226],[77.201,26.231],[77.274,26.271],[77.373,26.366],[77.311,26.44],[77.263,26.429],[77.227,26.531],[77.358,26.594],[77.388,26.633],[77.349,26.711],[77.358,26.795],[77.229,26.794],[77.1,26.862],[77.084,26.86]]]},"properties":{"DISTRICT":"Karauli","ST_NM":"Rajasthan"}},
{"type":"Feature","geometry":{"type":"Polygon","coordinates":[[[76.572,25.835],[76.647,25.901],[76.739,25.897],[76.801,25.939],[76.851,26.034],[76.815,26.069],[76.815,26.07],[76.81,26.076],[76.741,26.154],[76.669,26.166],[76.579,26.214],[76.554,26.27],[76.603,26.336],[76.676,26.35],[76.687,26.393],[76.949,26.541],[76.981,26.611],[76.915,26.682],[76.821,26.628],[76.762,26.567],[76.659,26.616],[76.603,26.677],[76.491,26.719],[76.49,26.716],[76.416,26.582],[76.482,26.499],[76.394,26.388],[76.323,26.454],[76.25,26.441],[76.181,26.486],[76.131,26.345],[76.148,26.308],[76.104,26.239],[76.03,26.252],[75.982,26.195],[75.994,26.116],[76.069,26.13],[76.116,26.056],[76.076,26.013],[76.146,25.966],[76.25,26.019],[76.249,25.913],[76.222,25.862],[76.322,25.809],[76.364,25.738],[76.466,25.786],[76.5,25.843],[76.572,25.835]]]},"properties":{"DISTRICT":"Sawai Madhopur","ST_NM":"Rajasthan"}},
{"type":"Feature","geometry":{"type":"Polygon","coordinates":[[[84.739,25.055],[84.744,25.053],[84.756,25.054],[84.769,25.047],[84.815,25.071],[84.875,25.063],[84.875,25.065],[84.875,25.069],[84.876,25.071],[84.876,25.075],[84.881,25.088],[84.873,25.102],[84.88,25.123],[84.864,25.148],[84.858,25.195],[84.864,25.208],[84.865,25.212],[84.865,25.215],[84.865,25.216],[84.812,25.219],[84.705,25.315],[84.628,25.235],[84.532,25.209],[84.466,25.161],[84.448,25.128],[84.513,25.108],[84.686,25.103],[84.741,25.067],[84.739,25.057],[84.739,25.055]]]},"properties":{"DISTRICT":"Arwal","ST_NM":"Bihar"}},
{"type":"Feature","geometry":{"type":"Polygon","coordinates":[[[85.205,25.053],[85.167,25.19],[85.181,25.309],[85.12,25.284],[85.031,25.286],[84.994,25.321],[84.906,25.289],[84.867,25.216],[84.865,25.216],[84.865,25.215],[84.865,25.212],[84.864,25.208],[84.858,25.195],[84.864,25.148],[84.88,25.123],[84.873,25.102],[84.881,25.088],[84.876,25.075],[84.876,25.071],[84.875,25.069],[84.875,25.065],[84.875,25.063],[84.876,25.064],[84.926,25.057],[84.932,24.992],[85.044,25.033],[85.091,24.99],[85.126,25.051],[85.152,25.052],[85.155,25.068],[85.179,25.05],[85.195,25.05],[85.203,25.051],[85.204,25.053],[85.205,25.053]]]},"properties":{"DISTRICT":"Jehanabad","ST_NM":"Bihar"}},
{"type":"Feature","geometry":{"type":"MultiPolygon","coordinates":[[[[79.677,10.325],[79.729,10.33],[79.798,10.271],[79.879,10.29],[79.871,10.34],[79.851,10.716],[79.837,10.827],[79.82,10.887],[79.76,10.897],[79.759,10.906],[79.759,10.91],[79.762,10.912],[79.76,10.915],[79.744,10.913],[79.742,10.909],[79.733,10.907],[79.708,10.912],[79.692,10.931],[79.656,10.884],[79.66,10.816],[79.707,10.78],[79.666,10.611],[79.697,10.554],[79.699,10.456],[79.631,10.435],[79.638,10.359],[79.677,10.325]]],[[[79.525,11.182],[79.574,11.145],[79.515,11.04],[79.515,10.968],[79.631,10.985],[79.703,11.013],[79.747,10.997],[79.747,11],[79.754,11.004],[79.76,11],[79.791,10.993],[79.791,10.986],[79.794,10.983],[79.842,11],[79.842,10.995],[79.852,10.992],[79.857,11.151],[79.838,11.355],[79.814,11.421],[79.644,11.283],[79.599,11.217],[79.525,11.182]]]]},"properties":{"DISTRICT":"Nagappattinam","ST_NM":"Tamil Nadu"}},
{"type":"Feature","geometry":{"type":"Polygon","coordinates":[[[79.744,10.913],[79.76,10.915],[79.762,10.912],[79.759,10.91],[79.759,10.906],[79.76,10.897],[79.82,10.887],[79.837,10.827],[79.852,10.992],[79.842,10.995],[79.842,11],[79.794,10.983],[79.791,10.986],[79.791,10.993],[79.76,11],[79.754,11.004],[79.747,11],[79.747,10.997],[79.747,10.986],[79.755,10.985],[79.757,10.981],[79.755,10.974],[79.757,10.971],[79.763,10.965],[79.763,10.959],[79.757,10.959],[79.729,10.967],[79.721,10.967],[79.721,10.95],[79.726,10.951],[79.736,10.956],[79.738,10.951],[79.73,10.943],[79.726,10.942],[79.721,10.934],[79.728,10.934],[79.727,10.933],[79.726,10.928],[79.738,10.926],[79.737,10.921],[79.738,10.92],[79.741,10.923],[79.743,10.922],[79.743,10.919],[79.746,10.918],[79.744,10.913]]]},"properties":{"DISTRICT":"Karaikal","ST_NM":"Puducherry"}},
{"type":"Feature","geometry":{"type":"MultiPolygon","coordinates":[[[[79.781,11.848],[79.815,11.858],[79.833,11.955],[79.807,11.972],[79.807,11.962],[79.763,11.943],[79.756,11.924],[79.756,11.922],[79.752,11.922],[79.752,11.942],[79.729,11.97],[79.767,11.99],[79.718,11.994],[79.717,12],[79.706,12.01],[79.707,12.025],[79.662,12.011],[79.659,12.007],[79.659,12],[79.657,11.99],[79.71,11.975],[79.716,11.966],[79.693,11.954],[79.713,11.931],[79.711,11.934],[79.719,11.927],[79.733,11.904],[79.731,11.901],[79.73,11.889],[79.717,11.891],[79.718,11.917],[79.695,11.908],[79.695,11.9],[79.695,11.894],[79.674,11.886],[79.686,11.881],[79.688,11.884],[79.693,11.884],[79.695,11.885],[79.706,11.888],[79.709,11.868],[79.713,11.867],[79.719,11.853],[79.722,11.861],[79.743,11.847],[79.754,11.849],[79.759,11.868],[79.759,11.874],[79.766,11.873],[79.769,11.857],[79.766,11.85],[79.763,11.847],[79.767,11.839],[79.773,11.837],[79.776,11.838],[79.781,11.848]],[[79.774,11.903],[79.784,11.898],[79.79,11.895],[79.798,11.897],[79.79,11.876],[79.78,11.868],[79.78,11.878],[79.772,11.887],[79.774,11.903]]],[[[79.784,11.784],[79.795,11.785],[79.798,11.837],[79.793,11.833],[79.796,11.827],[79.764,11.831],[79.755,11.838],[79.73,11.838],[79.732,11.824],[79.727,11.809],[79.725,11.805],[79.723,11.802],[79.714,11.794],[79.757,11.778],[79.762,11.79],[79.763,11.79],[79.781,11.78],[79.784,11.784]]],[[[79.628,12.03],[79.622,12.014],[79.62,12.009],[79.62,12],[79.625,11.988],[79.619,11.987],[79.618,11.97],[79.629,11.954],[79.629,11.944],[79.621,11.944],[79.62,11.94],[79.62,11.924],[79.628,11.904],[79.627,11.902],[79.663,11.914],[79.672,11.915],[79.672,11.922],[79.671,11.933],[79.661,11.938],[79.661,11.94],[79.659,11.944],[79.658,11.948],[79.643,11.945],[79.649,11.953],[79.649,11.96],[79.642,11.973],[79.64,11.99],[79.654,12.024],[79.628,12.03]]],[[[79.6,11.88],[79.601,11.875],[79.602,11.857],[79.62,11.863],[79.627,11.852],[79.664,11.86],[79.657,11.871],[79.649,11.875],[79.65,11.88],[79.643,11.886],[79.637,11.887],[79.636,11.881],[79.631,11.888],[79.6,11.88]]],[[[79.841,12.013],[79.875,12.043],[79.85,12.05],[79.844,12.032],[79.841,12.013]]],[[[79.663,11.968],[79.661,11.962],[79.654,11.959],[79.685,11.953],[79.689,11.972],[79.663,11.968]]],[[[79.641,11.823],[79.646,11.816],[79.67,11.815],[79.671,11.823],[79.66,11.826],[79.661,11.839],[79.641,11.823]]],[[[79.683,11.812],[79.682,11.813],[79.676,11.814],[79.675,11.806],[79.691,11.807],[79.688,11.812],[79.683,11.812]]]]},"properties":{"DISTRICT":"Puducherry","ST_NM":"Puducherry"}},
{"type":"Feature","geometry":{"type":"Polygon","coordinates":[[[82.206,16.747],[82.225,16.721],[82.263,16.701],[82.312,16.734],[82.23,16.729],[82.206,16.747]]]},"properties":{"DISTRICT":"Yanam","ST_NM":"Puducherry"}},
{"type":"Feature","geometry":{"type":"Polygon","coordinates":[[[73.851,20.997],[73.844,21],[73.741,21.039],[73.737,21.081],[73.629,21.132],[73.735,21.166],[73.816,21.171],[73.826,21.266],[73.886,21.261],[73.943,21.296],[73.956,21.392],[74.042,21.417],[74.052,21.454],[74.218,21.457],[74.302,21.478],[74.287,21.557],[74.202,21.528],[74.18,21.559],[74.02,21.551],[73.982,21.521],[73.971,21.46],[73.885,21.45],[73.809,21.407],[73.795,21.41],[73.7,21.395],[73.513,21.354],[73.456,21.38],[73.449,21.294],[73.295,21.193],[73.25,21.088],[73.203,21.074],[73.213,20.955],[73.291,20.929],[73.32,20.879],[73.321,20.878],[73.385,20.825],[73.391,20.825],[73.499,20.818],[73.496,20.917],[73.549,21.008],[73.632,20.977],[73.66,21.006],[73.751,21.004],[73.796,20.958],[73.89,20.932],[73.851,20.997]]]},"properties":{"DISTRICT":"Tapi","ST_NM":"Gujarat"}},
{"type":"Feature","geometry":{"type":"MultiPolygon","coordinates":[[[[93.849,7.241],[93.739,7.191],[93.691,7.191],[93.656,7.127],[93.678,7.016],[93.747,6.962],[93.774,6.866],[93.835,6.757],[93.887,6.798],[93.931,7.01],[93.887,7.087],[93.883,7.204],[93.849,7.241]]],[[[93.39,8.02],[93.311,7.962],[93.378,7.884],[93.463,7.934],[93.396,7.969],[93.39,8.02]]],[[[93.713,7.443],[93.708,7.394],[93.633,7.371],[93.629,7.269],[93.724,7.308],[93.756,7.374],[93.713,7.443]]],[[[93.525,8.232],[93.455,8.175],[93.486,8.052],[93.552,8.074],[93.513,8.139],[93.525,8.232]]],[[[92.789,9.243],[92.725,9.219],[92.733,9.123],[92.803,9.12],[92.832,9.164],[92.789,9.243]]]]},"properties":{"DISTRICT":"Nicobar","ST_NM":"Andaman & Nicobar Island"}},
{"type":"Feature","geometry":{"type":"MultiPolygon","coordinates":[[[[92.698,12.24],[92.644,12.177],[92.613,11.959],[92.563,11.947],[92.514,11.85],[92.549,11.817],[92.552,11.723],[92.591,11.671],[92.648,11.522],[92.727,11.519],[92.753,11.609],[92.755,11.718],[92.786,11.867],[92.736,12.084],[92.736,12.104],[92.758,12.177],[92.718,12.177],[92.698,12.24]]],[[[92.518,10.897],[92.382,10.763],[92.383,10.668],[92.421,10.616],[92.419,10.548],[92.499,10.511],[92.568,10.576],[92.54,10.615],[92.598,10.7],[92.558,10.863],[92.518,10.897]]],[[[92.641,11.51],[92.612,11.459],[92.598,11.348],[92.691,11.371],[92.686,11.436],[92.641,11.51]]],[[[92.984,12.042],[92.935,11.985],[93.053,11.904],[92.984,12.042]]]]},"properties":{"DISTRICT":"South Andaman","ST_NM":"Andaman & Nicobar Island"}},
{"type":"Feature","geometry":{"type":"MultiPolygon","coordinates":[[[[92.899,12.915],[92.823,12.896],[92.724,12.827],[92.736,12.64],[92.701,12.6],[92.7,12.334],[92.83,12.305],[92.899,12.417],[92.942,12.45],[92.976,12.542],[92.957,12.593],[92.969,12.74],[92.928,12.884],[92.899,12.915]]],[[[93.03,13.57],[92.917,13.536],[92.872,13.472],[92.827,13.329],[92.829,13.209],[92.788,13.017],[92.794,12.915],[92.939,12.972],[92.951,13.029],[93.006,13.032],[93.034,13.081],[93.032,13.178],[93.058,13.252],[92.976,13.35],[93.071,13.347],[93.033,13.426],[93.03,13.57]]],[[[92.829,12.302],[92.769,12.229],[92.765,12.176],[92.739,12.099],[92.763,12.065],[92.793,12.084],[92.825,12.168],[92.874,12.206],[92.872,12.301],[92.829,12.302]]],[[[92.697,12.991],[92.665,12.882],[92.72,12.874],[92.697,12.991]]]]},"properties":{"DISTRICT":"North & Middle Andaman","ST_NM":"Andaman & Nicobar Island"}},
{"type":"Feature","geometry":{"type":"MultiPolygon","coordinates":[[[[74.101,11.204],[74.09,11.298],[73.991,11.352],[73.965,11.306],[74.012,11.241],[74.101,11.204]]],[[[71.845,11.835],[71.786,12.002],[71.734,11.961],[71.782,11.835],[71.845,11.835]]]]},"properties":{"DISTRICT":"Lakshadweep","ST_NM":"Lakshadweep"}}
]}